SalesPrice,Beds,Acres,GarageCap,YearBuilt,Town,ZipCode,Style_short,FullBaths,HalfBaths
550000.0,4.0,0.15,2.0,1915.0,2904,07208,"Colonial,",1,1
195000.0,1.0,0.19,1.0,1953.0,2904,07202,"SeeRem,MultiFlr,OneFloor",1,0
198000.0,1.0,0.19,0.0,2007.0,2904,07202,"OneFloor,",1,0
226000.0,1.0,0.04,0.0,1967.0,2904,07208,"OneFloor,",1,0
200000.0,1.0,0.19,0.0,2007.0,2904,07202,"OneFloor,",1,0
240000.0,1.0,0.27,0.0,2007.0,2904,07202,"OneFloor,",1,0
260000.0,2.0,0.05,0.0,1988.0,2904,07208,"OneFloor,",1,0
251000.0,2.0,0.08,0.0,1990.0,2904,07206,"OneFloor,",1,0
268000.0,2.0,0.21,0.0,1953.0,2904,07208,"OneFloor,",1,0
270000.0,2.0,0.14,2.0,2009.0,2904,07208,"FirstFlr,OneFloor,SeeRem",1,0
285000.0,2.0,0.21,0.0,1988.0,2904,07208,"OneFloor,",1,0
337000.0,2.0,0.04,0.0,1953.0,2904,07202,"OneFloor,",2,0
280000.0,2.0,0.08,0.0,1950.0,2904,07208,"MultiFlr,FirstFlr",1,0
303500.0,2.0,0.08,0.0,1989.0,2904,07208,"OneFloor,",1,0
295000.0,2.0,0.17,0.0,1988.0,2904,07208,"OneFloor,",2,0
305000.0,3.0,0.03,0.0,1936.0,2904,07201,"TwnEndUn,MultiFlr",1,0
309850.0,2.0,0.04,0.0,1979.0,2904,07208,"MultiFlr,",2,0
345000.0,2.0,0.03,0.0,1953.0,2904,07202,"HalfDupl,",2,0
320000.0,2.0,0.06,0.0,1900.0,2904,07206,"Detached,",1,0
321000.0,2.0,0.05,0.0,1997.0,2904,07208,"OneFloor,FirstFlr",2,0
319000.0,4.0,0.05,0.0,1900.0,2904,07202,"Colonial,",2,0
330000.0,3.0,0.03,0.0,1953.0,2904,07201,"HalfDupl,",2,0
351000.0,2.0,0.04,1.0,2007.0,2904,07202,"OneFloor,",2,0
330000.0,2.0,0.29,0.0,2007.0,2904,07202,"OneFloor,",2,0
320000.0,2.0,0.07,0.0,2010.0,2904,07201,"MultiFlr,",2,0
350000.0,2.0,0.04,0.0,1953.0,2904,07202,"OneFloor,",2,0
350000.0,2.0,0.04,0.0,2005.0,2904,07202,"OneFloor,",2,0
335000.0,3.0,0.07,1.0,1925.0,2904,07201,"Colonial,FixrUppr",1,1
370000.0,2.0,0.08,0.0,1953.0,2904,07208,"SeeRem,Duplex",1,1
360000.0,3.0,0.06,0.0,1988.0,2904,07208,"SeeRem,FirstFlr,OneFloor",2,0
345000.0,2.0,0.04,0.0,2007.0,2904,07202,"OneFloor,",2,0
355000.0,2.0,0.06,0.0,1988.0,2904,07208,"OneFloor,",2,0
390000.0,2.0,0.04,1.0,1988.0,2904,07206,"TwnIntUn,MultiFlr",1,1
350000.0,2.0,0.36,0.0,2007.0,2904,07202,"OneFloor,",2,0
450000.0,2.0,0.1,1.0,1926.0,2904,07208,"CapeCod,",1,1
375000.0,2.0,0.06,1.0,1953.0,2904,07206,"Colonial,",1,2
440000.0,4.0,0.06,0.0,1910.0,2904,07201,"HalfDupl,",2,0
370000.0,2.0,0.17,0.0,1988.0,2904,07208,"FirstFlr,MultiFlr",2,0
420000.0,4.0,0.05,0.0,1900.0,2904,07206,"Duplex,",2,0
395000.0,2.0,0.04,0.0,1953.0,2904,07206,"Colonial,",1,0
397000.0,3.0,0.06,0.0,1910.0,2904,07201,"Colonial,",1,1
390000.0,3.0,0.06,0.0,1988.0,2904,07208,"MultiFlr,",2,0
380000.0,3.0,0.04,0.0,1910.0,2904,07202,"MultiFlr,",2,0
405000.0,2.0,0.06,0.0,1943.0,2904,07208,"HalfDupl,SeeRem",1,0
425000.0,4.0,0.07,0.0,1910.0,2904,07208,"Colonial,",2,0
450000.0,3.0,0.06,0.0,1909.0,2904,07202,"MultiFlr,",1,1
443000.0,4.0,0.12,0.0,1906.0,2904,07206,"Colonial,",2,1
380000.0,2.0,0.05,0.0,1950.0,2904,07202,"HalfDupl,",2,0
440000.0,3.0,0.05,1.0,1987.0,2904,07206,"Duplex,",1,1
490000.0,3.0,0.07,0.0,1959.0,2904,07202,"MultiFlr,",2,0
420000.0,2.0,0.11,1.0,1919.0,2904,07202,"Colonial,",2,0
430000.0,3.0,0.07,0.0,1880.0,2904,07202,"HalfDupl,",1,1
490000.0,3.0,0.09,0.0,1953.0,2904,07202,"Colonial,",2,1
450000.0,3.0,0.06,1.0,1988.0,2904,07206,"Duplex,",1,1
455000.0,3.0,0.06,0.0,1943.0,2904,07202,"HalfDupl,",1,1
449000.0,3.0,0.15,1.0,1953.0,2904,07202,"Colonial,",1,0
485000.0,3.0,0.09,0.0,1900.0,2904,07201,"Colonial,",1,0
440000.0,3.0,0.09,1.0,1922.0,2904,07208,"Colonial,",1,1
365000.0,4.0,0.14,2.0,1919.0,2904,07208,"Colonial,",2,0
452000.0,3.0,0.07,2.0,2021.0,2904,07201,"Custom,",2,0
505000.0,3.0,0.07,0.0,1920.0,2904,07208,"Colonial,",2,0
505000.0,3.0,0.09,1.0,1925.0,2904,07202,"CapeCod,",2,0
501000.0,4.0,0.12,1.0,1956.0,2904,07202,"CapeCod,",2,1
455000.0,4.0,0.09,0.0,1965.0,2904,07208,"Colonial,",1,2
480000.0,4.0,0.05,1.0,1953.0,2904,07202,"Detached,",2,0
420000.0,4.0,0.09,1.0,1928.0,2904,07208,"Colonial,",1,1
500000.0,3.0,0.07,0.0,1953.0,2904,07208,"Colonial,",2,0
515000.0,4.0,0.08,0.0,1954.0,2904,07202,"CapeCod,",1,1
490000.0,4.0,0.11,1.0,1951.0,2904,07202,"Colonial,",1,1
490000.0,3.0,0.09,0.0,1929.0,2904,07201,"Colonial,",2,0
550000.0,4.0,0.07,1.0,1940.0,2904,07208,"Colonial,",2,0
501000.0,4.0,0.07,0.0,1880.0,2904,07201,"Colonial,",1,1
550000.0,4.0,0.08,1.0,1953.0,2904,07201,"Colonial,",3,0
550000.0,3.0,0.17,0.0,1952.0,2904,07208,"Colonial,",1,1
535000.0,3.0,0.11,1.0,1948.0,2904,07208,"CapeCod,",1,1
440000.0,3.0,0.26,0.0,1970.0,2904,07208,"HalfDupl,",1,1
560000.0,3.0,0.11,1.0,1904.0,2904,07208,"Colonial,",2,0
545000.0,3.0,0.09,1.0,1925.0,2904,07208,"Colonial,",2,0
540000.0,4.0,0.1,1.0,1950.0,2904,07208,"CapeCod,",2,0
535000.0,4.0,0.09,0.0,1935.0,2904,07201,"Colonial,",3,0
510000.0,3.0,0.09,1.0,1927.0,2904,07208,"Colonial,",1,1
590000.0,4.0,0.11,2.0,1926.0,2904,07202,"Colonial,",2,1
510000.0,5.0,0.12,0.0,1957.0,2904,07206,"CapeCod,",2,1
530000.0,4.0,0.14,1.0,1959.0,2904,07208,"Ranch,",2,0
495000.0,6.0,0.05,0.0,1890.0,2904,07208,"Colonial,",4,0
560000.0,3.0,0.08,1.0,1920.0,2904,07208,"Colonial,",1,1
570000.0,4.0,0.13,1.0,1916.0,2904,07202,"Colonial,",4,0
550000.0,3.0,0.12,2.0,1928.0,2904,07208,"Colonial,",1,1
550000.0,4.0,0.08,2.0,1925.0,2904,07208,"Colonial,",2,1
555000.0,4.0,0.1,0.0,1919.0,2904,07208,"Colonial,",2,1
610000.0,5.0,0.12,0.0,1932.0,2904,07208,"Colonial,",4,0
552000.0,3.0,0.09,1.0,1955.0,2904,07202,"SplitLev,",2,0
555000.0,3.0,0.08,0.0,1914.0,2904,07202,"Colonial,",1,1
553500.0,2.0,0.12,1.0,1920.0,2904,07208,"Colonial,",2,1
545000.0,3.0,0.09,1.0,1925.0,2904,07208,"Colonial,",1,1
520000.0,3.0,0.07,0.0,1953.0,2904,07201,"Colonial,",3,1
640000.0,2.0,0.12,2.0,1926.0,2904,07208,"Colonial,",1,1
565000.0,5.0,0.12,2.0,1953.0,2904,07208,"Colonial,",2,0
653000.0,5.0,0.14,2.0,1921.0,2904,07201,"Victrian,Custom",4,1
560000.0,4.0,0.14,2.0,1953.0,2904,07208,"Colonial,Custom",2,0
550000.0,3.0,0.07,1.0,1920.0,2904,07202,"Colonial,",3,0
510000.0,5.0,0.12,1.0,1956.0,2904,07208,"Colonial,",2,0
576000.0,3.0,0.07,1.0,1890.0,2904,07202,"Colonial,",3,1
622000.0,3.0,0.21,1.0,1950.0,2904,07208,"CapeCod,",2,1
579000.0,3.0,0.11,0.0,1925.0,2904,07208,"Colonial,",2,0
585000.0,3.0,0.11,1.0,1949.0,2904,07208,"Colonial,",1,1
630000.0,3.0,0.12,1.0,1926.0,2904,07208,"Colonial,",2,0
570000.0,3.0,0.09,1.0,1924.0,2904,07208,"Colonial,",2,0
570000.0,5.0,0.17,0.0,1953.0,2904,07208,"Colonial,",1,1
615000.0,4.0,0.12,1.0,1956.0,2904,07202,"Ranch,RanchRas",2,0
585000.0,3.0,0.15,1.0,1941.0,2904,07202,"Colonial,",1,1
570000.0,5.0,0.11,1.0,1935.0,2904,07208,"Colonial,",3,0
660000.0,3.0,0.11,1.0,1927.0,2904,07208,"Colonial,",2,0
599000.0,4.0,0.12,1.0,1920.0,2904,07208,"Colonial,",3,0
575000.0,4.0,0.12,2.0,1919.0,2904,07208,"Colonial,",2,1
653000.0,4.0,0.09,0.0,1925.0,2904,07208,"Colonial,",2,0
600000.0,5.0,0.07,0.0,1910.0,2904,07202,"Colonial,",3,1
630000.0,3.0,0.11,1.0,1950.0,2904,07208,"CapeCod,",3,1
629000.0,4.0,0.14,2.0,1931.0,2904,07208,"Colonial,",1,2
625000.0,5.0,0.21,1.0,1920.0,2904,07208,"CapeCod,",2,1
600000.0,3.0,0.03,1.0,2016.0,2904,07206,"MultiFlr,TwnIntUn",3,2
660000.0,4.0,0.12,0.0,1930.0,2904,07208,"Tudor,Colonial",2,1
635000.0,3.0,0.12,0.0,1953.0,2904,07208,"Colonial,",1,1
621000.0,3.0,0.16,1.0,1953.0,2904,07208,"Colonial,",1,1
660000.0,4.0,0.1,2.0,1953.0,2904,07202,"Colonial,",3,0
645000.0,5.0,0.14,1.0,1953.0,2904,07208,"Colonial,",3,1
649900.0,4.0,0.1,1.0,1923.0,2904,07208,"Colonial,",1,1
625000.0,3.0,0.09,1.0,1923.0,2904,07208,"Colonial,",2,0
690000.0,4.0,0.17,1.0,1940.0,2904,07208,"Tudor,",2,0
685000.0,4.0,0.09,1.0,1921.0,2904,07208,"Colonial,",2,1
715000.0,4.0,0.14,2.0,1925.0,2904,07208,"CapeCod,Contemp",3,0
650000.0,4.0,0.12,1.0,1919.0,2904,07208,"Colonial,",3,0
750000.0,4.0,0.12,2.0,2017.0,2904,07202,"Bi-Level,",3,0
685000.0,7.0,0.12,0.0,1910.0,2904,07208,"Colonial,",3,0
705000.0,3.0,0.03,1.0,2022.0,2904,07206,"TwnEndUn,MultiFlr",3,2
730000.0,5.0,0.11,2.0,1915.0,2904,07208,"Colonial,",3,0
790000.0,6.0,0.26,1.0,1910.0,2904,07208,"Victrian,Colonial",3,2
850000.0,5.0,0.23,3.0,1920.0,2904,07208,"Colonial,",3,1
785000.0,3.0,0.15,4.0,1917.0,2904,07208,"Colonial,",2,1
850000.0,5.0,0.12,0.0,1923.0,2904,07208,"Colonial,",4,0
810000.0,4.0,0.11,0.0,1936.0,2908,07033,"Colonial,",3,1
420000.0,4.0,0.06,0.0,1930.0,2908,07033,"HalfDupl,",1,0
395000.0,2.0,0.1,0.0,1924.0,2908,07033,"Colonial,",1,0
484000.0,3.0,0.11,1.0,1948.0,2908,07033,"CapeCod,",1,0
450000.0,3.0,0.17,2.0,1954.0,2908,07033,"CapeCod,",2,0
420000.0,3.0,0.11,2.0,1945.0,2908,07033,"CapeCod,FixrUppr",2,1
435000.0,3.0,0.14,2.0,1923.0,2908,07033,"Colonial,",2,1
460000.0,4.0,0.12,0.0,1951.0,2908,07033,"CapeCod,",1,0
450000.0,3.0,0.06,0.0,1940.0,2908,07033,"Colonial,",2,0
429000.0,3.0,0.11,0.0,1948.0,2908,07033,"CapeCod,",1,0
350000.0,4.0,0.06,0.0,1922.0,2908,07033,"Colonial,",1,0
600000.0,3.0,0.11,1.0,1984.0,2908,07033,"Ranch,",2,0
480000.0,3.0,0.06,0.0,1919.0,2908,07033,"Colonial,",1,1
500000.0,3.0,0.08,2.0,1953.0,2908,07033,"Colonial,",2,0
515000.0,3.0,0.11,1.0,1940.0,2908,07033,"CapeCod,",1,0
485000.0,3.0,0.11,0.0,1950.0,2908,07033,"CapeCod,",1,0
451000.0,3.0,0.13,1.0,1968.0,2908,07033,"Ranch,",1,0
500000.0,3.0,0.11,1.0,1950.0,2908,07033,"CapeCod,",1,1
500000.0,4.0,0.17,1.0,1959.0,2908,07033,"CapeCod,Detached",2,0
550000.0,3.0,0.11,1.0,1951.0,2908,07033,"Ranch,",1,0
520000.0,3.0,0.11,1.0,1953.0,2908,07033,"CapeCod,",1,1
550000.0,3.0,0.14,1.0,1953.0,2908,07033,"SplitLev,",1,1
585000.0,4.0,0.11,1.0,1952.0,2908,07033,"SplitLev,",2,0
602000.0,4.0,0.11,1.0,1963.0,2908,07033,"Bi-Level,",1,1
540000.0,3.0,0.14,1.0,1953.0,2908,07033,"SplitLev,",1,1
600000.0,3.0,0.17,1.0,1953.0,2908,07033,"Ranch,",1,1
575000.0,3.0,0.11,1.0,1950.0,2908,07033,"CapeCod,",2,0
600000.0,3.0,0.11,1.0,1950.0,2908,07033,"CapeCod,",2,1
600000.0,3.0,0.11,1.0,1941.0,2908,07033,"CapeCod,",2,1
592850.0,3.0,0.14,0.0,1950.0,2908,07033,"SplitLev,",1,1
590000.0,3.0,0.18,1.0,1949.0,2908,07033,"SplitLev,",1,1
590000.0,3.0,0.11,1.0,1953.0,2908,07033,"Colonial,",2,0
660000.0,3.0,0.16,1.0,1954.0,2908,07033,"SplitLev,",2,0
675000.0,3.0,0.11,0.0,1952.0,2908,07033,"SplitLev,",2,0
665000.0,3.0,0.12,1.0,1948.0,2908,07033,"MultiFlr,Ranch",2,0
675000.0,3.0,0.3,1.0,1941.0,2908,07033,"CapeCod,",2,0
600000.0,4.0,0.11,1.0,1950.0,2908,07033,"CapeCod,",2,0
685000.0,3.0,0.11,2.0,1969.0,2908,07033,"Ranch,",2,0
650000.0,4.0,0.24,1.0,1954.0,2908,07033,"SplitLev,",2,0
655000.0,3.0,0.21,1.0,1956.0,2908,07033,"SplitLev,",2,0
680000.0,4.0,0.11,0.0,1948.0,2908,07033,"Colonial,",4,0
649000.0,3.0,0.11,0.0,1954.0,2908,07033,"Custom,CapeCod",3,0
680000.0,4.0,0.15,0.0,1960.0,2908,07033,"CapeCod,",3,0
710000.0,4.0,0.29,2.0,1957.0,2908,07033,"SplitLev,",2,1
685000.0,4.0,0.11,1.0,1958.0,2908,07033,"CapeCod,",3,0
675000.0,5.0,0.11,1.0,1963.0,2908,07033,"Bi-Level,",2,0
655000.0,5.0,0.11,0.0,1970.0,2908,07033,"Colonial,",3,0
775000.0,4.0,0.16,2.0,2004.0,2908,07033,"Colonial,",2,1
800000.0,3.0,0.12,1.0,1940.0,2908,07033,"Colonial,",2,2
850000.0,5.0,0.3,0.0,1954.0,2908,07033,"Colonial,",2,2
855000.0,4.0,0.11,2.0,2018.0,2908,07033,"Colonial,",2,1
855000.0,4.0,0.12,2.0,2019.0,2908,07033,"Colonial,",2,2
950000.0,4.0,0.14,2.0,2014.0,2908,07033,"Colonial,",2,1
907000.0,4.0,0.11,1.0,2016.0,2908,07033,"Colonial,Detached",3,1
999900.0,4.0,0.14,1.0,2012.0,2908,07033,"Colonial,",4,0
1080000.0,5.0,0.14,1.0,1948.0,2908,07033,"Colonial,Custom",4,2
295000.0,2.0,0.13,0.0,1951.0,2912,07062,"Ranch,",1,0
310000.0,2.0,0.14,0.0,1926.0,2912,07062,"Colonial,",1,1
350000.0,2.0,0.18,1.0,1956.0,2912,07062,"Ranch,",1,0
340000.0,3.0,0.18,0.0,1921.0,2912,07063,"Colonial,",1,0
325000.0,2.0,0.14,0.0,1921.0,2912,07063,"Colonial,",1,0
340000.0,3.0,0.16,0.0,1921.0,2912,07062,"Colonial,",1,0
390000.0,2.0,0.13,2.0,1936.0,2912,07062,"Colonial,",1,1
380000.0,3.0,0.1,0.0,1961.0,2912,07063,"Ranch,",1,0
370000.0,3.0,0.19,1.0,1926.0,2912,07063,"Colonial,",1,0
350000.0,3.0,0.15,0.0,1926.0,2912,07063,"CapeCod,",2,0
350000.0,4.0,0.37,0.0,1951.0,2912,07062,"CapeCod,",1,0
370000.0,3.0,0.14,1.0,1957.0,2912,07063,"CapeCod,",1,0
365000.0,3.0,0.2,1.0,1953.0,2912,07062,"Colonial,",1,0
405000.0,3.0,0.07,0.0,1931.0,2912,07063,"Colonial,",2,0
325000.0,3.0,0.07,1.0,1926.0,2912,07063,"Colonial,",1,0
360000.0,3.0,0.14,0.0,1926.0,2912,07063,"Contemp,",1,0
370000.0,3.0,0.14,0.0,1969.0,2912,07063,"Ranch,",1,1
380000.0,2.0,0.08,0.0,1961.0,2912,07062,"HalfDupl,",1,1
390000.0,3.0,0.19,0.0,1951.0,2912,07062,"Contemp,",1,1
380000.0,5.0,0.17,1.0,1931.0,2912,07060,"Colonial,",2,1
410000.0,4.0,0.12,0.0,1920.0,2912,07060,"Colonial,",2,0
430000.0,3.0,0.1,2.0,1921.0,2912,07063,"Colonial,",1,1
400000.0,3.0,0.16,0.0,1931.0,2912,07062,"Colonial,SeeRem",2,0
410000.0,3.0,0.08,0.0,1961.0,2912,07062,"HalfDupl,MultiFlr",1,1
460000.0,3.0,0.24,1.0,1951.0,2912,07062,"Ranch,",1,0
400000.0,3.0,0.14,0.0,1968.0,2912,07062,"Ranch,",1,0
390000.0,3.0,0.11,0.0,1915.0,2912,07063,"Victrian,",1,0
410000.0,3.0,0.07,0.0,1921.0,2912,07063,"Colonial,",1,1
422000.0,3.0,0.16,1.0,1951.0,2912,07062,"CapeCod,",1,1
461000.0,3.0,0.29,2.0,1921.0,2912,07063,"Colonial,Detached",1,1
420000.0,3.0,0.13,1.0,1956.0,2912,07060,"CapeCod,",1,0
420000.0,3.0,0.11,1.0,1951.0,2912,07062,"Ranch,",1,0
430000.0,3.0,0.11,1.0,1931.0,2912,07060,"Colonial,",1,1
450000.0,3.0,0.15,0.0,1931.0,2912,07063,"Colonial,",2,0
410000.0,2.0,0.07,0.0,1921.0,2912,07060,"TwnIntUn,MultiFlr",1,1
414000.0,3.0,0.08,0.0,1951.0,2912,08812,"Colonial,",1,1
475000.0,3.0,0.19,0.0,1951.0,2912,07062,"CapeCod,",1,1
400000.0,3.0,0.09,1.0,1931.0,2912,07062,"Colonial,",1,1
430000.0,2.0,0.23,1.0,1951.0,2912,07060,"CapeCod,",1,1
421000.0,4.0,0.17,2.0,1921.0,2912,07062,"Colonial,",3,0
465000.0,4.0,0.09,1.0,1911.0,2912,07060,"Colonial,",2,0
500000.0,3.0,0.14,0.0,1921.0,2912,07063,"Colonial,",2,0
450000.0,3.0,0.17,1.0,1954.0,2912,07060,"SplitLev,",1,0
450000.0,3.0,0.17,0.0,1926.0,2912,07063,"CapeCod,",1,0
440000.0,3.0,0.12,1.0,2002.0,2912,07060,"Colonial,",2,0
485000.0,4.0,0.09,0.0,1953.0,2912,07060,"Colonial,",1,1
475000.0,4.0,0.15,0.0,1961.0,2912,07062,"CapeCod,Colonial",1,0
455000.0,3.0,0.17,0.0,1921.0,2912,07062,"AFrame,Colonial",2,0
449000.0,4.0,0.13,0.0,1980.0,2912,07062,"Colonial,",3,0
475100.0,2.0,0.13,0.0,1951.0,2912,07062,"Ranch,",2,0
485000.0,4.0,0.17,0.0,1966.0,2912,07062,"CapeCod,",2,0
455000.0,3.0,0.22,1.0,1965.0,2912,07060,"Ranch,",2,1
450000.0,3.0,0.07,1.0,1921.0,2912,07060,"Colonial,",2,0
470000.0,3.0,0.14,1.0,1951.0,2912,07060,"CapeCod,",1,0
500000.0,3.0,0.29,1.0,1951.0,2912,07062,"CapeCod,",1,1
510000.0,3.0,0.12,0.0,1921.0,2912,07063,"Colonial,",1,1
450000.0,3.0,0.11,0.0,1926.0,2912,07062,"Colonial,",2,0
459000.0,3.0,0.15,1.0,1951.0,2912,07060,"CapeCod,",2,0
460000.0,3.0,0.23,1.0,1975.0,2912,07060,"Ranch,Detached",1,0
470000.0,3.0,0.22,1.0,1953.0,2912,07062,"Ranch,",2,0
492000.0,4.0,0.16,1.0,1910.0,2912,07063,"Colonial,",3,0
518000.0,3.0,0.19,0.0,1951.0,2912,07062,"Contemp,",2,1
460000.0,3.0,0.18,0.0,1951.0,2912,07060,"CapeCod,",2,0
449900.0,2.0,0.2,1.0,1941.0,2912,07060,"Colonial,",1,1
470000.0,3.0,0.26,0.0,1970.0,2912,07062,"Ranch,",2,0
470000.0,3.0,0.13,0.0,1931.0,2912,07062,"Colonial,",1,1
530000.0,5.0,0.21,2.0,1926.0,2912,07060,"Victrian,",2,0
490000.0,3.0,0.16,0.0,1921.0,2912,07060,"Colonial,",2,1
495000.0,4.0,0.13,1.0,1951.0,2912,07062,"CapeCod,",2,1
514000.0,4.0,0.14,1.0,1962.0,2912,07062,"Bi-Level,",2,0
500000.0,4.0,0.11,1.0,1940.0,2912,07060,"CapeCod,",2,0
485000.0,3.0,0.12,0.0,1958.0,2912,07062,"CapeCod,",2,1
420000.0,3.0,0.11,0.0,1921.0,2912,07060,"Colonial,",1,1
495000.0,3.0,0.17,2.0,1941.0,2912,07063,"Colonial,",1,1
500000.0,4.0,0.17,1.0,1956.0,2912,07060,"Ranch,",2,0
485000.0,3.0,0.22,2.0,1921.0,2912,07060,"Colonial,",1,1
485000.0,3.0,0.17,0.0,1953.0,2912,07062,"Ranch,",1,0
540000.0,3.0,0.25,2.0,1951.0,2912,07062,"Ranch,",2,0
520000.0,4.0,0.17,2.0,1931.0,2912,07062,"Colonial,",2,0
500000.0,3.0,0.3,0.0,1961.0,2912,07062,"Ranch,",2,0
530000.0,3.0,0.17,1.0,1957.0,2912,07060,"SplitLev,",1,1
500000.0,4.0,0.1,0.0,1907.0,2912,07063,"Colonial,",2,1
510000.0,4.0,0.17,0.0,1960.0,2912,07062,"CapeCod,",2,0
525000.0,5.0,0.07,0.0,1921.0,2912,07063,"Colonial,",2,0
425000.0,5.0,0.14,2.0,1921.0,2912,07060,"Colonial,",2,0
495000.0,4.0,0.16,1.0,2018.0,2912,07062,"Colonial,",1,1
480000.0,3.0,0.27,1.0,1932.0,2912,07060,"Tudor,",1,0
518000.0,4.0,0.15,3.0,1921.0,2912,07060,"Colonial,",3,0
490000.0,4.0,0.25,1.0,1976.0,2912,07060,"SplitLev,",1,1
525000.0,3.0,0.17,1.0,1953.0,2912,07060,"SplitLev,",1,1
475000.0,3.0,0.33,1.0,1925.0,2912,07062,"Colonial,",1,0
553000.0,3.0,0.2,1.0,1941.0,2912,07063,"Colonial,Tudor",1,1
535000.0,4.0,0.21,1.0,1939.0,2912,07060,"RanchRas,Custom",3,1
475000.0,3.0,0.11,1.0,1983.0,2912,07062,"SplitLev,",1,1
522000.0,4.0,0.12,1.0,1921.0,2912,07063,"Colonial,",1,1
482000.0,3.0,0.12,1.0,1953.0,2912,07062,"Colonial,",1,0
510000.0,4.0,0.17,1.0,1951.0,2912,07062,"Colonial,",2,0
500000.0,4.0,0.15,1.0,1953.0,2912,07063,"CapeCod,",1,0
550000.0,4.0,0.4,2.0,1953.0,2912,07062,"Ranch,",2,0
510000.0,3.0,0.17,1.0,1951.0,2912,07063,"CapeCod,",2,1
555000.0,3.0,0.21,1.0,1936.0,2912,07060,"Colonial,",2,1
545000.0,3.0,0.18,1.0,1921.0,2912,07060,"Colonial,",2,1
555000.0,4.0,0.17,1.0,1946.0,2912,07060,"Colonial,",2,0
545000.0,4.0,0.21,2.0,1931.0,2912,07060,"Colonial,",2,1
539000.0,3.0,0.17,2.0,1953.0,2912,07060,"SplitLev,",2,0
485000.0,4.0,0.35,2.0,1926.0,2912,07060,"Colonial,",3,0
549000.0,4.0,0.13,1.0,1924.0,2912,07060,"Colonial,",2,1
550000.0,4.0,0.21,2.0,1936.0,2912,07060,"Colonial,Tudor",2,1
590000.0,5.0,0.09,0.0,1921.0,2912,07060,"Colonial,",3,1
573000.0,4.0,0.14,0.0,1931.0,2912,07062,"Colonial,",2,0
551000.0,3.0,0.19,2.0,1925.0,2912,07063,"Colonial,",1,2
550000.0,5.0,0.17,3.0,1921.0,2912,07063,"Colonial,",2,0
605000.0,4.0,0.2,1.0,1931.0,2912,07062,"Colonial,",3,0
540000.0,3.0,0.23,2.0,1926.0,2912,07060,"Colonial,",1,1
560000.0,3.0,0.18,0.0,1930.0,2912,07060,"Colonial,",2,0
570000.0,4.0,0.22,0.0,1901.0,2912,07060,"Colonial,",2,1
585000.0,3.0,0.25,1.0,1911.0,2912,07060,"Custom,Detached",2,1
575000.0,4.0,0.09,2.0,1953.0,2912,07062,"Colonial,",3,0
575000.0,4.0,0.19,2.0,1925.0,2912,07060,"Colonial,",2,1
585000.0,4.0,0.2,2.0,1961.0,2912,07060,"SplitLev,",2,1
575000.0,4.0,0.28,2.0,1931.0,2912,07060,"Tudor,",2,1
610000.0,2.0,0.26,1.0,1951.0,2912,07060,"Ranch,",2,0
645000.0,4.0,0.24,1.0,1926.0,2912,07060,"Colonial,",2,1
620000.0,5.0,0.18,1.0,1951.0,2912,07062,"CapeCod,SeeRem",2,0
580000.0,6.0,0.11,1.0,1940.0,2912,07062,"Colonial,",3,0
585000.0,4.0,0.18,1.0,1931.0,2912,07063,"Colonial,",3,1
635000.0,4.0,0.17,1.0,1941.0,2912,07063,"Colonial,",3,0
608000.0,4.0,0.2,2.0,1961.0,2912,07060,"SplitLev,",2,1
601000.0,3.0,0.22,1.0,1931.0,2912,07060,"Tudor,",2,1
635000.0,4.0,0.2,1.0,1931.0,2912,07062,"Colonial,Custom",2,1
640000.0,4.0,0.18,0.0,1951.0,2912,07062,"CapeCod,",2,0
620000.0,5.0,0.14,1.0,1953.0,2912,07060,"SplitLev,",3,0
605000.0,4.0,0.17,1.0,1926.0,2912,07062,"Colonial,",1,1
655000.0,5.0,0.17,2.0,1921.0,2912,07060,"Colonial,",3,1
625000.0,2.0,0.28,1.0,1959.0,2912,07060,"Ranch,",3,1
635000.0,5.0,0.69,2.0,1936.0,2912,07060,"Colonial,Develpmt,MultiFlr",3,0
670000.0,4.0,0.17,2.0,1941.0,2912,07062,"Colonial,",4,0
600000.0,6.0,0.1,0.0,1951.0,2912,07063,"Colonial,",2,1
665000.0,5.0,0.23,2.0,1921.0,2912,07060,"Colonial,",2,2
628000.0,3.0,0.26,2.0,1926.0,2912,07060,"Colonial,",2,1
665000.0,4.0,0.3,2.0,1941.0,2912,07060,"Colonial,",3,1
675000.0,5.0,0.41,2.0,1932.0,2912,07060,"Colonial,",3,1
669000.0,4.0,0.34,2.0,1936.0,2912,07060,"Colonial,",2,1
680000.0,4.0,0.33,2.0,1968.0,2912,07060,"Colonial,",2,1
699000.0,5.0,0.8,2.0,1928.0,2912,07060,"Tudor,",3,0
720000.0,3.0,0.38,2.0,1931.0,2912,07060,"Tudor,",2,1
735000.0,5.0,0.39,4.0,1931.0,2912,07060,"Colonial,",1,2
765000.0,4.0,0.29,2.0,1936.0,2912,07060,"Colonial,",3,1
730000.0,5.0,0.18,1.0,1916.0,2912,07060,"Colonial,",3,1
765000.0,4.0,0.25,2.0,1926.0,2912,07060,"Colonial,",2,2
850000.0,4.0,0.3,2.0,1967.0,2912,07060,"Colonial,",2,2
770000.0,6.0,0.35,2.0,1926.0,2912,07060,"Colonial,",3,1
840000.0,4.0,0.38,2.0,1931.0,2912,07060,"Colonial,",4,0
830000.0,4.0,0.51,2.0,1936.0,2912,07060,"Colonial,",3,1
1050000.0,5.0,0.71,2.0,1944.0,2912,07060,"Colonial,",3,2
375000.0,1.0,0.1,0.0,1945.0,2916,07076,"Custom,",1,0
450000.0,3.0,0.14,1.0,1950.0,2916,07076,"CapeCod,",1,1
430000.0,4.0,0.14,1.0,1945.0,2916,07076,"CapeCod,FixrUppr",1,0
440000.0,2.0,0.11,1.0,1952.0,2916,07076,"CapeCod,",1,0
500000.0,4.0,0.2,1.0,1950.0,2916,07076,"CapeCod,FixrUppr,SeeRem",2,0
470000.0,2.0,0.09,0.0,1984.0,2916,07076,"MultiFlr,TwnIntUn",1,1
472000.0,3.0,0.22,1.0,1950.0,2916,07076,"CapeCod,",1,0
527000.0,3.0,0.16,1.0,1985.0,2916,07076,"MultiFlr,TwnIntUn",2,1
515000.0,3.0,0.15,1.0,1930.0,2916,07076,"Colonial,",1,1
465000.0,3.0,0.15,1.0,1950.0,2916,07076,"CapeCod,",1,0
530000.0,4.0,0.12,1.0,1963.0,2916,07076,"CapeCod,Detached",1,1
500000.0,2.0,0.1,1.0,1985.0,2916,07076,"MultiFlr,",1,1
510000.0,2.0,0.16,1.0,1981.0,2916,07076,"TwnIntUn,MultiFlr",2,1
570000.0,2.0,0.35,1.0,1946.0,2916,07076,"Ranch,",1,1
570511.0,2.0,0.16,1.0,1987.0,2916,07076,"TwnEndUn,MultiFlr",2,1
510000.0,3.0,0.16,1.0,1987.0,2916,07076,"TwnIntUn,MultiFlr",2,1
520000.0,4.0,0.11,1.0,1959.0,2916,07076,"CapeCod,",1,1
645000.0,3.0,0.15,2.0,1930.0,2916,07076,"Colonial,Tudor",2,1
575000.0,2.0,0.16,1.0,1985.0,2916,07076,"TwnIntUn,MultiFlr",2,1
560000.0,3.0,0.16,1.0,1952.0,2916,07076,"CapeCod,",1,0
560000.0,3.0,0.16,1.0,1981.0,2916,07076,"TwnIntUn,MultiFlr",2,1
655000.0,3.0,0.18,0.0,1953.0,2916,07076,"Ranch,",2,0
530000.0,4.0,0.14,1.0,1953.0,2916,07076,"CapeCod,",2,0
590000.0,3.0,0.14,1.0,1940.0,2916,07076,"SplitLev,",1,0
550000.0,4.0,0.14,1.0,1977.0,2916,07076,"RanchRas,",3,0
575000.0,3.0,0.16,1.0,1987.0,2916,07076,"MultiFlr,TwnIntUn",2,1
568000.0,3.0,0.11,1.0,1940.0,2916,07076,"Colonial,",1,1
555000.0,2.0,0.16,1.0,1985.0,2916,07076,"TwnIntUn,MultiFlr",2,1
580000.0,4.0,0.12,1.0,1952.0,2916,07076,"CapeCod,",2,0
650000.0,3.0,0.16,1.0,1968.0,2916,07076,"Bi-Level,",3,0
715000.0,3.0,0.11,1.0,1950.0,2916,07076,"Colonial,",2,0
575000.0,2.0,0.16,1.0,1985.0,2916,07076,"TwnIntUn,MultiFlr",2,1
550900.0,3.0,0.14,2.0,1910.0,2916,07076,"Colonial,",2,0
630000.0,4.0,0.17,2.0,1946.0,2916,07062,"CapeCod,",2,0
665000.0,4.0,0.15,1.0,1950.0,2916,07076,"CapeCod,",2,0
604500.0,4.0,0.14,1.0,1950.0,2916,07076,"CapeCod,",1,0
565000.0,3.0,0.12,1.0,1959.0,2916,07076,"SplitLev,",1,1
605000.0,3.0,0.17,2.0,1910.0,2916,07076,"Bungalow,",2,0
676500.0,3.0,0.11,1.0,1948.0,2916,07076,"CapeCod,",2,0
620000.0,2.0,0.16,1.0,1985.0,2916,07076,"TwnIntUn,MultiFlr",2,1
610000.0,3.0,0.46,1.0,1950.0,2916,07076,"Ranch,",2,0
599900.0,3.0,0.11,1.0,1954.0,2916,07076,"CapeCod,",1,2
720000.0,3.0,0.14,1.0,1952.0,2916,07076,"CapeCod,",2,0
675000.0,4.0,0.2,1.0,1947.0,2916,07076,"CapeCod,",1,2
660000.0,3.0,0.17,1.0,1959.0,2916,07076,"Ranch,",1,1
640000.0,3.0,0.11,1.0,1941.0,2916,07076,"Colonial,",1,1
640000.0,3.0,0.11,1.0,1958.0,2916,07076,"SplitLev,",1,1
662500.0,3.0,0.11,1.0,1950.0,2916,07076,"CapeCod,",2,0
619000.0,3.0,0.19,1.0,1945.0,2916,07076,"CapeCod,",2,0
619900.0,2.0,0.13,1.0,1962.0,2916,07076,"Ranch,",3,0
630000.0,4.0,0.14,0.0,1947.0,2916,07076,"CapeCod,",1,1
740000.0,3.0,0.22,1.0,1956.0,2916,07076,"Ranch,",1,0
629900.0,4.0,0.17,1.0,1950.0,2916,07076,"CapeCod,",2,0
750000.0,3.0,0.17,1.0,1956.0,2916,07076,"SplitLev,Custom",1,1
625000.0,4.0,0.17,2.0,1923.0,2916,07076,"Colonial,",2,0
848000.0,4.0,0.23,1.0,1950.0,2916,07076,"CapeCod,",2,0
650000.0,4.0,0.11,1.0,1930.0,2916,07076,"Colonial,",2,1
670000.0,4.0,0.22,2.0,1930.0,2916,07076,"Detached,Colonial",2,0
715000.0,3.0,0.14,1.0,1950.0,2916,07076,"CapeCod,Colonial",2,1
670000.0,4.0,0.11,1.0,1967.0,2916,07076,"Colonial,",2,1
730000.0,4.0,0.15,1.0,1950.0,2916,07076,"Colonial,",2,0
730000.0,4.0,0.16,2.0,1967.0,2916,07076,"Bi-Level,",2,0
680000.0,3.0,0.18,1.0,1955.0,2916,07076,"SplitLev,",1,1
640000.0,4.0,0.17,2.0,1950.0,2916,07076,"CapeCod,",3,0
685000.0,3.0,0.41,1.0,1959.0,2916,07076,"SplitLev,",2,0
675000.0,3.0,0.27,1.0,1962.0,2916,07076,"CapeCod,",2,1
750000.0,3.0,0.11,1.0,1955.0,2916,07076,"SplitLev,",1,1
675000.0,4.0,0.33,2.0,1956.0,2916,07076,"SplitLev,",2,1
840000.0,4.0,0.26,2.0,1955.0,2916,07076,"CapeCod,",2,0
735000.0,4.0,0.15,1.0,1940.0,2916,07076,"Custom,CapeCod",2,0
856000.0,4.0,0.34,1.0,1925.0,2916,07076,"Colonial,",2,1
832000.0,3.0,0.28,1.0,1945.0,2916,07076,"CapeCod,",2,0
690000.0,5.0,0.22,1.0,1950.0,2916,07076,"Colonial,",1,1
803000.0,3.0,0.32,1.0,1954.0,2916,07076,"SplitLev,",2,0
850000.0,4.0,0.31,1.0,1958.0,2916,07076,"Colonial,",1,1
777500.0,4.0,0.36,1.0,1940.0,2916,07076,"CapeCod,",3,1
825000.0,3.0,1.15,1.0,1944.0,2916,07076,"Ranch,",2,0
800000.0,4.0,0.14,1.0,1950.0,2916,07076,"Colonial,",4,0
760000.0,3.0,0.31,2.0,1967.0,2916,07076,"Ranch,",2,0
782501.0,5.0,0.11,1.0,1954.0,2916,07076,"SplitLev,",2,0
736000.0,4.0,0.11,1.0,1962.0,2916,07076,"SplitLev,",2,0
727000.0,5.0,0.91,2.0,1970.0,2916,07076,"RanchExp,",3,1
755000.0,4.0,0.14,1.0,1964.0,2916,07076,"SplitLev,",2,1
725000.0,5.0,0.11,0.0,1955.0,2916,07076,"SplitLev,",3,0
702000.0,3.0,0.12,1.0,1970.0,2916,07076,"Contemp,Colonial",3,0
779000.0,3.0,0.14,1.0,1964.0,2916,07076,"Ranch,",1,2
785000.0,5.0,1.14,2.0,1963.0,2916,07076,"SplitLev,",2,1
865000.0,3.0,0.15,1.0,1960.0,2916,07076,"SplitLev,",2,1
875000.0,3.0,0.35,1.0,1958.0,2916,07076,"SplitLev,",2,0
875000.0,4.0,0.32,2.0,1969.0,2916,07076,"SplitLev,",2,1
815000.0,3.0,0.21,1.0,1955.0,2916,07076,"SplitLev,",2,0
830000.0,4.0,0.14,0.0,1925.0,2916,07076,"Colonial,Detached",3,0
830000.0,4.0,0.27,1.0,1948.0,2916,07076,"CapeCod,",2,1
820000.0,4.0,0.52,2.0,1955.0,2916,07092,"RanchExp,",3,1
810000.0,4.0,0.14,1.0,1920.0,2916,07076,"Colonial,",3,0
1055000.0,4.0,0.46,2.0,1952.0,2916,07076,"Ranch,",2,1
900000.0,3.0,0.14,1.0,1964.0,2916,07076,"Ranch,",2,1
800000.0,4.0,0.32,2.0,1965.0,2916,07076,"SplitLev,",2,1
853000.0,3.0,0.15,1.0,1960.0,2916,07076,"Custom,",3,0
880000.0,4.0,0.32,2.0,1964.0,2916,07076,"SplitLev,",3,1
870120.0,6.0,0.18,2.0,1969.0,2916,07076,"Colonial,",2,1
887000.0,4.0,0.34,2.0,1956.0,2916,07076,"SplitLev,",2,1
806590.0,3.0,0.15,1.0,1942.0,2916,07076,"Colonial,",2,0
1030000.0,3.0,0.92,2.0,1952.0,2916,07076,"Ranch,",2,1
850000.0,4.0,0.14,1.0,1969.0,2916,07076,"Colonial,",2,1
980000.0,4.0,0.19,2.0,1993.0,2916,07076,"Colonial,Develpmt",3,1
850000.0,4.0,0.13,1.0,1955.0,2916,07076,"Colonial,",3,0
950888.0,4.0,0.25,2.0,1966.0,2916,07076,"Colonial,",2,1
840000.0,4.0,0.11,1.0,1933.0,2916,07076,"Colonial,",3,1
905000.0,4.0,0.11,1.0,1920.0,2916,07076,"Colonial,",2,1
937000.0,3.0,0.14,1.0,2006.0,2916,07076,"Colonial,",2,1
999999.0,5.0,0.14,1.0,1948.0,2916,07076,"Colonial,",2,1
1131300.0,4.0,0.89,2.0,1955.0,2916,07076,"Ranch,SeeRem",2,1
795000.0,3.0,0.48,2.0,1973.0,2916,07076,"Bi-Level,",2,1
999999.0,3.0,0.18,2.0,1984.0,2916,07076,"Colonial,",2,1
1043000.0,3.0,0.46,1.0,1940.0,2916,07076,"Colonial,",2,0
1051000.0,5.0,0.18,2.0,2000.0,2916,07076,"Colonial,",2,1
950000.0,4.0,1.07,2.0,1981.0,2916,07076,"Custom,",3,1
851000.0,3.0,0.21,2.0,1986.0,2916,07076,"Colonial,",3,1
960000.0,4.0,0.95,2.0,1979.0,2916,07076,"Colonial,",4,1
930000.0,4.0,0.62,2.0,1965.0,2916,07076,"Custom,SplitLev",2,2
910000.0,4.0,1.7,2.0,1962.0,2916,07076,"Colonial,",2,1
995000.0,4.0,0.11,1.0,1960.0,2916,07076,"Colonial,",3,0
980000.0,3.0,0.36,2.0,1952.0,2916,07076,"Ranch,",2,1
980000.0,4.0,0.29,1.0,1940.0,2916,07076,"CapeCod,",2,0
1088000.0,4.0,0.18,1.0,1996.0,2916,07076,"Colonial,",2,1
1085000.0,4.0,0.2,1.0,2004.0,2916,07076,"Colonial,",2,1
870000.0,4.0,0.15,1.0,1935.0,2916,07076,"Colonial,",2,1
999999.0,4.0,0.12,1.0,2003.0,2916,07076,"Colonial,",3,1
1117800.0,4.0,1.16,2.0,1969.0,2916,07076,"Ranch,",2,1
999900.0,3.0,0.92,2.0,1967.0,2916,07076,"Ranch,",2,1
1199250.0,4.0,0.34,2.0,1955.0,2916,07076,"CapeCod,",3,2
1000000.0,4.0,0.63,2.0,1962.0,2916,07076,"Ranch,",2,0
999000.0,4.0,0.97,2.0,1964.0,2916,07076,"Colonial,",2,1
1176000.0,4.0,0.31,2.0,1997.0,2916,07076,"Colonial,",3,1
990000.0,3.0,0.49,2.0,1955.0,2916,07076,"SplitLev,Colonial",2,1
1150000.0,4.0,0.34,2.0,1960.0,2916,07076,"SplitLev,",2,1
1035000.0,5.0,0.1,1.0,2025.0,2916,07076,"Colonial,",3,1
1161000.0,4.0,0.53,2.0,1955.0,2916,07076,"SplitLev,Custom",3,0
1050000.0,3.0,0.33,2.0,1983.0,2916,07076,"Contemp,",3,1
1150000.0,5.0,0.47,1.0,1957.0,2916,07076,"SplitLev,",3,1
1175000.0,4.0,0.2,2.0,1997.0,2916,07076,"Colonial,",2,1
1150000.0,4.0,0.49,1.0,2016.0,2916,07076,"Colonial,",2,1
1100000.0,4.0,0.26,2.0,1953.0,2916,07076,"Colonial,",3,0
1200000.0,4.0,0.92,2.0,1962.0,2916,07076,"SplitLev,",2,1
1197601.0,5.0,0.75,2.0,1981.0,2916,07076,"Colonial,Custom",3,0
1150000.0,5.0,0.14,2.0,2025.0,2916,07076,"Colonial,",3,1
1175000.0,4.0,0.43,1.0,1962.0,2916,07076,"SplitLev,SeeRem",2,1
1075000.0,4.0,0.32,2.0,1977.0,2916,07076,"Custom,",3,1
1200000.0,4.0,1.25,2.0,1988.0,2916,07076,"RanchExp,Ranch",3,1
437200.0,2.0,0.07,0.0,1952.0,2920,07090,"HalfDupl,",1,0
450000.0,1.0,0.54,1.0,1970.0,2920,07090,"MultiFlr,",1,0
485000.0,2.0,0.08,0.0,1952.0,2920,07090,"HalfDupl,",2,0
435000.0,2.0,0.07,0.0,1952.0,2920,07090,"HalfDupl,",1,0
445000.0,2.0,0.08,0.0,1953.0,2920,07090,"HalfDupl,",1,0
610000.0,2.0,0.2,0.0,1920.0,2920,07090,"AFrame,Colonial",1,1
475000.0,3.0,0.12,0.0,1900.0,2920,07090,"Bi-Level,",2,0
590000.0,4.0,0.13,2.0,1925.0,2920,07090,"Colonial,",1,1
575000.0,4.0,0.15,1.0,1953.0,2920,07090,"CapeCod,",1,0
548000.0,2.0,1.79,1.0,1980.0,2920,07090,"OneFloor,",2,0
593000.0,2.0,0.65,1.0,1949.0,2920,07090,"MultiFlr,TwnEndUn",1,1
593000.0,3.0,0.21,1.0,1952.0,2920,07090,"CapeCod,",1,0
640000.0,2.0,0.65,1.0,1949.0,2920,07090,"TwnIntUn,MultiFlr",1,1
720000.0,3.0,0.13,0.0,1957.0,2920,07090,"Colonial,",2,1
750000.0,4.0,0.13,1.0,1941.0,2920,07090,"CapeCod,",2,0
675000.0,3.0,0.2,1.0,1954.0,2920,07090,"SplitLev,",1,1
650000.0,3.0,0.13,1.0,1949.0,2920,07090,"CapeCod,",1,1
660000.0,3.0,0.12,2.0,1930.0,2920,07090,"Colonial,",2,0
725000.0,4.0,0.15,0.0,1949.0,2920,07090,"CapeCod,",1,1
755000.0,3.0,0.15,1.0,1920.0,2920,07090,"Colonial,",1,1
740000.0,3.0,0.14,2.0,1920.0,2920,07090,"Colonial,",1,1
830000.0,3.0,0.23,1.0,1918.0,2920,07090,"Colonial,",1,1
820000.0,3.0,0.12,1.0,1963.0,2920,07090,"Colonial,",1,1
650000.0,3.0,0.21,1.0,1952.0,2920,07090,"CapeCod,",1,1
700000.0,2.0,0.29,1.0,2024.0,2920,07090,"TwnEndUn,Duplex,MultiFlr",3,1
750000.0,3.0,0.16,1.0,1935.0,2920,07090,"CapeCod,",1,0
610000.0,3.0,0.18,0.0,1925.0,2920,07090,"MultiFlr,",2,0
862000.0,2.0,0.18,1.0,1940.0,2920,07090,"CapeCod,",1,0
770000.0,2.0,0.13,0.0,1925.0,2920,07090,"Colonial,",1,1
840000.0,3.0,0.17,2.0,1921.0,2920,07090,"Colonial,",1,1
700000.0,3.0,0.14,1.0,1959.0,2920,07090,"Colonial,",1,1
828510.0,3.0,0.17,1.0,1928.0,2920,07090,"Colonial,",1,1
659000.0,4.0,0.18,2.0,1925.0,2920,07090,"Colonial,",1,1
794000.0,3.0,0.21,0.0,1971.0,2920,07090,"CapeCod,",2,0
925000.0,4.0,0.13,1.0,1941.0,2920,07090,"Colonial,",2,0
801000.0,4.0,0.21,1.0,1941.0,2920,07090,"CapeCod,",1,0
875000.0,4.0,0.2,3.0,1880.0,2920,07090,"Colonial,",1,1
780000.0,3.0,0.12,1.0,1928.0,2920,07090,"Colonial,",2,0
925000.0,4.0,0.26,2.0,1930.0,2920,07090,"Colonial,Custom,FixrUppr",2,1
809000.0,4.0,0.47,2.0,1965.0,2920,07090,"Colonial,Detached",2,1
826500.0,3.0,0.13,0.0,1946.0,2920,07090,"CapeCod,",2,1
875500.0,4.0,0.28,2.0,1964.0,2920,07090,"SplitLev,",3,1
860000.0,3.0,0.11,1.0,1930.0,2920,07090,"Colonial,",1,1
820000.0,3.0,0.14,2.0,1926.0,2920,07090,"Bungalow,CapeCod",1,1
840418.0,3.0,0.16,2.0,1928.0,2920,07090,"Colonial,",2,0
800000.0,4.0,0.15,1.0,1953.0,2920,07090,"CapeCod,",2,0
920000.0,4.0,0.33,2.0,1890.0,2920,07090,"Colonial,",3,0
850000.0,3.0,0.13,1.0,1952.0,2920,07090,"CapeCod,Colonial",3,0
775000.0,3.0,0.29,1.0,2024.0,2920,07090,"TwnEndUn,Duplex,MultiFlr",3,1
955000.0,3.0,0.22,1.0,1950.0,2920,07090,"CapeCod,",2,0
999999.0,3.0,0.23,1.0,1941.0,2920,07090,"SplitLev,",2,0
880000.0,3.0,0.18,1.0,1920.0,2920,07090,"Colonial,",2,1
985000.0,4.0,0.26,1.0,1955.0,2920,07090,"SplitLev,",2,1
825000.0,3.0,0.15,2.0,1913.0,2920,07090,"Colonial,",2,1
760000.0,3.0,0.22,2.0,1925.0,2920,07090,"Custom,",2,0
820000.0,3.0,0.29,2.0,1967.0,2920,07090,"Ranch,RanchRas",3,0
825000.0,3.0,0.12,2.0,1925.0,2920,07090,"Colonial,",1,1
860000.0,4.0,0.15,1.0,1924.0,2920,07090,"CapeCod,Bungalow",3,0
875000.0,4.0,0.14,1.0,1920.0,2920,07090,"Colonial,",1,1
855000.0,4.0,0.09,0.0,1932.0,2920,07090,"Colonial,",2,0
1000000.0,3.0,0.13,1.0,1946.0,2920,07090,"CapeCod,Colonial",2,0
999999.0,4.0,0.17,2.0,1978.0,2920,07090,"Colonial,",2,1
962000.0,4.0,0.26,1.0,1956.0,2920,07090,"RanchExp,",2,1
999999.0,4.0,0.14,0.0,1949.0,2920,07090,"Colonial,",2,0
1100000.0,3.0,0.18,1.0,1925.0,2920,07090,"Colonial,",2,0
830000.0,3.0,0.28,2.0,1952.0,2920,07090,"Colonial,",1,1
850000.0,4.0,0.2,2.0,1975.0,2920,07090,"Bi-Level,",2,1
916000.0,3.0,0.19,2.0,1920.0,2920,07090,"Colonial,",1,1
855000.0,3.0,0.25,1.0,1942.0,2920,07090,"Cottage,SplitLev",1,1
860000.0,4.0,0.14,1.0,1983.0,2920,07090,"Bi-Level,",2,0
939000.0,3.0,0.28,2.0,1959.0,2920,07090,"SplitLev,",1,2
910000.0,4.0,0.28,0.0,1953.0,2920,07090,"SplitLev,",2,0
927000.0,4.0,0.13,1.0,1955.0,2920,07090,"SplitLev,",3,0
1008000.0,4.0,0.26,2.0,1955.0,2920,07090,"SplitLev,",2,1
880000.0,3.0,0.26,1.0,1954.0,2920,07090,"SplitLev,",2,1
1030000.0,5.0,0.34,2.0,1883.0,2920,07090,"Colonial,",2,0
1050000.0,4.0,0.18,1.0,1938.0,2920,07090,"Colonial,",2,2
1105000.0,3.0,0.12,1.0,1974.0,2920,07090,"Colonial,",3,1
829000.0,3.0,0.14,1.0,1929.0,2920,07090,"Colonial,",2,0
1067500.0,3.0,0.15,1.0,1941.0,2920,07090,"Colonial,",2,1
860000.0,4.0,0.23,1.0,1990.0,2920,07090,"Custom,",2,1
999999.0,3.0,0.29,2.0,1950.0,2920,07090,"Colonial,",1,1
951109.0,3.0,0.13,1.0,2017.0,2920,07090,"HalfDupl,TwnEndUn",2,1
855000.0,2.0,0.65,1.0,1985.0,2920,07090,"TwnEndUn,MultiFlr",2,1
850000.0,3.0,0.15,1.0,1928.0,2920,07090,"Colonial,",2,1
975000.0,3.0,0.19,2.0,1925.0,2920,07090,"Colonial,Tudor",2,1
999000.0,3.0,0.12,0.0,1880.0,2920,07090,"Colonial,Victrian",2,0
975000.0,3.0,0.27,1.0,1955.0,2920,07090,"SplitLev,",2,1
999999.0,6.0,0.29,2.0,1898.0,2920,07090,"Victrian,",3,1
1100000.0,4.0,0.21,1.0,1920.0,2920,07090,"Colonial,",2,1
1100000.0,3.0,0.7,2.0,1959.0,2920,07090,"SplitLev,",2,1
1099000.0,4.0,0.23,2.0,1998.0,2920,07090,"TwnEndUn,MultiFlr",2,1
999000.0,4.0,0.12,0.0,1951.0,2920,07090,"Colonial,",2,1
950000.0,4.0,0.17,2.0,1950.0,2920,07090,"Bi-Level,",3,0
999999.0,4.0,0.26,1.0,1945.0,2920,07090,"CapeCod,",2,0
999999.0,3.0,0.17,1.0,1951.0,2920,07090,"Colonial,",1,1
945000.0,3.0,0.17,1.0,1941.0,2920,07090,"CapeCod,",3,0
900000.0,4.0,0.48,1.0,1970.0,2920,07090,"SplitLev,",3,1
815000.0,5.0,0.27,1.0,1920.0,2920,07090,"Colonial,",1,1
1045662.0,4.0,0.28,2.0,1964.0,2920,07090,"SplitLev,",2,1
924000.0,3.0,0.14,1.0,1942.0,2920,07090,"CapeCod,",3,0
1155000.0,4.0,0.16,1.0,1984.0,2920,07090,"Bi-Level,",3,0
950000.0,3.0,0.39,2.0,1929.0,2920,07090,"Colonial,",1,1
940000.0,2.0,0.75,2.0,2007.0,2920,07090,"OneFloor,",2,1
1103500.0,4.0,0.19,0.0,1937.0,2920,07090,"Colonial,Tudor",2,0
1100000.0,4.0,0.32,2.0,1967.0,2920,07090,"SplitLev,",2,1
1058000.0,3.0,0.2,1.0,1939.0,2920,07090,"Colonial,",2,1
975000.0,4.0,0.16,1.0,1950.0,2920,07090,"Colonial,",1,1
1040000.0,4.0,0.15,1.0,1948.0,2920,07090,"Colonial,",2,0
1000000.0,3.0,0.14,1.0,1900.0,2920,07090,"Colonial,",2,1
999900.0,5.0,0.14,1.0,1953.0,2920,07090,"Colonial,Victrian",3,0
1200000.0,4.0,0.2,2.0,1950.0,2920,07090,"Colonial,",2,2
998000.0,4.0,0.19,1.0,1949.0,2920,07090,"Colonial,",3,1
1150000.0,4.0,0.23,1.0,1956.0,2920,07090,"SplitLev,",2,1
1100000.0,4.0,0.11,1.0,2013.0,2920,07090,"HalfDupl,MultiFlr,TwnEndUn",3,2
999000.0,3.0,0.24,1.0,1938.0,2920,07090,"Colonial,SplitLev",2,2
1120000.0,4.0,0.18,1.0,1965.0,2920,07090,"Colonial,",2,1
1050000.0,3.0,0.2,1.0,2019.0,2920,07090,"HalfDupl,Colonial",2,2
1200000.0,4.0,0.28,2.0,1954.0,2920,07090,"SplitLev,",2,1
999999.0,4.0,0.17,1.0,1925.0,2920,07090,"Colonial,",2,1
1115888.0,4.0,0.27,1.0,1926.0,2920,07090,"Colonial,",3,0
920000.0,4.0,0.23,2.0,1993.0,2920,07090,"Colonial,",3,1
925000.0,6.0,0.12,0.0,1947.0,2920,07090,"Colonial,Custom",4,0
999999.0,4.0,0.14,1.0,1920.0,2920,07090,"Colonial,",3,0
1125000.0,5.0,0.2,2.0,1909.0,2920,07090,"Colonial,",2,1
1200000.0,4.0,0.19,2.0,1992.0,2920,07090,"Colonial,",2,1
1130000.0,3.0,0.28,3.0,1967.0,2920,07090,"Ranch,",2,0
1100000.0,4.0,0.16,1.0,1990.0,2920,07090,"Colonial,",2,1
1060000.0,4.0,0.26,2.0,1900.0,2920,07090,"Victrian,",2,1
1200000.0,4.0,0.16,1.0,1941.0,2920,07090,"Colonial,",2,1
1150000.0,5.0,0.2,0.0,1920.0,2920,07090,"Colonial,",3,0
1187500.0,5.0,0.3,1.0,1952.0,2920,07090,"Colonial,Custom",3,0
1160000.0,5.0,0.4,2.0,1965.0,2920,07090,"RanchRas,",3,0
1141000.0,4.0,0.4,2.0,1881.0,2920,07090,"Victrian,",2,0
1200000.0,5.0,0.2,0.0,1900.0,2920,07090,"Colonial,",2,1
1200000.0,4.0,0.17,2.0,1925.0,2920,07090,"Colonial,",3,1
1200000.0,5.0,0.34,2.0,1953.0,2920,07090,"Bi-Level,",3,1
1175000.0,2.0,0.75,2.0,2007.0,2920,07090,"OneFloor,",2,1
800000.0,3.0,0.31,1.0,1925.0,2920,07090,"Colonial,",1,1
269900.0,1.0,0.05,0.0,1941.0,2903,07016,"OneFloor,",1,0
292000.0,2.0,0.06,0.0,1948.0,2903,07016,"MultiFlr,TwnIntUn",1,1
327500.0,2.0,0.06,0.0,1948.0,2903,07016,"OneFloor,",1,0
331000.0,1.0,0.05,0.0,1941.0,2903,07016,"OneFloor,FirstFlr",1,0
350000.0,2.0,0.07,0.0,1948.0,2903,07016,"MultiFlr,Carriage",1,1
360000.0,2.0,0.06,0.0,1948.0,2903,07016,"TwnIntUn,MultiFlr",1,0
372000.0,2.0,0.06,0.0,1948.0,2903,07016,"FirstFlr,MultiFlr,TwnIntUn",1,0
345000.0,2.0,0.05,0.0,1941.0,2903,07016,"OneFloor,",1,0
385000.0,1.0,0.03,0.0,1940.0,2903,07016,"OneFloor,",1,0
365000.0,1.0,0.03,0.0,1953.0,2903,07016,"OneFloor,",1,0
360000.0,2.0,0.06,0.0,1948.0,2903,07016,"TwnIntUn,FirstFlr,MultiFlr",1,1
430000.0,2.0,0.01,1.0,1956.0,2903,07016,"OneFloor,SeeRem",1,0
360000.0,3.0,0.11,2.0,1915.0,2903,07016,"CapeCod,",1,0
440000.0,2.0,0.03,0.0,1940.0,2903,07016,"OneFloor,FirstFlr",1,0
450000.0,2.0,0.02,1.0,1957.0,2903,07016,"OneFloor,",2,0
550000.0,3.0,0.17,1.0,1925.0,2903,07016,"Colonial,",1,0
489900.0,2.0,0.11,1.0,1930.0,2903,07016,"Bungalow,Ranch",1,0
480000.0,2.0,0.08,0.0,1943.0,2903,07016,"HalfDupl,",1,0
460000.0,2.0,0.05,0.0,1946.0,2903,07016,"TwnIntUn,",1,0
475000.0,2.0,0.06,0.0,1946.0,2903,07016,"HalfDupl,",2,0
550000.0,2.0,0.12,0.0,1953.0,2903,07016,"Colonial,",1,1
570000.0,3.0,0.11,1.0,1910.0,2903,07016,"FixrUppr,",1,0
535000.0,2.0,0.12,1.0,1895.0,2903,07016,"Victrian,",1,0
510000.0,3.0,0.17,2.0,1974.0,2903,07016,"TwnEndUn,MultiFlr",2,1
505000.0,5.0,0.23,0.0,1953.0,2903,07016,"Colonial,",1,0
540000.0,3.0,0.09,0.0,1926.0,2903,07016,"OneFloor,Tudor",2,0
510000.0,3.0,0.13,1.0,1935.0,2903,07016,"Colonial,",1,0
535000.0,3.0,0.13,2.0,1924.0,2903,07016,"Ranch,",1,0
702000.0,4.0,0.16,2.0,1956.0,2903,07016,"SplitLev,",2,1
585000.0,3.0,0.09,1.0,1924.0,2903,07016,"Colonial,",2,0
700000.0,2.0,0.09,2.0,1920.0,2903,07016,"CapeCod,",2,0
590000.0,3.0,0.17,1.0,1927.0,2903,07016,"Ranch,",1,0
650000.0,3.0,0.14,1.0,1951.0,2903,07016,"CapeCod,",2,0
613000.0,3.0,0.04,1.0,1940.0,2903,07016,"OneFloor,",2,0
585000.0,3.0,0.09,2.0,1923.0,2903,07016,"Colonial,",1,1
593000.0,3.0,0.19,1.0,1947.0,2903,07016,"Colonial,",1,1
670000.0,3.0,0.11,1.0,1931.0,2903,07016,"Colonial,",2,0
667000.0,3.0,0.17,1.0,1939.0,2903,07016,"Colonial,",1,0
701168.0,4.0,0.18,0.0,1907.0,2903,07016,"Colonial,",1,0
675000.0,3.0,0.14,1.0,1928.0,2903,07016,"Tudor,FixrUppr",1,1
706000.0,3.0,0.15,1.0,1941.0,2903,07016,"CapeCod,",2,0
612000.0,3.0,0.19,1.0,1952.0,2903,07016,"SplitLev,Detached",1,1
664999.0,4.0,0.12,1.0,1951.0,2903,07016,"CapeCod,",2,0
775000.0,3.0,0.14,1.0,1947.0,2903,07016,"Colonial,Detached",2,0
609000.0,4.0,0.17,2.0,1943.0,2903,07016,"CapeCod,",2,0
629999.0,3.0,0.13,1.0,1929.0,2903,07016,"Colonial,",2,0
670000.0,4.0,0.17,0.0,1924.0,2903,07016,"Colonial,",1,1
718000.0,3.0,0.15,1.0,1933.0,2903,07016,"Colonial,",2,1
642000.0,4.0,0.16,1.0,1958.0,2903,07016,"CapeCod,",2,0
710000.0,3.0,0.11,0.0,1900.0,2903,07016,"Victrian,",1,1
675000.0,3.0,0.17,1.0,1942.0,2903,07016,"CapeCod,",2,0
675000.0,3.0,0.13,0.0,1942.0,2903,07016,"CapeCod,",2,0
675000.0,2.0,0.17,1.0,1920.0,2903,07016,"Colonial,",1,0
730000.0,3.0,0.11,1.0,1920.0,2903,07016,"Colonial,",2,0
675000.0,4.0,0.11,1.0,1958.0,2903,07016,"Custom,",2,0
675000.0,4.0,0.26,2.0,1910.0,2903,07016,"Colonial,",1,1
700000.0,3.0,0.15,2.0,1926.0,2903,07016,"RanchExp,",2,1
700000.0,4.0,0.15,1.0,1952.0,2903,07016,"Colonial,",1,1
720000.0,3.0,0.38,1.0,1938.0,2903,07016,"CapeCod,Custom",2,0
735000.0,4.0,0.11,1.0,1956.0,2903,07016,"Custom,CapeCod",2,0
720000.0,3.0,0.15,2.0,1925.0,2903,07016,"Colonial,",2,1
765000.0,3.0,0.14,1.0,1940.0,2903,07016,"Custom,CapeCod,Colonial",2,0
750000.0,4.0,0.2,0.0,1930.0,2903,07016,"Colonial,",2,1
750000.0,3.0,0.15,1.0,1947.0,2903,07016,"CapeCod,",2,1
655000.0,3.0,0.15,2.0,1931.0,2903,07016,"Colonial,",1,1
710000.0,3.0,0.15,1.0,1951.0,2903,07016,"CapeCod,",3,0
775000.0,3.0,0.22,1.0,1953.0,2903,07016,"SplitLev,",3,0
771000.0,4.0,0.14,1.0,1956.0,2903,07016,"CapeCod,",2,0
770000.0,3.0,0.18,1.0,1900.0,2903,07016,"Colonial,",2,1
811000.0,3.0,0.14,1.0,1941.0,2903,07016,"Colonial,",2,0
475000.0,4.0,0.22,0.0,1860.0,2903,07016,"Victrian,",1,1
765000.0,3.0,0.17,2.0,1924.0,2903,07016,"Colonial,",2,0
800000.0,3.0,0.14,1.0,1940.0,2903,07016,"Colonial,",1,1
825000.0,3.0,0.14,1.0,1948.0,2903,07016,"CapeCod,",2,0
750000.0,3.0,0.13,1.0,1942.0,2903,07016,"CapeCod,",2,0
745000.0,3.0,0.17,1.0,1948.0,2903,07016,"Colonial,Detached",2,1
860000.0,3.0,0.17,0.0,1898.0,2903,07016,"Colonial,",2,0
740000.0,4.0,0.14,1.0,1955.0,2903,07016,"SplitLev,Detached",2,0
885000.0,4.0,0.11,1.0,1930.0,2903,07016,"Colonial,",2,1
739000.0,4.0,0.19,2.0,1985.0,2903,07016,"Bi-Level,",3,0
752000.0,4.0,0.19,1.0,1942.0,2903,07016,"CapeCod,",2,0
770000.0,3.0,0.13,1.0,1940.0,2903,07016,"CapeCod,",2,0
800000.0,4.0,0.17,2.0,1963.0,2903,07016,"Bi-Level,",2,1
780000.0,3.0,0.19,2.0,1954.0,2903,07016,"SplitLev,",2,1
860000.0,3.0,0.14,2.0,1930.0,2903,07016,"Colonial,",1,1
675000.0,4.0,0.24,2.0,1928.0,2903,07016,"Colonial,",3,0
826000.0,4.0,0.16,1.0,1955.0,2903,07016,"SplitLev,",2,1
775000.0,3.0,0.14,0.0,1941.0,2903,07016,"CapeCod,SeeRem",3,0
735000.0,4.0,0.17,1.0,1941.0,2903,07016,"Colonial,",2,1
760000.0,3.0,0.17,1.0,1938.0,2903,07016,"Colonial,",1,1
750000.0,4.0,0.17,1.0,1956.0,2903,07016,"SplitLev,",2,0
745000.0,3.0,0.12,0.0,1920.0,2903,07016,"Colonial,",2,1
870000.0,4.0,0.18,2.0,1963.0,2903,07016,"Colonial,",2,1
745000.0,4.0,0.2,1.0,1952.0,2903,07016,"Colonial,",3,0
905000.0,4.0,0.18,1.0,1938.0,2903,07016,"CapeCod,",3,1
815000.0,4.0,0.19,2.0,1952.0,2903,07016,"RanchExp,Custom,RanchRas",2,1
900000.0,4.0,0.23,1.0,1940.0,2903,07016,"CapeCod,Ranch",2,0
790000.0,4.0,0.11,2.0,1977.0,2903,07016,"Bi-Level,",3,0
826500.0,3.0,0.13,2.0,1928.0,2903,07016,"Colonial,",2,1
895000.0,4.0,0.13,0.0,1950.0,2903,07016,"CapeCod,",2,0
905000.0,3.0,0.11,1.0,1929.0,2903,07016,"Colonial,",2,0
800000.0,5.0,0.3,2.0,1926.0,2903,07016,"Colonial,",2,0
770000.0,4.0,0.2,1.0,1955.0,2903,07016,"SplitLev,",2,0
850000.0,6.0,0.17,1.0,1925.0,2903,07016,"Custom,",2,1
840108.0,4.0,0.18,2.0,1922.0,2903,07016,"Colonial,",2,0
840000.0,4.0,0.13,1.0,1925.0,2903,07016,"Colonial,",1,1
922500.0,3.0,0.12,1.0,1950.0,2903,07016,"Colonial,",1,1
740000.0,4.0,0.21,1.0,1890.0,2903,07016,"Detached,",2,0
916000.0,3.0,0.12,1.0,1935.0,2903,07016,"Colonial,",1,2
770000.0,3.0,0.2,2.0,1961.0,2903,07016,"Ranch,",3,0
830000.0,3.0,0.18,1.0,1954.0,2903,07016,"SplitLev,",2,0
913000.0,3.0,0.12,1.0,1940.0,2903,07016,"Colonial,",1,1
972358.0,3.0,0.28,1.0,1941.0,2903,07016,"Colonial,",1,1
713000.0,3.0,0.06,1.0,2025.0,2903,07016,"Custom,",3,1
870000.0,3.0,0.12,1.0,1959.0,2903,07016,"SplitLev,",1,1
975000.0,3.0,0.17,2.0,1937.0,2903,07016,"Colonial,",2,1
810000.0,3.0,0.2,2.0,1957.0,2903,07016,"SplitLev,",2,0
900000.0,3.0,0.33,2.0,1959.0,2903,07016,"SplitLev,",2,1
912000.0,3.0,0.2,2.0,1954.0,2903,07016,"SplitLev,",2,1
840000.0,3.0,0.23,2.0,1920.0,2903,07016,"Colonial,",2,1
991000.0,3.0,0.23,1.0,1929.0,2903,07016,"Colonial,",2,0
920000.0,4.0,0.33,2.0,1957.0,2903,07016,"Ranch,",3,0
969930.0,3.0,0.17,2.0,1954.0,2903,07016,"SplitLev,",2,1
966000.0,4.0,0.26,2.0,1963.0,2903,07016,"Bi-Level,",2,1
954000.0,4.0,0.24,1.0,1953.0,2903,07016,"CapeCod,",2,0
845000.0,3.0,0.28,1.0,1957.0,2903,07016,"SplitLev,",2,1
999000.0,4.0,0.16,2.0,1955.0,2903,07016,"SplitLev,",3,0
915000.0,3.0,0.16,0.0,1958.0,2903,07016,"SplitLev,",2,0
960000.0,4.0,0.14,1.0,1954.0,2903,07016,"SplitLev,",3,1
950000.0,5.0,0.11,1.0,1923.0,2903,07016,"Colonial,",3,0
865000.0,4.0,0.18,2.0,2003.0,2903,07016,"Colonial,",2,1
850000.0,3.0,0.21,2.0,1955.0,2903,07016,"SplitLev,",2,1
1075000.0,5.0,0.17,1.0,1924.0,2903,07016,"Colonial,",2,0
999000.0,4.0,0.17,1.0,1930.0,2903,07016,"Colonial,",2,1
975000.0,4.0,0.18,2.0,1972.0,2903,07016,"Colonial,",2,1
899000.0,4.0,0.18,1.0,1960.0,2903,07016,"SplitLev,",2,0
915000.0,6.0,0.22,2.0,1950.0,2903,07016,"Custom,",6,0
900000.0,4.0,0.31,2.0,1970.0,2903,07016,"Bi-Level,",3,0
950000.0,5.0,0.17,1.0,1956.0,2903,07016,"SplitLev,",3,0
997000.0,4.0,0.26,1.0,1963.0,2903,07016,"RanchExp,Custom",4,0
960000.0,3.0,0.21,2.0,1954.0,2903,07016,"SplitLev,",2,1
1150000.0,3.0,0.15,1.0,1941.0,2903,07016,"Colonial,",2,1
975000.0,4.0,0.18,1.0,1928.0,2903,07016,"Colonial,",2,1
1200000.0,4.0,0.16,1.0,1940.0,2903,07016,"Colonial,",2,1
1085000.0,5.0,0.18,2.0,1932.0,2903,07016,"Colonial,",3,2
1150000.0,6.0,0.31,2.0,1900.0,2903,07016,"Colonial,",2,1
240000.0,2.0,0.11,0.0,1929.0,2907,07205,"CapeCod,Detached,FixrUppr",1,0
215000.0,2.0,0.04,0.0,1988.0,2907,07205,"OneFloor,",1,0
380000.0,3.0,0.23,0.0,1935.0,2907,07205,"Colonial,",1,0
279900.0,2.0,0.06,1.0,1939.0,2907,07205,"HalfDupl,",1,0
305000.0,2.0,0.23,0.0,1930.0,2907,07205,"Ranch,",1,0
315000.0,3.0,0.05,0.0,1921.0,2907,07205,"Colonial,",1,1
309000.0,3.0,0.06,0.0,1954.0,2907,07205,"HalfDupl,",1,0
370000.0,3.0,0.09,1.0,1944.0,2907,07205,"Colonial,",1,1
375000.0,2.0,0.08,1.0,1934.0,2907,07205,"Custom,",1,0
325000.0,3.0,0.05,0.0,1957.0,2907,07205,"Colonial,Bi-Level",2,0
320000.0,2.0,0.04,0.0,1980.0,2907,07205,"Colonial,",1,0
350000.0,3.0,0.11,1.0,1949.0,2907,07205,"CapeCod,",2,1
385000.0,2.0,0.08,1.0,1924.0,2907,07205,"Colonial,",3,0
280000.0,2.0,0.06,0.0,1929.0,2907,07205,"HalfDupl,",1,1
364000.0,2.0,0.04,0.0,1949.0,2907,07205,"HalfDupl,MultiFlr",1,0
330000.0,2.0,0.04,0.0,1988.0,2907,07205,"TwnEndUn,MultiFlr,TwnIntUn",1,1
407500.0,4.0,0.05,1.0,1953.0,2907,07205,"CapeCod,",1,1
325000.0,2.0,0.04,0.0,1988.0,2907,07205,"TwnEndUn,MultiFlr",1,1
355000.0,4.0,0.08,2.0,1929.0,2907,07205,"Custom,",1,0
370000.0,3.0,0.08,1.0,1924.0,2907,07205,"Colonial,",1,1
347500.0,2.0,0.08,0.0,1934.0,2907,07205,"RanchRas,",2,0
360000.0,2.0,0.19,1.0,1944.0,2907,07205,"Colonial,",2,0
375000.0,3.0,0.08,0.0,1924.0,2907,07205,"FirstFlr,SplitLev",2,0
363500.0,3.0,0.08,1.0,1938.0,2907,07205,"Colonial,",2,0
350000.0,2.0,0.11,1.0,1945.0,2907,07205,"CapeCod,",2,0
360000.0,2.0,0.08,2.0,1944.0,2907,07205,"HalfDupl,",2,0
400000.0,2.0,0.09,1.0,1949.0,2907,07205,"Colonial,SeeRem",1,1
400000.0,3.0,0.09,0.0,1926.0,2907,07205,"Colonial,",1,1
415000.0,2.0,0.06,1.0,1926.0,2907,07205,"Colonial,CapeCod",1,0
390000.0,3.0,0.09,2.0,1929.0,2907,07205,"Colonial,",1,1
429000.0,3.0,0.09,1.0,1953.0,2907,07205,"Colonial,",1,1
450000.0,2.0,0.08,0.0,1929.0,2907,07205,"Colonial,",2,0
470000.0,3.0,0.12,0.0,1953.0,2907,07205,"CapeCod,",2,0
405000.0,3.0,0.09,1.0,1924.0,2907,07205,"Colonial,",1,1
420000.0,2.0,0.05,0.0,1924.0,2907,07205,"Ranch,",2,0
432000.0,3.0,0.05,0.0,1924.0,2907,07205,"CapeCod,",1,0
375000.0,3.0,0.08,2.0,1931.0,2907,07205,"Colonial,",2,0
430000.0,3.0,0.08,0.0,1939.0,2907,07205,"CapeCod,",2,1
455000.0,3.0,0.17,1.0,1957.0,2907,07205,"Ranch,Detached",2,1
410000.0,3.0,0.1,2.0,1957.0,2907,07205,"CapeCod,",1,0
475000.0,4.0,0.08,0.0,1909.0,2907,07205,"Colonial,",2,0
437000.0,3.0,0.1,0.0,1929.0,2907,07205,"Tudor,",1,2
475000.0,3.0,0.09,1.0,1946.0,2907,07205,"Colonial,",1,1
365000.0,4.0,0.1,1.0,1924.0,2907,07205,"Colonial,",1,0
470000.0,2.0,0.1,0.0,1919.0,2907,07205,"Cottage,",2,0
450000.0,4.0,0.07,0.0,1916.0,2907,07205,"Colonial,",1,1
420000.0,3.0,0.16,1.0,1949.0,2907,07205,"CapeCod,",2,1
440000.0,2.0,0.05,0.0,1940.0,2907,07205,"Colonial,",2,0
485000.0,3.0,0.09,3.0,1914.0,2907,07205,"Colonial,",2,0
451000.0,3.0,0.13,2.0,1930.0,2907,07205,"Colonial,",1,1
460000.0,3.0,0.05,0.0,1919.0,2907,07205,"CapeCod,Custom",2,0
490000.0,3.0,0.08,1.0,1924.0,2907,07205,"Colonial,",1,1
475000.0,3.0,0.11,1.0,1920.0,2907,07205,"Colonial,",1,1
460000.0,3.0,0.08,2.0,1929.0,2907,07205,"Colonial,",1,2
490000.0,3.0,0.1,2.0,1938.0,2907,07205,"Colonial,",2,1
495000.0,2.0,0.1,2.0,1953.0,2907,07205,"CapeCod,",2,0
490000.0,3.0,0.11,0.0,1924.0,2907,07205,"CapeCod,",1,0
520000.0,3.0,0.09,2.0,1929.0,2907,07205,"Colonial,Detached",2,0
526770.0,3.0,0.07,1.0,1924.0,2907,07205,"Colonial,",2,0
520000.0,3.0,0.11,0.0,1950.0,2907,07205,"CapeCod,",2,1
480000.0,3.0,0.09,0.0,1929.0,2907,07205,"Colonial,",2,0
512000.0,2.0,0.08,0.0,1953.0,2907,07205,"CapeCod,",2,0
470000.0,3.0,0.06,2.0,1924.0,2907,07205,"Colonial,",2,0
500000.0,3.0,0.1,1.0,1939.0,2907,07205,"Detached,MultiFlr",1,2
500000.0,3.0,0.11,0.0,1924.0,2907,07205,"Colonial,",1,1
489000.0,3.0,0.25,1.0,1956.0,2907,07205,"SplitLev,",1,1
483500.0,3.0,0.29,2.0,1955.0,2907,07205,"Ranch,",1,1
470000.0,3.0,0.11,1.0,1943.0,2907,07205,"Colonial,",1,1
505000.0,4.0,0.1,1.0,1975.0,2907,07205,"Colonial,",1,1
555000.0,3.0,0.09,2.0,1917.0,2907,07205,"CapeCod,",2,0
498500.0,4.0,0.16,1.0,1941.0,2907,07205,"CapeCod,",1,0
520000.0,3.0,0.08,0.0,1955.0,2907,07205,"CapeCod,",2,0
530000.0,3.0,0.09,0.0,1940.0,2907,07205,"Colonial,",3,0
510000.0,3.0,0.08,1.0,1918.0,2907,07205,"Colonial,",2,1
550000.0,5.0,0.15,1.0,1990.0,2907,07205,"Custom,",3,1
565000.0,3.0,0.09,2.0,1929.0,2907,07205,"Tudor,",2,1
475000.0,4.0,0.11,1.0,1950.0,2907,07205,"CapeCod,",2,0
500000.0,4.0,0.11,0.0,1950.0,2907,07205,"CapeCod,",2,0
558000.0,3.0,0.11,1.0,1924.0,2907,07205,"Colonial,",2,0
505000.0,4.0,0.09,1.0,1929.0,2907,07205,"Colonial,",1,1
525000.0,3.0,0.08,2.0,1924.0,2907,07205,"Colonial,",1,2
483000.0,3.0,0.25,1.0,1953.0,2907,07205,"Colonial,",2,0
508000.0,2.0,0.08,2.0,1929.0,2907,07205,"Custom,",2,0
500000.0,3.0,0.09,1.0,1924.0,2907,07205,"Colonial,",1,1
510000.0,3.0,0.08,0.0,1953.0,2907,07205,"Colonial,",2,0
495000.0,3.0,0.26,0.0,1948.0,2907,07205,"Colonial,",2,0
540000.0,3.0,0.17,1.0,1924.0,2907,07205,"Colonial,",2,1
550000.0,3.0,0.15,0.0,1914.0,2907,07205,"Colonial,",2,1
560000.0,3.0,0.13,1.0,1939.0,2907,07205,"Contemp,HalfDupl",2,1
510000.0,3.0,0.11,1.0,1954.0,2907,07205,"SplitLev,",2,1
610000.0,3.0,0.11,0.0,1914.0,2907,07205,"Colonial,",2,0
580000.0,3.0,0.15,1.0,1957.0,2907,07205,"Ranch,",2,1
555000.0,4.0,0.08,1.0,1919.0,2907,07205,"Colonial,",2,0
540000.0,3.0,0.08,2.0,1948.0,2907,07205,"CapeCod,",2,0
570000.0,3.0,0.09,2.0,1927.0,2907,07205,"Colonial,",4,0
590000.0,4.0,0.09,1.0,1944.0,2907,07205,"Colonial,",1,1
550000.0,3.0,0.2,0.0,1949.0,2907,07205,"CapeCod,SeeRem",2,1
600000.0,4.0,0.11,2.0,1924.0,2907,07205,"Colonial,",3,0
570000.0,3.0,0.11,1.0,1949.0,2907,07205,"SeeRem,Bi-Level,CapeCod",2,0
555500.0,3.0,0.15,2.0,1953.0,2907,07205,"Colonial,",2,0
555000.0,3.0,0.14,1.0,1957.0,2907,07205,"Ranch,",2,0
500000.0,4.0,0.11,0.0,1929.0,2907,07205,"Colonial,",3,0
560000.0,3.0,0.09,1.0,1953.0,2907,07205,"Colonial,",1,1
585000.0,4.0,0.08,1.0,1929.0,2907,07205,"CapeCod,Custom",2,0
575000.0,4.0,0.08,0.0,1953.0,2907,07205,"Colonial,",2,1
579000.0,4.0,0.11,1.0,1924.0,2907,07205,"Colonial,",3,1
601000.0,3.0,0.11,1.0,1924.0,2907,07205,"Colonial,",2,0
585000.0,4.0,0.15,1.0,1953.0,2907,07205,"Colonial,",3,0
580000.0,4.0,0.1,1.0,1914.0,2907,07205,"CapeCod,",3,0
575000.0,4.0,0.09,2.0,1929.0,2907,07205,"Tudor,Colonial",2,0
590000.0,4.0,0.15,1.0,1950.0,2907,07205,"CapeCod,",2,0
610000.0,4.0,0.18,1.0,1919.0,2907,07205,"Colonial,",2,0
595000.0,4.0,0.16,0.0,1924.0,2907,07205,"Colonial,",2,1
620000.0,4.0,0.09,2.0,1964.0,2907,07205,"Bi-Level,",2,0
605000.0,5.0,0.11,1.0,1953.0,2907,07205,"Colonial,",2,0
600000.0,3.0,0.09,1.0,1940.0,2907,07205,"Colonial,",2,1
610000.0,4.0,0.09,2.0,1929.0,2907,07205,"Colonial,",2,1
620000.0,5.0,0.15,1.0,1952.0,2907,07205,"CapeCod,Custom",2,1
635000.0,4.0,0.11,2.0,2024.0,2907,07205,"Contemp,",3,0
629000.0,3.0,0.06,1.0,2018.0,2907,07205,"Colonial,",3,1
650000.0,6.0,0.2,2.0,1953.0,2907,07205,"RanchRas,",4,1
690000.0,3.0,0.24,2.0,1960.0,2907,07205,"Ranch,",2,1
750000.0,4.0,0.28,2.0,1960.0,2907,07205,"Contemp,SeeRem",3,3
430000.0,1.0,0.08,1.0,1984.0,2911,07974,"OneFloor,FirstFlr",1,0
521000.0,2.0,0.21,0.0,1957.0,2911,07974,"CapeCod,",1,0
400000.0,2.0,0.17,1.0,1948.0,2911,07974,"Ranch,",1,0
490000.0,2.0,1.07,1.0,2000.0,2911,07974,"TwnIntUn,MultiFlr",2,1
557000.0,1.0,0.11,1.0,1983.0,2911,07974,"MultiFlr,Detached,TwnEndUn",1,2
555000.0,2.0,0.08,1.0,1976.0,2911,07974,"TwnEndUn,MultiFlr",2,1
640000.0,3.0,0.31,1.0,1938.0,2911,07974,"Custom,",1,1
705000.0,4.0,0.26,0.0,1949.0,2911,07974,"Colonial,",2,0
630000.0,3.0,0.29,1.0,1960.0,2911,07974,"SplitLev,",2,1
800000.0,3.0,0.51,1.0,1955.0,2911,07974,"Ranch,",2,0
740000.0,3.0,0.15,1.0,1929.0,2911,07901,"Colonial,",1,1
675000.0,4.0,0.17,0.0,1950.0,2911,07974,"RanchRas,",1,1
620000.0,4.0,0.23,1.0,1950.0,2911,07901,"Ranch,",1,1
710000.0,4.0,0.2,0.0,1952.0,2911,07974,"CapeCod,",1,0
660000.0,3.0,0.27,0.0,1951.0,2911,07974,"CapeCod,",2,0
640000.0,4.0,0.22,2.0,1960.0,2911,07974,"CapeCod,",2,1
630000.0,3.0,0.18,0.0,1949.0,2911,07974,"Colonial,",1,1
675000.0,3.0,0.3,1.0,1961.0,2911,07974,"SplitLev,",2,1
700000.0,3.0,0.39,2.0,1921.0,2911,07974,"Colonial,",1,1
780000.0,3.0,0.19,2.0,1926.0,2911,07974,"Colonial,",1,1
685000.0,3.0,0.27,1.0,1957.0,2911,07974,"SplitLev,",1,1
825000.0,4.0,0.41,2.0,1965.0,2911,07974,"Colonial,",2,1
695000.0,3.0,0.17,2.0,1905.0,2911,07974,"Colonial,",2,0
735000.0,3.0,0.26,1.0,1959.0,2911,07974,"CapeCod,",2,0
775000.0,3.0,0.14,1.0,1958.0,2911,07974,"SplitLev,",2,0
785000.0,3.0,0.24,1.0,1955.0,2911,07974,"CapeCod,",1,1
835000.0,3.0,0.23,1.0,1950.0,2911,07974,"SplitLev,",2,1
675000.0,3.0,0.27,1.0,1956.0,2911,07974,"CapeCod,",2,0
650000.0,4.0,0.25,1.0,1950.0,2911,07974,"CapeCod,",1,1
915000.0,4.0,0.56,3.0,1920.0,2911,07974,"AFrame,FixrUppr",2,0
795000.0,3.0,0.2,1.0,1955.0,2911,07974,"Ranch,",2,1
800000.0,3.0,0.2,1.0,1965.0,2911,07974,"SplitLev,",1,1
705000.0,4.0,0.27,0.0,1954.0,2911,07974,"CapeCod,",2,1
775000.0,2.0,0.29,1.0,1960.0,2911,07974,"Ranch,",3,0
875000.0,4.0,0.4,1.0,1957.0,2911,07974,"SplitLev,Custom",2,1
920000.0,3.0,0.24,1.0,1954.0,2911,07974,"Ranch,",2,0
790000.0,3.0,0.29,1.0,1959.0,2911,07974,"SplitLev,",2,1
900000.0,3.0,0.53,1.0,1962.0,2911,07974,"SplitLev,",1,2
811000.0,4.0,0.32,1.0,1963.0,2911,07974,"RanchExp,",2,1
799000.0,3.0,0.22,1.0,1986.0,2911,07974,"TwnEndUn,MultiFlr,SeeRem",3,1
821000.0,3.0,1.84,2.0,2015.0,2911,07974,"TwnIntUn,MultiFlr",2,2
750000.0,4.0,0.34,0.0,1919.0,2911,07974,"Colonial,",3,0
755000.0,3.0,0.23,1.0,1959.0,2911,07974,"Ranch,SeeRem",2,0
800000.0,3.0,0.1,1.0,1989.0,2911,07974,"TwnIntUn,MultiFlr",3,0
875000.0,3.0,0.3,1.0,1960.0,2911,07974,"SplitLev,",2,1
825000.0,3.0,0.39,2.0,1957.0,2911,07974,"SplitLev,",2,1
770000.0,3.0,0.25,1.0,1950.0,2911,07974,"RanchExp,RanchRas,Ranch",1,1
742500.0,4.0,0.36,2.0,1950.0,2911,07974,"CapeCod,",2,1
880000.0,4.0,0.24,2.0,1950.0,2911,07974,"CapeCod,",2,0
900000.0,3.0,0.64,1.0,1956.0,2911,07974,"SplitLev,",2,0
915000.0,4.0,0.26,1.0,1953.0,2911,07974,"Colonial,",2,0
763550.0,3.0,0.28,1.0,1959.0,2911,07974,"SplitLev,",2,1
930000.0,5.0,0.3,1.0,1965.0,2911,07974,"SplitLev,",2,1
800000.0,2.0,0.1,2.0,1994.0,2911,07974,"TwnIntUn,MultiFlr",3,1
815000.0,3.0,0.1,2.0,1994.0,2911,07974,"MultiFlr,TwnEndUn",3,1
890000.0,3.0,0.21,1.0,1955.0,2911,07974,"SplitLev,",2,0
901000.0,4.0,0.28,2.0,1959.0,2911,07974,"Bi-Level,",2,1
916000.0,4.0,0.33,1.0,1957.0,2911,07974,"SplitLev,",2,1
980000.0,4.0,0.11,1.0,1953.0,2911,07901,"Colonial,",2,0
920000.0,4.0,0.18,1.0,1920.0,2911,07974,"Colonial,",1,1
960000.0,4.0,0.3,2.0,1963.0,2911,07974,"Bi-Level,",3,0
999999.0,3.0,0.38,1.0,1962.0,2911,07974,"SplitLev,",2,1
999999.0,4.0,0.29,2.0,1957.0,2911,07974,"SplitLev,",3,0
965000.0,3.0,0.45,1.0,1956.0,2911,07974,"SplitLev,",2,1
1131000.0,3.0,0.36,2.0,1957.0,2911,07974,"SplitLev,",2,1
1151627.0,4.0,0.19,1.0,1958.0,2911,07974,"SplitLev,",2,1
999000.0,3.0,0.31,2.0,1958.0,2911,07974,"SplitLev,",2,1
1075000.0,3.0,0.17,2.0,1920.0,2911,07901,"Colonial,",2,1
1100000.0,4.0,0.52,2.0,1958.0,2911,07974,"SplitLev,",3,1
999000.0,3.0,0.5,2.0,1968.0,2911,07974,"Ranch,",2,0
900000.0,4.0,0.45,2.0,1960.0,2911,07974,"SplitLev,",2,1
999000.0,4.0,0.34,2.0,1962.0,2911,07974,"Bi-Level,",2,1
930000.0,5.0,0.34,2.0,1965.0,2911,07974,"Colonial,",3,1
1180000.0,3.0,0.35,2.0,1956.0,2911,07974,"SplitLev,",2,1
1153000.0,4.0,0.55,2.0,1955.0,2911,07974,"SplitLev,",3,1
1187000.0,3.0,0.36,2.0,1957.0,2911,07974,"Colonial,",2,1
1108000.0,4.0,0.19,1.0,1950.0,2911,07974,"CapeCod,",3,1
1049000.0,5.0,0.82,1.0,1998.0,2911,07922,"Colonial,",4,1
1130000.0,4.0,0.33,1.0,1955.0,2911,07974,"Custom,",2,1
1185000.0,4.0,0.35,2.0,1960.0,2911,07901,"Custom,",2,1
565000.0,3.0,0.07,0.0,1920.0,2915,07204,"Colonial,",2,0
310000.0,2.0,0.08,0.0,1953.0,2915,07204,"Colonial,",1,1
425000.0,3.0,0.1,2.0,1927.0,2915,07204,"Colonial,",1,0
382000.0,2.0,0.11,1.0,1952.0,2915,07204,"Ranch,",1,1
350000.0,2.0,0.11,0.0,1907.0,2915,07204,"Ranch,",1,0
470000.0,3.0,0.08,1.0,1922.0,2915,07204,"Colonial,",1,0
450000.0,3.0,0.08,1.0,1919.0,2915,07204,"Colonial,",1,0
466102.0,3.0,0.08,1.0,1914.0,2915,07204,"Colonial,Detached",1,0
435000.0,2.0,0.06,0.0,1935.0,2915,07204,"Colonial,",1,0
460000.0,3.0,0.08,1.0,1940.0,2915,07204,"Bungalow,Ranch",1,1
415000.0,3.0,0.14,2.0,1905.0,2915,07204,"Colonial,",1,0
475000.0,3.0,0.08,1.0,1930.0,2915,07204,"Colonial,",2,1
455000.0,3.0,0.09,1.0,1910.0,2915,07204,"Colonial,Detached",1,0
412000.0,3.0,0.11,2.0,1950.0,2915,07204,"CapeCod,FixrUppr",1,2
450000.0,5.0,0.19,0.0,1941.0,2915,07204,"CapeCod,",1,0
480000.0,3.0,0.11,0.0,1920.0,2915,07204,"Colonial,",1,0
502000.0,3.0,0.18,0.0,1925.0,2915,07204,"Colonial,",1,1
505000.0,4.0,0.08,0.0,1960.0,2915,07204,"Colonial,",2,0
455000.0,4.0,0.12,0.0,1953.0,2915,07204,"Colonial,",2,1
480000.0,4.0,0.15,2.0,1924.0,2915,07204,"Colonial,",2,0
450000.0,3.0,0.11,2.0,1952.0,2915,07204,"CapeCod,",1,0
465000.0,3.0,0.11,1.0,1954.0,2915,07204,"CapeCod,",1,0
530000.0,3.0,0.17,1.0,1964.0,2915,07204,"SplitLev,",1,1
529000.0,3.0,0.11,1.0,1960.0,2915,07204,"Ranch,",2,0
548500.0,3.0,0.08,0.0,1925.0,2915,07204,"Colonial,",2,0
478000.0,2.0,0.08,0.0,1953.0,2915,07204,"Colonial,",2,0
480000.0,3.0,0.1,0.0,1915.0,2915,07204,"Colonial,",2,0
460000.0,3.0,0.08,1.0,1945.0,2915,07204,"Colonial,",1,1
525000.0,3.0,0.11,1.0,1945.0,2915,07204,"CapeCod,",3,0
485000.0,2.0,0.11,1.0,1957.0,2915,07204,"Ranch,",2,0
500000.0,3.0,0.06,0.0,1895.0,2915,07204,"Colonial,",2,0
465000.0,4.0,0.12,0.0,1951.0,2915,07204,"CapeCod,",1,0
505000.0,3.0,0.08,1.0,1955.0,2915,07204,"CapeCod,Bungalow",1,0
505000.0,3.0,0.08,1.0,1953.0,2915,07204,"Colonial,",2,0
556000.0,4.0,0.08,1.0,1937.0,2915,07204,"Colonial,",2,0
530000.0,3.0,0.11,1.0,1934.0,2915,07204,"Colonial,",1,1
580000.0,3.0,0.09,0.0,1925.0,2915,07204,"Colonial,",1,0
525000.0,3.0,0.11,1.0,1937.0,2915,07204,"Colonial,",1,1
530000.0,4.0,0.13,1.0,1940.0,2915,07204,"Custom,",1,1
510000.0,3.0,0.17,1.0,1940.0,2915,07204,"CapeCod,Colonial",2,0
535000.0,4.0,0.11,1.0,1950.0,2915,07204,"CapeCod,",2,0
580000.0,3.0,0.11,0.0,1948.0,2915,07204,"Ranch,",2,0
605000.0,4.0,0.13,1.0,1954.0,2915,07204,"CapeCod,",2,0
592000.0,4.0,0.13,1.0,1930.0,2915,07204,"Tudor,Colonial,SeeRem",1,1
550000.0,4.0,0.06,0.0,1895.0,2915,07204,"Colonial,",2,1
565000.0,3.0,0.23,2.0,1922.0,2915,07204,"Colonial,",1,2
545000.0,4.0,0.11,0.0,1953.0,2915,07204,"Detached,Colonial",2,1
570000.0,4.0,0.15,1.0,1927.0,2915,07204,"Colonial,",2,0
560000.0,3.0,0.09,1.0,1935.0,2915,07204,"Colonial,Tudor",1,1
585000.0,3.0,0.09,0.0,1920.0,2915,07204,"CapeCod,",2,0
555000.0,4.0,0.16,0.0,1925.0,2915,07204,"Colonial,",2,0
540000.0,4.0,0.08,0.0,1953.0,2915,07204,"Colonial,SeeRem",1,1
550000.0,3.0,0.11,2.0,1930.0,2915,07204,"Colonial,",1,1
540000.0,4.0,0.06,0.0,1920.0,2915,07204,"Colonial,",2,1
540000.0,3.0,0.13,1.0,1940.0,2915,07204,"Colonial,",1,1
563000.0,4.0,0.12,1.0,1920.0,2915,07204,"Colonial,",3,0
550000.0,4.0,0.11,1.0,1925.0,2915,07204,"Detached,Colonial",1,1
565000.0,3.0,0.12,1.0,1936.0,2915,07204,"Tudor,Colonial,Custom",2,1
606500.0,3.0,0.09,1.0,1945.0,2915,07204,"Colonial,",2,0
550000.0,4.0,0.08,1.0,1950.0,2915,07204,"Contemp,",2,0
575000.0,3.0,0.11,1.0,1930.0,2915,07204,"Colonial,",2,0
600000.0,3.0,0.11,1.0,1978.0,2915,07204,"Colonial,",2,1
565000.0,3.0,0.16,2.0,1953.0,2915,07204,"Bi-Level,Tudor",1,1
650000.0,4.0,0.14,1.0,1930.0,2915,07204,"Tudor,",2,0
620000.0,4.0,0.13,1.0,1945.0,2915,07204,"Colonial,",1,1
565000.0,3.0,0.17,2.0,1955.0,2915,07204,"SplitLev,",1,1
640000.0,4.0,0.22,0.0,1955.0,2915,07204,"CapeCod,",2,1
640000.0,3.0,0.11,1.0,1926.0,2915,07204,"Colonial,",2,1
600000.0,3.0,0.08,0.0,1929.0,2915,07204,"Colonial,",2,0
660000.0,4.0,0.11,1.0,1950.0,2915,07204,"CapeCod,",2,1
667000.0,4.0,0.11,1.0,1954.0,2915,07204,"CapeCod,",2,0
625000.0,4.0,0.08,0.0,1915.0,2915,07204,"Colonial,",3,0
575000.0,5.0,0.14,1.0,1970.0,2915,07204,"Bi-Level,",2,0
640000.0,4.0,0.15,0.0,1900.0,2915,07204,"Colonial,",1,1
667000.0,4.0,0.18,1.0,1960.0,2915,07204,"Colonial,",3,0
700000.0,5.0,0.15,1.0,1939.0,2915,07204,"Colonial,",2,0
700000.0,4.0,0.14,1.0,1964.0,2915,07204,"SplitLev,",2,1
650000.0,4.0,0.14,1.0,1968.0,2915,07204,"Colonial,",2,2
670000.0,4.0,0.11,0.0,1953.0,2915,07204,"Colonial,",2,1
742300.0,4.0,0.14,0.0,1975.0,2915,07204,"Colonial,",2,1
800000.0,4.0,0.22,3.0,1994.0,2915,07204,"Colonial,Custom",2,1
265000.0,1.0,0.04,0.0,1949.0,2919,07083,"OneFloor,",1,0
201000.0,1.0,0.02,0.0,1971.0,2919,07083,"OneFloor,",1,0
200000.0,1.0,0.02,0.0,1971.0,2919,07083,"OneFloor,",1,0
175000.0,1.0,0.02,0.0,1971.0,2919,07083,"OneFloor,",1,0
180000.0,1.0,0.02,0.0,1971.0,2919,07083,"OneFloor,",1,0
225000.0,1.0,0.02,0.0,1971.0,2919,07083,"OneFloor,",1,0
240000.0,1.0,0.49,0.0,2007.0,2919,07088,"FirstFlr,OneFloor",1,0
250000.0,1.0,0.04,0.0,1949.0,2919,07083,"OneFloor,",1,0
249000.0,1.0,0.02,0.0,1970.0,2919,07083,"OneFloor,",1,0
250000.0,1.0,0.03,0.0,1987.0,2919,07083,"OneFloor,",1,0
275000.0,1.0,0.04,0.0,1986.0,2919,07083,"FirstFlr,OneFloor",1,0
325000.0,1.0,0.08,0.0,1920.0,2919,07088,"CapeCod,",1,0
285000.0,2.0,0.08,1.0,1929.0,2919,07083,"CapeCod,",1,0
270000.0,2.0,0.05,0.0,1953.0,2919,07083,"MultiFlr,",1,0
327000.0,3.0,0.09,1.0,1928.0,2919,07083,"Colonial,",1,0
300000.0,2.0,1.33,0.0,2001.0,2919,07083,"OneFloor,",2,0
342000.0,3.0,0.14,2.0,1905.0,2919,07088,"Colonial,",1,0
305000.0,3.0,0.09,0.0,1953.0,2919,07083,"CapeCod,",1,1
309000.0,2.0,0.02,0.0,1960.0,2919,07083,"MultiFlr,",1,0
340000.0,2.0,0.06,0.0,1930.0,2919,07088,"Colonial,",1,0
350000.0,4.0,0.08,1.0,1930.0,2919,07083,"Colonial,",2,0
326000.0,1.0,0.04,0.0,1986.0,2919,07083,"OneFloor,FirstFlr",1,0
338000.0,2.0,1.33,0.0,2001.0,2919,07083,"OneFloor,",2,0
366000.0,3.0,0.08,1.0,1929.0,2919,07083,"CapeCod,Colonial",1,0
340000.0,3.0,0.13,0.0,1923.0,2919,07083,"CapeCod,",1,0
340000.0,5.0,0.13,1.0,1953.0,2919,07083,"Colonial,",2,1
355000.0,4.0,0.17,1.0,1951.0,2919,07083,"CapeCod,",2,0
360000.0,2.0,0.08,1.0,1929.0,2919,07083,"Colonial,",1,1
330000.0,2.0,0.07,1.0,1949.0,2919,07083,"MultiFlr,",1,0
305000.0,2.0,0.12,1.0,1930.0,2919,07083,"Ranch,",2,0
350000.0,2.0,0.05,0.0,1986.0,2919,07083,"OneFloor,TwnEndUn",2,0
350000.0,5.0,0.11,1.0,1977.0,2919,07083,"Bi-Level,",2,0
342000.0,2.0,0.08,0.0,1930.0,2919,07088,"FixrUppr,Bungalow",1,0
370000.0,2.0,0.05,0.0,1986.0,2919,07083,"OneFloor,",2,0
375000.0,2.0,0.06,0.0,1986.0,2919,07083,"FirstFlr,OneFloor",2,0
388000.0,2.0,0.1,1.0,1936.0,2919,07083,"Colonial,",1,0
420000.0,3.0,0.11,1.0,1946.0,2919,07083,"CapeCod,",1,0
375000.0,2.0,0.06,0.0,1986.0,2919,07083,"TwnEndUn,OneFloor",2,0
373700.0,2.0,0.06,0.0,1986.0,2919,07083,"TwnIntUn,MultiFlr,TwnEndUn",2,0
380000.0,2.0,0.05,0.0,1986.0,2919,07083,"FirstFlr,OneFloor,SeeRem",2,0
425000.0,3.0,0.1,0.0,1925.0,2919,07083,"Colonial,",1,1
375000.0,2.0,0.14,1.0,1923.0,2919,07083,"Ranch,",1,0
370000.0,2.0,0.05,0.0,1986.0,2919,07083,"OneFloor,TwnEndUn,TwnIntUn",2,0
390000.0,2.0,0.06,0.0,1986.0,2919,07083,"OneFloor,",2,0
400000.0,2.0,0.06,0.0,1986.0,2919,07083,"MultiFlr,FirstFlr,TwnEndUn",2,0
450000.0,3.0,0.12,1.0,1937.0,2919,07083,"CapeCod,",1,0
375000.0,2.0,0.05,0.0,1986.0,2919,07083,"OneFloor,",2,0
425219.0,2.0,0.11,0.0,1992.0,2919,07088,"TwnIntUn,MultiFlr",2,1
395000.0,2.0,0.06,0.0,1986.0,2919,07083,"MultiFlr,FirstFlr,TwnEndUn",2,0
275000.0,3.0,0.11,1.0,1914.0,2919,07083,"Colonial,",1,1
390000.0,3.0,0.2,1.0,1948.0,2919,07083,"CapeCod,",1,0
390000.0,2.0,0.06,0.0,1986.0,2919,07083,"OneFloor,",2,0
405000.0,4.0,0.18,1.0,1939.0,2919,07083,"CapeCod,",2,0
385000.0,5.0,0.14,1.0,1953.0,2919,07083,"Colonial,",3,0
410000.0,2.0,0.18,1.0,1950.0,2919,07083,"CapeCod,",1,1
435000.0,2.0,0.08,2.0,1929.0,2919,07083,"Colonial,",1,1
421700.0,2.0,0.07,1.0,1993.0,2919,07088,"TwnEndUn,HalfDupl,MultiFlr",1,1
390000.0,3.0,0.15,1.0,1957.0,2919,07083,"SplitLev,",2,0
381000.0,3.0,0.11,1.0,1942.0,2919,07083,"CapeCod,",1,0
440000.0,2.0,0.15,1.0,1927.0,2919,07083,"AFrame,",1,0
460000.0,4.0,0.08,1.0,1930.0,2919,07083,"Colonial,",2,1
461041.0,2.0,0.11,1.0,1933.0,2919,07083,"Colonial,",1,0
450000.0,3.0,0.11,1.0,1939.0,2919,07083,"CapeCod,",1,0
445000.0,3.0,0.12,1.0,1937.0,2919,07083,"CapeCod,",2,0
420000.0,2.0,0.1,0.0,1920.0,2919,07088,"Colonial,",1,1
400000.0,3.0,0.21,1.0,1953.0,2919,07083,"Colonial,",1,0
415000.0,2.0,0.06,0.0,1986.0,2919,07083,"MultiFlr,SeeRem,TwnEndUn",2,0
460000.0,3.0,0.15,0.0,1928.0,2919,07083,"Colonial,",1,0
465000.0,2.0,0.12,0.0,1930.0,2919,07083,"Colonial,",2,0
440000.0,3.0,0.1,2.0,1930.0,2919,07083,"Colonial,",1,0
450000.0,3.0,0.09,1.0,1955.0,2919,07083,"CapeCod,",1,0
510000.0,2.0,0.09,1.0,1920.0,2919,07088,"Colonial,",2,0
425000.0,2.0,0.07,0.0,1986.0,2919,07083,"TwnIntUn,MultiFlr",2,0
505000.0,2.0,0.06,1.0,2000.0,2919,07083,"Duplex,",1,1
470000.0,2.0,0.08,0.0,1913.0,2919,07088,"Colonial,",2,0
410000.0,4.0,0.13,1.0,1957.0,2919,07083,"SplitLev,",1,1
505000.0,3.0,0.11,1.0,1942.0,2919,07083,"CapeCod,",1,0
460000.0,3.0,0.12,1.0,1926.0,2919,07083,"Colonial,",1,1
540000.0,3.0,0.21,2.0,1940.0,2919,07083,"Colonial,",1,2
480000.0,2.0,0.12,1.0,1930.0,2919,07083,"RanchRas,",2,0
450000.0,4.0,0.09,1.0,1928.0,2919,07083,"CapeCod,",2,0
515000.0,4.0,0.14,0.0,1923.0,2919,07083,"Bungalow,",1,0
500000.0,3.0,0.11,1.0,1951.0,2919,07083,"CapeCod,",2,0
545000.0,4.0,0.12,1.0,1929.0,2919,07083,"Colonial,",1,0
450000.0,3.0,0.12,1.0,1953.0,2919,07083,"Colonial,Custom",1,1
490000.0,4.0,0.37,1.0,1949.0,2919,07083,"CapeCod,",1,0
490000.0,3.0,0.09,2.0,1916.0,2919,07083,"CapeCod,",2,0
447500.0,3.0,0.12,1.0,1963.0,2919,07083,"SplitLev,",1,1
508000.0,3.0,0.13,1.0,1953.0,2919,07083,"CapeCod,",1,0
523000.0,3.0,0.12,1.0,1949.0,2919,07083,"CapeCod,",1,0
469000.0,3.0,0.13,1.0,1958.0,2919,07083,"SplitLev,",1,1
550000.0,3.0,0.09,0.0,1927.0,2919,07083,"Colonial,",2,0
500000.0,2.0,0.11,1.0,1938.0,2919,07083,"CapeCod,Tudor",1,1
495000.0,3.0,0.13,1.0,1939.0,2919,07083,"Colonial,",1,1
490000.0,3.0,0.12,1.0,1939.0,2919,07083,"Colonial,",1,0
470000.0,3.0,0.08,0.0,1953.0,2919,07083,"Colonial,",2,1
562000.0,3.0,0.12,1.0,1958.0,2919,07083,"SplitLev,",1,1
535000.0,3.0,0.14,1.0,1953.0,2919,07083,"CapeCod,",2,0
550000.0,3.0,0.14,1.0,1950.0,2919,07083,"CapeCod,",2,0
494900.0,4.0,0.13,1.0,1948.0,2919,07083,"Colonial,",1,1
515000.0,4.0,0.09,1.0,1960.0,2919,07083,"SplitLev,SeeRem",1,1
525000.0,3.0,0.07,0.0,1928.0,2919,07083,"Colonial,",3,0
540000.0,3.0,0.15,1.0,1926.0,2919,07083,"Custom,CapeCod",1,0
479000.0,3.0,0.11,1.0,1949.0,2919,07083,"CapeCod,",1,0
510000.0,4.0,0.09,1.0,1940.0,2919,07083,"CapeCod,",2,0
550000.0,3.0,0.08,1.0,1953.0,2919,07083,"Colonial,",2,0
510000.0,3.0,0.12,2.0,1939.0,2919,07083,"Colonial,",1,1
550000.0,3.0,0.2,1.0,1939.0,2919,07083,"Colonial,",1,1
520000.0,3.0,0.11,0.0,1950.0,2919,07083,"SplitLev,",2,1
485000.0,3.0,0.12,1.0,1928.0,2919,07083,"Colonial,",2,0
505000.0,2.0,0.11,2.0,1958.0,2919,07083,"Cottage,",1,0
525000.0,4.0,0.13,1.0,1929.0,2919,07083,"Colonial,",2,1
483000.0,3.0,0.11,1.0,1948.0,2919,07083,"Colonial,",1,1
499000.0,3.0,0.13,1.0,1939.0,2919,07083,"Colonial,",1,1
510000.0,3.0,0.29,1.0,1953.0,2919,07083,"CapeCod,",2,0
525000.0,3.0,0.18,1.0,1952.0,2919,07083,"CapeCod,",1,0
499000.0,4.0,0.13,1.0,1940.0,2919,07083,"CapeCod,",2,0
540000.0,3.0,0.08,2.0,1940.0,2919,07083,"Colonial,",2,0
540000.0,2.0,0.22,1.0,1939.0,2919,07083,"Colonial,",1,1
510000.0,3.0,0.14,1.0,1953.0,2919,07083,"CapeCod,",1,0
540000.0,2.0,0.1,1.0,1929.0,2919,07083,"Colonial,",1,1
535000.0,3.0,0.13,1.0,1939.0,2919,07083,"Colonial,",1,1
565000.0,3.0,0.11,1.0,1941.0,2919,07083,"CapeCod,",2,0
550000.0,3.0,0.12,1.0,1939.0,2919,07083,"Colonial,",1,1
565000.0,4.0,0.11,1.0,1948.0,2919,07083,"CapeCod,",1,1
555000.0,3.0,0.12,1.0,1939.0,2919,07083,"CapeCod,",1,0
475000.0,3.0,0.11,0.0,1929.0,2919,07083,"Colonial,",1,0
475000.0,3.0,0.16,2.0,1937.0,2919,07083,"Colonial,",1,1
534000.0,2.0,0.18,1.0,1940.0,2919,07083,"CapeCod,",1,0
495000.0,4.0,0.08,1.0,1950.0,2919,07083,"Colonial,",2,0
490000.0,3.0,0.13,1.0,1952.0,2919,07083,"CapeCod,",1,1
545000.0,3.0,0.11,0.0,1945.0,2919,07083,"CapeCod,",2,0
550000.0,4.0,0.11,1.0,1952.0,2919,07083,"CapeCod,",2,0
460000.0,3.0,0.12,0.0,1957.0,2919,07083,"SplitLev,",1,1
570000.0,3.0,0.11,1.0,1940.0,2919,07083,"CapeCod,",3,0
520000.0,5.0,0.16,1.0,1955.0,2919,07083,"CapeCod,",2,0
515000.0,3.0,0.12,2.0,1937.0,2919,07083,"CapeCod,",2,1
520000.0,3.0,0.08,0.0,1926.0,2919,07083,"Colonial,",2,1
552500.0,3.0,0.16,2.0,1930.0,2919,07083,"CapeCod,",2,1
580000.0,3.0,0.09,1.0,1929.0,2919,07083,"Tudor,",2,0
522000.0,3.0,0.08,0.0,1929.0,2919,07083,"Colonial,",1,1
570000.0,3.0,0.15,1.0,1953.0,2919,07083,"CapeCod,",1,1
535000.0,3.0,0.08,0.0,1929.0,2919,07083,"CapeCod,",3,0
526000.0,2.0,0.13,1.0,1929.0,2919,07083,"Colonial,",1,0
560000.0,4.0,0.14,1.0,1951.0,2919,07083,"CapeCod,",2,0
580000.0,3.0,0.08,2.0,1929.0,2919,07083,"CapeCod,",2,1
565000.0,3.0,0.11,1.0,1924.0,2919,07083,"Colonial,",1,0
545000.0,3.0,0.11,1.0,1963.0,2919,07083,"Colonial,Custom,SplitLev",1,1
550000.0,3.0,0.11,1.0,1950.0,2919,07083,"CapeCod,",2,0
525000.0,3.0,0.18,0.0,1942.0,2919,07083,"CapeCod,",2,0
525000.0,3.0,0.12,2.0,1962.0,2919,07083,"SplitLev,",2,0
530000.0,3.0,0.09,1.0,1929.0,2919,07083,"Colonial,",2,0
570000.0,3.0,0.13,1.0,1961.0,2919,07083,"SplitLev,",1,1
551000.0,4.0,0.14,2.0,1925.0,2919,07083,"Colonial,",2,0
575000.0,3.0,0.08,1.0,1959.0,2919,07083,"SplitLev,",1,1
575000.0,3.0,0.12,1.0,1935.0,2919,07083,"CapeCod,",2,0
565000.0,3.0,0.11,1.0,1953.0,2919,07083,"Colonial,",2,0
590000.0,3.0,0.11,1.0,1950.0,2919,07083,"CapeCod,",2,0
530000.0,4.0,0.16,1.0,1951.0,2919,07083,"CapeCod,",1,1
540000.0,3.0,0.09,1.0,1940.0,2919,07083,"Colonial,",1,1
525000.0,3.0,0.26,2.0,1952.0,2919,07088,"CapeCod,",2,0
550000.0,3.0,0.17,1.0,1950.0,2919,07083,"CapeCod,",3,0
540000.0,5.0,0.08,1.0,1925.0,2919,07083,"Colonial,",3,0
575000.0,4.0,0.11,1.0,1948.0,2919,07083,"CapeCod,",2,0
550000.0,4.0,0.07,1.0,1928.0,2919,07083,"CapeCod,",3,0
585000.0,3.0,0.17,1.0,1954.0,2919,07083,"CapeCod,",2,0
524175.0,3.0,0.2,1.0,1940.0,2919,07083,"Colonial,",1,1
545000.0,3.0,0.13,1.0,1948.0,2919,07083,"Colonial,",2,0
555000.0,3.0,0.11,1.0,1950.0,2919,07083,"CapeCod,",2,0
605000.0,4.0,0.08,1.0,1928.0,2919,07083,"CapeCod,",3,0
630000.0,3.0,0.11,1.0,1940.0,2919,07083,"Colonial,",2,0
550000.0,4.0,0.17,1.0,1951.0,2919,07083,"CapeCod,",2,1
549000.0,3.0,0.11,1.0,1968.0,2919,07083,"Colonial,",1,1
555000.0,3.0,0.12,1.0,1964.0,2919,07083,"Bi-Level,",1,1
650500.0,4.0,0.23,1.0,1929.0,2919,07083,"Colonial,",3,0
615000.0,3.0,0.17,1.0,1941.0,2919,07083,"CapeCod,",2,0
595000.0,4.0,0.08,2.0,1930.0,2919,07083,"Contemp,AFrame,MultiFlr",2,0
549800.0,3.0,0.08,1.0,1929.0,2919,07083,"Tudor,",2,0
565000.0,4.0,0.11,2.0,1939.0,2919,07083,"Colonial,",2,1
575000.0,4.0,0.16,1.0,1959.0,2919,07083,"CapeCod,",2,2
600000.0,3.0,0.12,1.0,1948.0,2919,07083,"CapeCod,",2,0
620000.0,4.0,0.11,1.0,1953.0,2919,07083,"Colonial,CapeCod",2,0
550000.0,3.0,0.13,1.0,1953.0,2919,07083,"CapeCod,",1,0
575000.0,3.0,0.17,1.0,1957.0,2919,07083,"SplitLev,",2,1
580000.0,3.0,0.13,0.0,1925.0,2919,07083,"Colonial,",2,0
585000.0,4.0,0.09,1.0,1936.0,2919,07083,"Custom,Colonial",2,0
595000.0,3.0,0.12,0.0,1929.0,2919,07083,"Colonial,",2,0
575000.0,3.0,0.08,2.0,1930.0,2919,07083,"Tudor,Colonial",2,1
560000.0,4.0,0.12,1.0,1953.0,2919,07083,"CapeCod,",2,0
630000.0,4.0,0.08,2.0,1929.0,2919,07083,"Colonial,",2,0
510000.0,2.0,0.09,2.0,1930.0,2919,07083,"Tudor,Ranch",2,0
555000.0,3.0,0.12,1.0,1967.0,2919,07083,"SplitLev,",1,1
520000.0,3.0,0.09,1.0,1928.0,2919,07083,"CapeCod,",1,0
560000.0,3.0,0.12,1.0,1957.0,2919,07083,"SplitLev,",1,1
580000.0,4.0,0.16,1.0,1948.0,2919,07083,"CapeCod,",1,1
600000.0,3.0,0.15,1.0,1953.0,2919,07083,"CapeCod,",2,0
563000.0,4.0,0.11,2.0,1970.0,2919,07083,"Colonial,",2,1
557000.0,2.0,1.41,1.0,2023.0,2919,07083,"MultiFlr,TwnIntUn",2,0
580000.0,3.0,0.09,1.0,1938.0,2919,07083,"CapeCod,",3,0
585000.0,3.0,0.12,1.0,1954.0,2919,07083,"CapeCod,",2,1
605000.0,4.0,0.2,1.0,1952.0,2919,07083,"CapeCod,",2,0
580000.0,4.0,0.11,1.0,1934.0,2919,07083,"Colonial,Tudor",1,1
600000.0,3.0,0.11,1.0,1941.0,2919,07083,"Colonial,",2,0
567500.0,3.0,0.12,1.0,1954.0,2919,07083,"CapeCod,",2,0
575000.0,3.0,0.14,1.0,1920.0,2919,07083,"Colonial,",2,1
640000.0,4.0,0.15,1.0,1958.0,2919,07083,"SplitLev,",2,1
600000.0,3.0,0.2,2.0,1952.0,2919,07083,"CapeCod,",3,0
630000.0,3.0,0.13,1.0,1945.0,2919,07083,"CapeCod,Custom",2,0
590000.0,4.0,0.11,1.0,1939.0,2919,07083,"Colonial,",3,0
615000.0,3.0,0.21,1.0,1953.0,2919,07083,"SplitLev,",2,0
615000.0,3.0,0.15,1.0,1939.0,2919,07083,"Colonial,",1,1
545000.0,3.0,0.11,1.0,1939.0,2919,07083,"Colonial,",1,1
610024.0,4.0,0.12,1.0,1955.0,2919,07083,"CapeCod,",2,0
620000.0,3.0,0.1,1.0,1951.0,2919,07083,"Colonial,",1,1
645000.0,3.0,0.09,1.0,1932.0,2919,07083,"Colonial,",1,2
630000.0,3.0,0.13,1.0,1939.0,2919,07083,"Colonial,",2,0
615000.0,3.0,0.12,2.0,1929.0,2919,07083,"Colonial,",1,1
580000.0,3.0,0.14,1.0,1942.0,2919,07083,"CapeCod,",1,1
640000.0,4.0,0.09,0.0,1929.0,2919,07083,"Colonial,",3,0
604000.0,3.0,0.17,1.0,1953.0,2919,07083,"CapeCod,",2,0
540000.0,4.0,0.11,1.0,1939.0,2919,07083,"Colonial,",2,1
650000.0,3.0,0.17,1.0,1947.0,2919,07083,"SplitLev,",2,0
635000.0,3.0,0.2,1.0,1940.0,2919,07083,"CapeCod,",2,1
600000.0,3.0,0.12,1.0,1957.0,2919,07083,"SplitLev,",2,0
600000.0,3.0,0.15,1.0,1948.0,2919,07083,"CapeCod,",1,1
615000.0,3.0,0.11,0.0,1933.0,2919,07083,"Colonial,",2,1
605000.0,4.0,0.11,2.0,1954.0,2919,07083,"SplitLev,",1,0
620000.0,3.0,0.19,1.0,1956.0,2919,07083,"SplitLev,",1,1
610000.0,4.0,0.14,2.0,1940.0,2919,07083,"Colonial,Tudor",3,1
650000.0,3.0,0.09,1.0,1930.0,2919,07083,"Colonial,",2,1
650000.0,3.0,0.14,1.0,1949.0,2919,07083,"Custom,",3,0
610000.0,3.0,0.12,1.0,1940.0,2919,07083,"Colonial,AFrame",1,1
645000.0,3.0,0.13,1.0,1939.0,2919,07083,"CapeCod,",2,0
662000.0,3.0,0.13,1.0,1949.0,2919,07083,"CapeCod,",2,0
590000.0,3.0,0.11,1.0,1935.0,2919,07083,"CapeCod,",2,0
620000.0,3.0,0.13,1.0,1952.0,2919,07083,"Colonial,",1,1
637500.0,3.0,0.11,1.0,1940.0,2919,07083,"Colonial,",1,1
595000.0,3.0,0.08,1.0,1963.0,2919,07083,"SplitLev,",2,1
650000.0,4.0,0.09,2.0,1928.0,2919,07083,"CapeCod,Custom",3,0
615000.0,4.0,0.13,2.0,1953.0,2919,07083,"Bi-Level,",2,0
664000.0,4.0,0.17,1.0,1953.0,2919,07083,"SplitLev,",2,0
605000.0,3.0,0.16,1.0,1948.0,2919,07083,"Colonial,",2,1
660000.0,3.0,0.16,2.0,1955.0,2919,07083,"SplitLev,",2,1
650000.0,3.0,0.12,1.0,1958.0,2919,07083,"SplitLev,",2,0
635000.0,3.0,0.13,1.0,1959.0,2919,07083,"SplitLev,",2,1
610000.0,3.0,0.14,1.0,1935.0,2919,07083,"Colonial,",1,1
675000.0,3.0,0.13,1.0,1956.0,2919,07083,"SplitLev,",2,0
626000.0,3.0,0.13,1.0,1950.0,2919,07083,"CapeCod,",2,0
655000.0,3.0,0.11,1.0,1945.0,2919,07083,"Colonial,",2,0
660000.0,3.0,0.14,1.0,1959.0,2919,07083,"CapeCod,",2,0
625000.0,3.0,0.12,1.0,1940.0,2919,07083,"Colonial,",1,1
645000.0,3.0,0.13,1.0,1966.0,2919,07083,"SplitLev,",1,1
642000.0,3.0,0.12,2.0,1980.0,2919,07083,"SplitLev,",2,1
640000.0,5.0,0.11,1.0,1938.0,2919,07083,"CapeCod,",2,0
605000.0,3.0,0.11,1.0,1938.0,2919,07083,"Detached,Colonial",2,0
615000.0,3.0,0.13,1.0,1960.0,2919,07083,"SplitLev,Custom",2,1
680000.0,4.0,0.14,1.0,1939.0,2919,07083,"Colonial,",2,1
675000.0,3.0,0.08,0.0,1929.0,2919,07083,"Colonial,",2,1
575000.0,3.0,0.11,1.0,1953.0,2919,07083,"CapeCod,",2,0
600000.0,4.0,0.13,1.0,1953.0,2919,07083,"Colonial,",2,1
565000.0,3.0,0.09,1.0,1930.0,2919,07083,"Colonial,",3,0
660000.0,3.0,0.2,2.0,1951.0,2919,07083,"Colonial,",2,0
570000.0,4.0,0.09,1.0,1930.0,2919,07088,"CapeCod,",2,0
625000.0,4.0,0.12,1.0,1957.0,2919,07083,"SplitLev,",2,0
615000.0,3.0,0.18,2.0,1981.0,2919,07083,"SplitLev,",2,1
645000.0,3.0,0.14,1.0,1939.0,2919,07083,"SplitLev,",2,0
619000.0,4.0,0.17,2.0,1956.0,2919,07083,"SplitLev,",2,1
640000.0,4.0,0.19,2.0,1974.0,2919,07083,"Colonial,",2,1
650000.0,4.0,0.16,1.0,1955.0,2919,07083,"CapeCod,MultiFlr",2,0
685000.0,4.0,0.14,2.0,1992.0,2919,07083,"SplitLev,",3,0
657250.0,3.0,0.13,0.0,1936.0,2919,07083,"Colonial,",2,1
600000.0,3.0,0.16,1.0,1953.0,2919,07083,"SplitLev,",2,0
650000.0,4.0,0.08,1.0,1930.0,2919,07083,"Colonial,",2,1
638000.0,3.0,0.2,1.0,1960.0,2919,07083,"SplitLev,",1,1
641000.0,3.0,0.11,1.0,1939.0,2919,07083,"CapeCod,",2,1
625000.0,3.0,0.12,1.0,1954.0,2919,07083,"SplitLev,",1,1
675000.0,4.0,0.16,1.0,1941.0,2919,07083,"Colonial,",2,1
650000.0,3.0,0.11,2.0,1961.0,2919,07083,"Bi-Level,",2,0
665000.0,3.0,0.13,2.0,1966.0,2919,07083,"SplitLev,",2,1
600000.0,4.0,0.14,1.0,1936.0,2919,07083,"Colonial,",3,0
675000.0,5.0,0.16,1.0,1939.0,2919,07083,"CapeCod,",2,0
645000.0,3.0,0.12,1.0,1959.0,2919,07083,"SplitLev,",2,1
630000.0,3.0,0.15,1.0,1954.0,2919,07083,"SplitLev,",2,1
660000.0,3.0,0.13,1.0,1956.0,2919,07083,"SplitLev,",1,1
700000.0,3.0,0.14,1.0,1934.0,2919,07083,"Colonial,",1,1
690000.0,3.0,0.16,1.0,1960.0,2919,07083,"SplitLev,",3,1
650000.0,4.0,0.09,1.0,1929.0,2919,07083,"CapeCod,",2,1
690000.0,4.0,0.14,2.0,1982.0,2919,07083,"Colonial,",2,1
700000.0,3.0,0.14,1.0,1957.0,2919,07083,"SplitLev,",3,0
650000.0,4.0,0.12,1.0,1957.0,2919,07083,"SeeRem,",3,0
700000.0,4.0,0.19,1.0,1950.0,2919,07083,"CapeCod,",2,1
649000.0,3.0,0.11,1.0,1950.0,2919,07083,"CapeCod,",3,0
710000.0,3.0,0.13,1.0,1959.0,2919,07083,"SplitLev,",2,0
710000.0,3.0,0.18,1.0,1953.0,2919,07083,"Colonial,",2,0
630000.0,4.0,0.17,1.0,1940.0,2919,07083,"Colonial,Detached",2,0
650000.0,4.0,0.11,1.0,1954.0,2919,07083,"SplitLev,",2,2
650000.0,5.0,0.19,1.0,1978.0,2919,07083,"SplitLev,",2,0
665000.0,4.0,0.11,2.0,1953.0,2919,07083,"Colonial,",2,1
625000.0,5.0,0.22,2.0,1960.0,2919,07083,"SplitLev,",3,0
672000.0,3.0,0.11,2.0,1987.0,2919,07083,"Colonial,",2,1
705313.0,4.0,0.11,1.0,1937.0,2919,07083,"Colonial,",2,0
683000.0,4.0,0.14,2.0,1963.0,2919,07083,"SplitLev,",2,1
650000.0,4.0,0.11,1.0,1949.0,2919,07083,"CapeCod,Detached",3,0
685000.0,3.0,0.11,1.0,1929.0,2919,07083,"Colonial,",3,1
720000.0,4.0,0.16,1.0,1962.0,2919,07083,"SplitLev,",3,1
705000.0,3.0,0.15,2.0,1941.0,2919,07083,"SplitLev,",2,0
686000.0,4.0,0.22,2.0,1981.0,2919,07083,"Colonial,",2,1
720000.0,3.0,0.19,1.0,1953.0,2919,07083,"Colonial,",2,1
657000.0,4.0,0.15,0.0,1948.0,2919,07083,"CapeCod,Custom",2,1
650000.0,3.0,0.08,1.0,1953.0,2919,07083,"SplitLev,",2,1
710000.0,3.0,0.18,1.0,1968.0,2919,07083,"Ranch,",3,0
695000.0,4.0,0.11,1.0,1950.0,2919,07083,"CapeCod,",3,0
675000.0,4.0,0.13,2.0,1973.0,2919,07083,"Bi-Level,",2,1
690000.0,4.0,0.11,1.0,1930.0,2919,07083,"Colonial,",3,0
715000.0,4.0,0.2,1.0,2024.0,2919,07088,"MultiFlr,TwnEndUn",2,1
695000.0,4.0,0.2,1.0,2024.0,2919,07088,"TwnEndUn,MultiFlr",2,1
705000.0,4.0,0.15,1.0,1958.0,2919,07083,"CapeCod,",3,0
697000.0,4.0,0.32,1.0,1958.0,2919,07083,"SplitLev,",2,0
680000.0,4.0,0.14,1.0,1958.0,2919,07083,"SplitLev,",3,0
725000.0,3.0,0.12,1.0,1940.0,2919,07083,"Colonial,",2,1
670000.0,4.0,0.13,1.0,1933.0,2919,07083,"Colonial,",2,0
760000.0,3.0,0.17,2.0,1950.0,2919,07083,"SplitLev,",2,1
699000.0,4.0,0.21,2.0,1920.0,2919,07083,"Colonial,Custom",2,1
740000.0,5.0,0.14,1.0,1937.0,2919,07083,"Colonial,",4,0
740000.0,3.0,0.14,2.0,1959.0,2919,07083,"SplitLev,",2,0
705000.0,4.0,0.12,2.0,1960.0,2919,07083,"SplitLev,",2,1
710000.0,3.0,0.13,2.0,1966.0,2919,07083,"SplitLev,",2,1
765000.0,4.0,0.15,1.0,1960.0,2919,07083,"Bi-Level,",2,0
745000.0,3.0,0.08,1.0,1914.0,2919,07083,"Colonial,",2,1
730000.0,4.0,0.13,1.0,1954.0,2919,07083,"Colonial,",2,1
751000.0,4.0,0.13,1.0,1940.0,2919,07083,"Colonial,",2,1
725000.0,5.0,0.14,1.0,1955.0,2919,07083,"CapeCod,Custom",2,1
755000.0,3.0,0.21,1.0,2006.0,2919,07083,"Colonial,Custom",4,1
760000.0,4.0,0.27,2.0,1949.0,2919,07083,"CapeCod,",3,0
720000.0,3.0,0.14,2.0,1960.0,2919,07083,"SplitLev,",2,0
729000.0,3.0,0.14,1.0,1940.0,2919,07083,"Colonial,",3,0
745000.0,4.0,0.2,2.0,1929.0,2919,07083,"Colonial,",3,0
825000.0,4.0,0.11,1.0,1950.0,2919,07083,"CapeCod,Colonial",3,0
745500.0,4.0,0.26,1.0,1941.0,2919,07083,"Colonial,",3,1
800000.0,3.0,0.13,1.0,1953.0,2919,07083,"Colonial,",3,0
735000.0,5.0,0.14,1.0,1950.0,2919,07083,"Colonial,",4,0
770000.0,4.0,0.18,2.0,1947.0,2919,07083,"Colonial,",2,1
790000.0,4.0,0.25,1.0,1949.0,2919,07083,"Colonial,",3,0
790000.0,3.0,0.14,1.0,1948.0,2919,07083,"Colonial,",3,1
820000.0,4.0,0.12,1.0,2025.0,2919,07083,"Custom,CapeCod",4,0
845000.0,5.0,0.13,0.0,1940.0,2919,07083,"Colonial,",4,0
815000.0,4.0,0.33,3.0,1997.0,2919,07083,"Custom,",4,0
830000.0,4.0,0.31,1.0,1941.0,2919,07083,"Colonial,",2,2
770000.0,4.0,0.14,2.0,1953.0,2919,07083,"Colonial,",4,0
840000.0,4.0,0.14,1.0,1948.0,2919,07083,"Colonial,",4,0
822000.0,5.0,0.15,1.0,1948.0,2919,07083,"Detached,",5,0
854000.0,4.0,0.14,1.0,2019.0,2919,07083,"Colonial,",3,2
880000.0,4.0,0.15,2.0,2007.0,2919,07083,"Custom,",3,1
850000.0,4.0,0.17,1.0,1953.0,2919,07083,"Custom,SplitLev",3,0
875000.0,4.0,0.11,1.0,1958.0,2919,07083,"Colonial,AFrame,CnvStrct",4,1
925000.0,5.0,0.09,2.0,1953.0,2919,07083,"Colonial,",4,0
991000.0,5.0,0.18,1.0,1953.0,2919,07083,"Colonial,",5,0
995000.0,4.0,0.16,2.0,2024.0,2919,07083,"Contemp,",2,1
999900.0,5.0,0.16,1.0,1953.0,2919,07083,"Contemp,",5,0
998880.0,5.0,0.15,1.0,1950.0,2919,07083,"Colonial,",3,1
1025000.0,5.0,0.2,1.0,1950.0,2919,07083,"Colonial,",4,1
1040000.0,7.0,1.0,1.0,1920.0,2919,07083,"Colonial,",5,1
1150000.0,3.0,0.46,5.0,1953.0,2901,07922,"Custom,",2,1
512000.0,2.0,0.14,1.0,1987.0,2901,07922,"TwnIntUn,MultiFlr",2,1
469000.0,3.0,0.34,1.0,1940.0,2901,07922,"Colonial,",1,1
540000.0,2.0,0.57,2.0,1937.0,2901,07922,"Cottage,",1,0
580000.0,3.0,0.14,1.0,1989.0,2901,07922,"TwnIntUn,MultiFlr",2,1
510000.0,2.0,0.25,0.0,1924.0,2901,07922,"Colonial,",1,0
635000.0,3.0,0.14,1.0,1989.0,2901,07922,"TwnIntUn,MultiFlr",2,1
670000.0,3.0,0.33,1.0,1953.0,2901,07922,"Ranch,",1,0
715000.0,4.0,0.42,1.0,1957.0,2901,07922,"Colonial,",1,1
630000.0,4.0,0.37,0.0,1957.0,2901,07922,"CapeCod,",2,0
646000.0,4.0,0.41,1.0,1959.0,2901,07922,"Ranch,",2,0
658000.0,2.0,0.2,1.0,1990.0,2901,07922,"TwnEndUn,MultiFlr",2,1
755000.0,3.0,0.13,1.0,2017.0,2901,07922,"TwnEndUn,MultiFlr",2,1
727500.0,4.0,0.74,2.0,1933.0,2901,07922,"CapeCod,",1,1
726000.0,3.0,0.27,1.0,1953.0,2901,07922,"Ranch,",2,0
737500.0,3.0,0.23,2.0,1930.0,2901,07922,"Colonial,",1,1
680000.0,3.0,0.2,2.0,1990.0,2901,07922,"TwnEndUn,MultiFlr",2,1
782800.0,3.0,0.17,1.0,1986.0,2901,07922,"CapeCod,",2,0
775000.0,3.0,0.69,1.0,1967.0,2901,07922,"SplitLev,",1,1
775000.0,3.0,0.44,2.0,1955.0,2901,07922,"Ranch,",2,1
775000.0,3.0,0.37,2.0,1956.0,2901,07922,"Ranch,",2,1
790000.0,4.0,0.23,0.0,1964.0,2901,07922,"Bi-Level,",1,1
805000.0,3.0,0.3,1.0,1926.0,2901,07922,"Colonial,",1,1
810000.0,3.0,0.46,1.0,1956.0,2901,07922,"CapeCod,",2,1
810000.0,3.0,0.29,1.0,1953.0,2901,07922,"Ranch,",1,1
710000.0,3.0,0.3,2.0,1958.0,2901,07922,"Ranch,",2,0
752000.0,3.0,0.28,2.0,1953.0,2901,07922,"Ranch,",1,1
655000.0,3.0,0.63,2.0,1946.0,2901,07922,"CapeCod,",2,0
701000.0,3.0,0.47,1.0,1948.0,2901,07922,"Ranch,",2,0
825000.0,4.0,0.26,1.0,1959.0,2901,07922,"Custom,",2,1
735000.0,3.0,0.32,2.0,1962.0,2901,07974,"SplitLev,",2,1
780000.0,4.0,0.28,2.0,1956.0,2901,07922,"Custom,SplitLev",3,0
825000.0,3.0,0.39,2.0,1960.0,2901,07922,"SplitLev,",2,1
760000.0,4.0,0.24,1.0,1938.0,2901,07922,"CapeCod,",2,0
750000.0,4.0,0.23,1.0,1953.0,2901,07922,"CapeCod,",2,0
808108.0,3.0,0.07,2.0,2013.0,2901,07922,"TwnEndUn,MultiFlr",3,1
765000.0,4.0,0.37,2.0,1954.0,2901,07922,"Ranch,",3,0
860000.0,4.0,0.21,0.0,1952.0,2901,07922,"CapeCod,",2,0
775000.0,4.0,0.69,2.0,1937.0,2901,07922,"Colonial,",1,2
780000.0,3.0,0.51,2.0,1972.0,2901,07922,"SplitLev,",3,0
878000.0,3.0,0.34,2.0,1965.0,2901,07922,"RanchRas,",2,0
890000.0,4.0,0.28,2.0,1965.0,2901,07922,"Bi-Level,",2,1
809000.0,3.0,0.18,1.0,1960.0,2901,07922,"CapeCod,",2,1
810000.0,3.0,0.32,2.0,1960.0,2901,07922,"SplitLev,",2,1
916000.0,3.0,0.32,1.0,1959.0,2901,07922,"SplitLev,",2,1
907000.0,4.0,0.21,1.0,1954.0,2901,07922,"CapeCod,Custom",3,0
917500.0,4.0,0.44,1.0,1963.0,2901,07922,"Ranch,",3,0
1051000.0,4.0,0.94,4.0,1935.0,2901,07922,"Ranch,",2,0
939000.0,4.0,0.26,1.0,1942.0,2901,07922,"Colonial,",2,0
770000.0,4.0,0.23,1.0,1969.0,2901,07922,"Bi-Level,",2,0
975000.0,4.0,0.48,2.0,1983.0,2901,07922,"Bi-Level,",3,0
875000.0,4.0,0.36,2.0,1951.0,2901,07922,"SplitLev,",2,1
800000.0,5.0,0.34,1.0,1962.0,2901,07922,"Colonial,",2,1
907500.0,4.0,0.72,2.0,1976.0,2901,07922,"Colonial,",2,1
925000.0,4.0,0.54,2.0,1963.0,2901,07922,"SplitLev,",2,1
930000.0,3.0,0.37,1.0,1957.0,2901,07922,"SplitLev,",2,1
865000.0,4.0,0.28,1.0,1959.0,2901,07922,"Ranch,",2,0
825000.0,4.0,0.28,1.0,1960.0,2901,07922,"SplitLev,Detached",2,1
1051000.0,3.0,0.45,2.0,1953.0,2901,07922,"CapeCod,",2,1
800000.0,4.0,0.32,2.0,1955.0,2901,07922,"Bi-Level,",3,0
880000.0,4.0,0.32,2.0,1966.0,2901,07922,"Bi-Level,",2,1
950000.0,4.0,0.59,2.0,1980.0,2901,07922,"SplitLev,Contemp,Custom",2,1
1050000.0,3.0,0.25,2.0,1959.0,2901,07922,"SplitLev,",2,1
900013.0,3.0,0.34,1.0,1959.0,2901,07922,"Ranch,",2,0
962000.0,4.0,0.32,2.0,1961.0,2901,07922,"SplitLev,",2,1
895000.0,4.0,0.39,1.0,1954.0,2901,07922,"Ranch,",3,0
970088.0,4.0,0.47,2.0,1960.0,2901,07922,"Bi-Level,",2,1
837450.0,4.0,0.36,2.0,1961.0,2901,07922,"Bi-Level,",2,1
900000.0,4.0,0.43,1.0,1960.0,2901,07922,"SplitLev,",2,1
1050000.0,3.0,0.34,2.0,1959.0,2901,07974,"SplitLev,",2,1
866000.0,4.0,0.34,2.0,1960.0,2901,07974,"SplitLev,",2,1
950000.0,4.0,0.28,1.0,1962.0,2901,07922,"SplitLev,",2,1
920000.0,4.0,0.63,2.0,1961.0,2901,07922,"SplitLev,",2,1
962000.0,4.0,0.35,2.0,1967.0,2901,07922,"Colonial,",2,1
1025000.0,4.0,0.5,2.0,1954.0,2901,07922,"SplitLev,",2,1
1025000.0,3.0,0.51,2.0,1958.0,2901,07974,"SplitLev,",2,1
960000.0,6.0,0.81,2.0,1940.0,2901,07922,"CapeCod,",3,1
1060000.0,5.0,0.17,1.0,2001.0,2901,07922,"Colonial,",2,1
1100000.0,4.0,1.44,2.0,1967.0,2901,07922,"Ranch,",4,0
1030000.0,4.0,0.38,2.0,1959.0,2901,07922,"SplitLev,",3,1
1171000.0,4.0,0.31,2.0,1959.0,2901,07922,"Colonial,SplitLev",2,1
1022000.0,4.0,0.28,2.0,1961.0,2901,07922,"Custom,SplitLev",2,1
960000.0,4.0,0.28,2.0,1962.0,2901,07922,"Bi-Level,",3,0
1025000.0,4.0,0.62,2.0,1965.0,2901,07922,"Colonial,",2,1
999000.0,4.0,0.23,2.0,1986.0,2901,07922,"Bi-Level,",3,0
860000.0,4.0,0.31,1.0,1958.0,2901,07922,"Custom,",3,0
990000.0,5.0,0.31,2.0,1972.0,2901,07922,"Colonial,",2,1
1200000.0,4.0,0.46,2.0,1967.0,2901,07922,"Ranch,",3,0
1150000.0,3.0,0.46,2.0,1960.0,2901,07901,"Ranch,Custom",2,1
985000.0,4.0,0.19,1.0,1955.0,2901,07922,"Colonial,",3,0
1175000.0,5.0,0.22,1.0,1952.0,2901,07922,"Colonial,",3,1
1125000.0,4.0,0.25,2.0,1959.0,2901,07922,"Contemp,Colonial",3,1
1150000.0,5.0,0.28,2.0,1992.0,2901,07922,"Colonial,Custom",3,1
1130000.0,6.0,0.44,2.0,2001.0,2901,07922,"Colonial,",3,0
1189000.0,5.0,0.49,2.0,1966.0,2901,07922,"SplitLev,",2,1
1200000.0,4.0,0.43,2.0,1959.0,2901,07922,"SplitLev,",4,0
280000.0,1.0,0.02,0.0,1960.0,2902,07066,"FirstFlr,OneFloor",1,0
450000.0,3.0,0.2,0.0,1950.0,2902,07066,"CapeCod,",1,0
470000.0,3.0,0.13,1.0,1952.0,2902,07066,"Ranch,",1,0
450000.0,4.0,0.13,1.0,1953.0,2902,07066,"CapeCod,",1,0
650000.0,4.0,0.12,1.0,1948.0,2902,07066,"CapeCod,",2,0
440000.0,4.0,0.12,1.0,1940.0,2902,07066,"Colonial,",3,1
460000.0,3.0,0.13,1.0,1953.0,2902,07066,"Colonial,",1,0
475000.0,2.0,0.09,0.0,1935.0,2902,07066,"Ranch,",1,1
460000.0,3.0,0.15,2.0,1942.0,2902,07066,"Bi-Level,FixrUppr",1,1
517200.0,3.0,0.12,1.0,1953.0,2902,07066,"CapeCod,",2,0
550000.0,3.0,0.16,1.0,1950.0,2902,07066,"Ranch,",2,0
512500.0,3.0,0.2,1.0,1957.0,2902,07066,"SplitLev,",1,1
455000.0,3.0,0.12,1.0,1942.0,2902,07066,"CapeCod,",1,1
553000.0,3.0,0.15,1.0,1960.0,2902,07066,"SplitLev,",1,1
510000.0,4.0,0.14,1.0,1949.0,2902,07066,"CapeCod,",2,0
525000.0,4.0,0.14,0.0,1951.0,2902,07066,"CapeCod,",2,0
510000.0,4.0,0.17,0.0,1954.0,2902,07066,"CapeCod,",1,1
525000.0,4.0,0.17,1.0,1953.0,2902,07066,"CapeCod,",1,0
565000.0,2.0,0.1,0.0,1931.0,2902,07066,"CapeCod,",2,1
582000.0,4.0,0.14,1.0,1951.0,2902,07066,"CapeCod,",2,0
620000.0,3.0,0.17,1.0,1963.0,2902,07065,"Ranch,",2,0
570000.0,3.0,0.12,1.0,1950.0,2902,07066,"CapeCod,",2,0
545000.0,4.0,0.15,1.0,1950.0,2902,07066,"CapeCod,",1,0
540000.0,4.0,0.18,1.0,1957.0,2902,07066,"Custom,",2,0
578500.0,3.0,0.13,0.0,1951.0,2902,07066,"Ranch,",2,0
560000.0,3.0,0.17,1.0,1953.0,2902,07066,"Ranch,",1,1
525000.0,3.0,0.16,0.0,1942.0,2902,07066,"CapeCod,",2,0
550000.0,3.0,0.12,2.0,1930.0,2902,07066,"Colonial,",2,0
535000.0,3.0,0.09,0.0,1953.0,2902,07066,"Colonial,",2,0
560000.0,4.0,0.12,1.0,1943.0,2902,07066,"CapeCod,Custom",2,1
605000.0,4.0,0.17,0.0,1951.0,2902,07066,"CapeCod,",2,0
592000.0,3.0,0.17,1.0,1960.0,2902,07066,"Ranch,",1,0
560000.0,3.0,0.12,1.0,1953.0,2902,07066,"Ranch,",2,0
600000.0,3.0,0.12,1.0,1953.0,2902,07066,"CapeCod,",2,0
579000.0,4.0,0.12,1.0,1953.0,2902,07066,"CapeCod,",1,0
629000.0,3.0,0.24,1.0,1965.0,2902,07066,"Ranch,",1,1
620000.0,3.0,0.23,2.0,1957.0,2902,07066,"SplitLev,",2,0
655000.0,4.0,0.34,2.0,1962.0,2902,07066,"FixrUppr,Bi-Level",2,1
599000.0,3.0,0.21,1.0,1953.0,2902,07066,"Ranch,",2,0
600000.0,4.0,0.14,1.0,1953.0,2902,07066,"CapeCod,",2,0
620000.0,3.0,0.12,0.0,1953.0,2902,07066,"CapeCod,Custom",1,1
630000.0,3.0,0.15,1.0,1953.0,2902,07066,"CapeCod,",2,0
678000.0,4.0,0.24,1.0,1953.0,2902,07066,"RanchExp,",2,0
645000.0,3.0,0.17,1.0,1951.0,2902,07066,"CapeCod,",2,0
655000.0,3.0,0.25,1.0,1953.0,2902,07066,"CapeCod,",2,0
650000.0,3.0,0.12,1.0,1960.0,2902,07066,"SplitLev,",1,1
640000.0,2.0,0.28,2.0,1950.0,2902,07066,"RanchExp,",2,0
630000.0,3.0,0.14,0.0,1954.0,2902,07066,"CapeCod,",2,0
540000.0,4.0,0.34,0.0,1962.0,2902,07066,"Bi-Level,Custom,SeeRem",2,1
625000.0,2.0,0.11,1.0,1989.0,2902,07066,"TwnIntUn,MultiFlr",2,1
585000.0,5.0,0.69,2.0,1966.0,2902,07066,"Ranch,",3,1
637000.0,4.0,0.14,1.0,1942.0,2902,07066,"CapeCod,SeeRem",2,0
630000.0,4.0,0.22,2.0,1953.0,2902,07066,"CapeCod,",2,0
625000.0,3.0,0.15,1.0,1959.0,2902,07066,"SplitLev,",1,1
615000.0,4.0,0.33,1.0,1957.0,2902,07066,"Ranch,",2,0
690000.0,4.0,0.36,1.0,1966.0,2902,07066,"SplitLev,",2,1
630000.0,4.0,0.18,1.0,1956.0,2902,07066,"CapeCod,",1,1
645000.0,3.0,0.23,2.0,1920.0,2902,07066,"Colonial,",2,1
634000.0,2.0,0.11,1.0,1989.0,2902,07066,"TwnIntUn,MultiFlr",2,1
699000.0,3.0,0.13,0.0,1923.0,2902,07066,"Colonial,",2,1
605000.0,3.0,0.34,1.0,1963.0,2902,07066,"SplitLev,",2,1
647500.0,4.0,0.21,0.0,1953.0,2902,07066,"CapeCod,",2,0
660000.0,3.0,0.12,2.0,1950.0,2902,07066,"Colonial,Custom",2,0
735000.0,4.0,0.23,1.0,1963.0,2902,07066,"SplitLev,",2,0
610000.0,3.0,0.23,1.0,1953.0,2902,07066,"Ranch,",2,0
685000.0,4.0,0.12,1.0,1950.0,2902,07066,"Contemp,Detached",2,1
689000.0,4.0,0.12,0.0,1950.0,2902,07066,"CapeCod,Custom",2,0
750000.0,4.0,0.34,2.0,1963.0,2902,07066,"SplitLev,",2,1
675000.0,2.0,1.08,2.0,1996.0,2902,07066,"TwnEndUn,MultiFlr",2,1
650000.0,4.0,0.23,2.0,1975.0,2902,07066,"Bi-Level,MultiFlr",2,1
725000.0,4.0,0.17,1.0,1963.0,2902,07066,"SplitLev,",2,0
699000.0,4.0,0.12,1.0,1953.0,2902,07066,"SplitLev,",2,0
690000.0,4.0,0.15,1.0,1954.0,2902,07066,"SplitLev,",2,0
760000.0,3.0,0.21,1.0,1959.0,2902,07066,"SplitLev,",1,1
740000.0,4.0,0.3,2.0,1953.0,2902,07066,"Colonial,",2,1
655000.0,4.0,0.34,1.0,1953.0,2902,07066,"Bi-Level,SeeRem",3,0
700000.0,3.0,0.38,2.0,1953.0,2902,07066,"RanchExp,",1,1
670000.0,3.0,0.38,2.0,1962.0,2902,07066,"SplitLev,",2,1
775000.0,3.0,0.46,2.0,1965.0,2902,07066,"Ranch,",2,0
775000.0,3.0,0.24,1.0,1960.0,2902,07066,"RanchExp,Ranch",2,0
690000.0,3.0,0.21,1.0,1960.0,2902,07066,"SplitLev,",2,0
771000.0,3.0,0.12,1.0,1954.0,2902,07066,"SplitLev,",1,1
640000.0,4.0,0.35,1.0,1963.0,2902,07066,"Bi-Level,",2,1
750000.0,4.0,0.18,1.0,1942.0,2902,07066,"Colonial,",3,1
700000.0,3.0,0.29,2.0,1956.0,2902,07066,"Ranch,",2,2
725000.0,4.0,0.4,2.0,1953.0,2902,07066,"SplitLev,",3,0
760000.0,5.0,0.36,1.0,1962.0,2902,07066,"SplitLev,Custom",2,1
760000.0,4.0,0.16,0.0,1960.0,2902,07066,"Colonial,",2,1
800000.0,3.0,0.36,1.0,1955.0,2902,07066,"SplitLev,Custom",3,0
800000.0,3.0,0.2,1.0,1957.0,2902,07066,"SplitLev,",3,0
815000.0,3.0,0.33,1.0,1964.0,2902,07066,"Ranch,",2,1
795000.0,3.0,0.17,0.0,1951.0,2902,07066,"Ranch,",2,1
830000.0,4.0,0.18,1.0,1959.0,2902,07066,"SplitLev,",3,0
799000.0,5.0,0.12,1.0,1953.0,2902,07066,"SplitLev,Custom",2,1
780000.0,5.0,0.15,2.0,1975.0,2902,07066,"Colonial,",4,1
860000.0,3.0,0.23,1.0,1953.0,2902,07066,"SplitLev,",2,1
825000.0,4.0,0.34,2.0,1950.0,2902,07066,"SplitLev,",2,0
817500.0,3.0,0.34,1.0,1955.0,2902,07066,"SplitLev,",1,1
849000.0,4.0,0.35,2.0,1952.0,2902,07066,"CapeCod,",2,1
900000.0,4.0,0.14,2.0,1945.0,2902,07066,"Colonial,",3,1
915000.0,4.0,0.34,2.0,1963.0,2902,07066,"Bi-Level,",2,1
903000.0,4.0,0.34,1.0,1963.0,2902,07066,"SplitLev,",2,1
960000.0,4.0,0.14,2.0,2011.0,2902,07066,"Bi-Level,",3,0
950000.0,5.0,0.4,2.0,2001.0,2902,07066,"Colonial,",2,1
935000.0,4.0,0.35,2.0,1987.0,2902,07066,"Colonial,",2,1
959000.0,4.0,0.42,2.0,1966.0,2902,07066,"Colonial,",2,1
882000.0,4.0,0.36,1.0,1965.0,2902,07066,"SplitLev,",2,1
900000.0,4.0,0.17,2.0,1960.0,2902,07066,"Colonial,",3,1
910000.0,5.0,0.38,1.0,1957.0,2902,07066,"SplitLev,Custom",3,0
920000.0,5.0,0.14,1.0,1953.0,2902,07066,"Colonial,",4,0
930000.0,4.0,0.55,1.0,1961.0,2902,07066,"SplitLev,",2,1
980000.0,4.0,0.47,2.0,1953.0,2902,07066,"Custom,",2,1
999000.0,4.0,0.21,1.0,1961.0,2902,07066,"SplitLev,",3,0
999000.0,4.0,0.35,2.0,1968.0,2902,07066,"Colonial,",3,1
1018000.0,4.0,0.25,1.0,2016.0,2902,07066,"Colonial,",3,1
950000.0,5.0,0.27,2.0,1968.0,2902,07066,"SeeRem,Custom",3,0
965000.0,5.0,0.14,1.0,1953.0,2902,07066,"Contemp,Custom",3,1
1200000.0,4.0,0.5,2.0,1999.0,2902,07066,"Colonial,",3,1
1100000.0,5.0,0.23,2.0,2008.0,2902,07066,"Custom,",3,1
1200000.0,5.0,0.24,2.0,1950.0,2902,07066,"Colonial,",3,1
999500.0,6.0,0.42,2.0,1997.0,2902,07066,"Colonial,",4,0
415000.0,2.0,0.06,0.0,1945.0,2905,07023,"HalfDupl,MultiFlr,TwnIntUn",1,0
410000.0,2.0,0.06,0.0,1940.0,2905,07023,"TwnIntUn,MultiFlr",1,0
568108.0,3.0,0.13,1.0,1960.0,2905,07023,"Ranch,",1,1
550000.0,4.0,0.16,1.0,1950.0,2905,07023,"CapeCod,",2,0
523000.0,2.0,0.16,1.0,1950.0,2905,07023,"Ranch,",1,1
560000.0,3.0,0.19,0.0,1920.0,2905,07023,"Colonial,",1,1
550000.0,4.0,0.14,0.0,1950.0,2905,07023,"CapeCod,",2,0
590000.0,3.0,0.18,1.0,1960.0,2905,07023,"Colonial,",2,0
635000.0,3.0,0.21,0.0,1950.0,2905,07023,"CapeCod,",2,1
686000.0,4.0,0.14,0.0,1947.0,2905,07023,"CapeCod,",2,0
650000.0,4.0,0.21,1.0,1953.0,2905,07023,"CapeCod,",3,0
760000.0,3.0,0.15,0.0,1939.0,2905,07023,"Colonial,SeeRem",2,1
730000.0,3.0,0.15,1.0,1955.0,2905,07023,"Custom,CapeCod",2,0
670000.0,4.0,0.28,2.0,1962.0,2905,07023,"Bi-Level,",2,0
700000.0,5.0,0.16,2.0,1920.0,2905,07023,"Colonial,",2,2
801000.0,3.0,0.29,2.0,1960.0,2905,07023,"Bi-Level,",1,1
851000.0,4.0,0.12,1.0,1945.0,2905,07023,"Colonial,",2,0
685000.0,3.0,0.21,1.0,1989.0,2905,07023,"Colonial,",2,1
750000.0,3.0,0.15,1.0,1954.0,2905,07023,"SplitLev,",2,0
796161.0,3.0,0.12,0.0,1950.0,2905,07023,"Colonial,",2,0
710000.0,3.0,0.19,2.0,1969.0,2905,07023,"Ranch,",2,0
710000.0,4.0,0.14,1.0,1953.0,2905,07023,"CapeCod,",2,0
901000.0,5.0,0.42,2.0,1953.0,2905,07023,"Colonial,",2,1
801000.0,5.0,0.22,0.0,1952.0,2905,07023,"CapeCod,",2,0
800000.0,4.0,0.21,2.0,1959.0,2905,07023,"Bi-Level,",2,0
735000.0,3.0,0.12,0.0,1985.0,2905,07023,"Colonial,",2,1
886000.0,5.0,0.13,1.0,1939.0,2905,07023,"Colonial,",3,0
743700.0,3.0,0.19,1.0,1948.0,2905,07023,"Colonial,",2,0
760000.0,4.0,0.12,1.0,1930.0,2905,07023,"Colonial,",1,1
768000.0,3.0,0.23,1.0,1948.0,2905,07023,"CapeCod,",2,0
770000.0,3.0,0.19,1.0,1960.0,2905,07023,"SplitLev,",2,0
880415.0,4.0,0.18,0.0,1953.0,2905,07023,"CapeCod,Custom",2,0
835000.0,3.0,0.18,1.0,1958.0,2905,07023,"SplitLev,",1,1
907000.0,3.0,0.28,1.0,1940.0,2905,07023,"Colonial,",2,0
779000.0,3.0,0.15,1.0,1955.0,2905,07023,"CapeCod,",2,0
735000.0,3.0,0.2,1.0,1954.0,2905,07023,"SplitLev,",2,0
875000.0,4.0,0.22,1.0,1960.0,2905,07023,"SplitLev,",2,1
826000.0,4.0,0.15,1.0,1955.0,2905,07023,"CapeCod,",2,0
750000.0,3.0,0.19,1.0,1975.0,2905,07023,"SplitLev,",2,1
851000.0,4.0,0.15,0.0,1950.0,2905,07023,"CapeCod,",2,0
875000.0,4.0,0.12,0.0,1960.0,2905,07023,"CapeCod,",2,0
861000.0,4.0,0.18,1.0,1950.0,2905,07023,"CapeCod,",2,0
805000.0,4.0,0.23,2.0,1930.0,2905,07023,"Tudor,",2,1
920000.0,3.0,0.22,1.0,1960.0,2905,07023,"SplitLev,",3,0
980000.0,3.0,0.41,0.0,1925.0,2905,07023,"Colonial,",2,1
835000.0,4.0,0.26,2.0,1960.0,2905,07023,"RanchExp,",3,0
820000.0,5.0,0.13,1.0,1959.0,2905,07023,"Colonial,",4,0
999000.0,4.0,0.17,1.0,1960.0,2905,07023,"SplitLev,",2,1
858000.0,4.0,0.22,1.0,1955.0,2905,07023,"Colonial,",2,0
951000.0,4.0,0.24,1.0,1932.0,2905,07023,"Colonial,",3,0
1000000.0,3.0,0.26,1.0,1947.0,2905,07023,"Colonial,",2,1
1025000.0,4.0,0.39,2.0,1960.0,2905,07023,"SplitLev,",2,1
999000.0,5.0,0.15,1.0,1953.0,2905,07023,"Colonial,",4,1
985000.0,4.0,0.12,1.0,1935.0,2905,07023,"Colonial,",2,2
999999.0,5.0,0.23,1.0,1960.0,2905,07023,"SplitLev,",3,0
1050000.0,4.0,0.34,2.0,1972.0,2905,07023,"Colonial,",2,1
462000.0,2.0,0.07,0.0,1956.0,2906,07027,"Ranch,CapeCod",1,1
545500.0,3.0,0.12,0.0,1947.0,2906,07027,"CapeCod,",1,0
565000.0,5.0,0.09,1.0,1925.0,2906,07027,"Colonial,MultiFlr",2,0
780000.0,4.0,0.38,1.0,1909.0,2906,07027,"Colonial,",2,0
600000.0,4.0,0.12,2.0,1948.0,2906,07027,"Detached,",2,0
575000.0,4.0,0.1,2.0,1899.0,2906,07027,"Colonial,",2,0
680000.0,3.0,0.14,1.0,1960.0,2906,07027,"SplitLev,",1,1
701000.0,4.0,0.12,1.0,1949.0,2906,07027,"Colonial,",2,0
700000.0,3.0,0.09,0.0,1960.0,2906,07027,"CapeCod,",2,0
625000.0,4.0,0.09,0.0,1957.0,2906,07027,"Colonial,",2,0
720000.0,5.0,0.14,2.0,1953.0,2906,07027,"Colonial,Victrian",2,1
685000.0,4.0,0.14,0.0,1942.0,2906,07027,"CapeCod,",2,0
665000.0,4.0,0.09,1.0,2004.0,2906,07027,"Colonial,",2,1
788000.0,3.0,0.09,1.0,1910.0,2906,07027,"Contemp,",2,1
800000.0,4.0,0.17,0.0,1906.0,2906,07027,"Detached,Colonial,Custom",1,1
828500.0,2.0,1.92,2.0,2007.0,2906,07027,"TwnIntUn,MultiFlr",3,1
830000.0,4.0,0.14,1.0,1952.0,2906,07027,"CapeCod,",2,1
829500.0,2.0,1.92,2.0,2006.0,2906,07027,"TwnEndUn,MultiFlr",3,1
999999.0,2.0,1.92,2.0,2007.0,2906,07027,"MultiFlr,TwnIntUn",2,2
938000.0,4.0,0.09,1.0,1960.0,2906,07027,"Bi-Level,",2,2
120000.0,1.0,0.01,0.0,1998.0,2909,07036,"FirstFlr,OneFloor",1,0
236000.0,1.0,0.02,0.0,1998.0,2909,07036,"OneFloor,",1,0
205000.0,1.0,0.02,0.0,1982.0,2909,07036,"OneFloor,",1,0
225000.0,1.0,0.01,0.0,1998.0,2909,07036,"OneFloor,FirstFlr",1,0
222000.0,1.0,0.02,0.0,1998.0,2909,07036,"OneFloor,",1,0
215000.0,1.0,0.02,0.0,1971.0,2909,07036,"MultiFlr,",1,0
231000.0,1.0,0.02,0.0,1998.0,2909,07036,"OneFloor,HighRise,SeeRem",1,0
234555.0,1.0,0.01,0.0,1976.0,2909,07036,"OneFloor,",1,0
246000.0,1.0,0.02,0.0,1998.0,2909,07036,"OneFloor,TwnIntUn",1,0
235000.0,1.0,0.02,0.0,1998.0,2909,07036,"OneFloor,",1,0
240000.0,1.0,0.02,0.0,1998.0,2909,07036,"OneFloor,",1,0
240000.0,1.0,0.02,0.0,1998.0,2909,07036,"OneFloor,",1,0
275000.0,2.0,0.02,0.0,1998.0,2909,07036,"OneFloor,FirstFlr",1,0
285000.0,2.0,0.02,0.0,1981.0,2909,07036,"OneFloor,",1,0
347000.0,2.0,0.04,0.0,1948.0,2909,07036,"HalfDupl,",1,0
310000.0,1.0,0.02,0.0,1986.0,2909,07036,"OneFloor,",1,0
335000.0,2.0,0.1,1.0,1953.0,2909,07036,"HalfDupl,",2,0
325000.0,2.0,0.03,0.0,1986.0,2909,07036,"OneFloor,",2,0
332500.0,2.0,0.03,0.0,1925.0,2909,07036,"HalfDupl,",1,0
350000.0,2.0,0.1,0.0,1940.0,2909,07036,"CapeCod,",1,0
390000.0,2.0,0.1,0.0,1952.0,2909,07036,"SeeRem,HalfDupl",2,0
427500.0,4.0,0.1,1.0,1952.0,2909,07036,"CapeCod,",1,0
415000.0,2.0,0.1,0.0,1923.0,2909,07036,"SeeRem,",1,0
395000.0,3.0,0.1,0.0,1955.0,2909,07036,"HalfDupl,",1,1
375000.0,3.0,0.1,1.0,1918.0,2909,07036,"Colonial,",1,0
415000.0,3.0,0.04,1.0,1988.0,2909,07036,"MultiFlr,TwnIntUn",2,1
415000.0,3.0,0.1,1.0,1953.0,2909,07036,"CapeCod,",3,0
510000.0,3.0,0.1,1.0,1957.0,2909,07036,"SplitLev,",1,0
400000.0,4.0,0.1,0.0,1953.0,2909,07036,"CapeCod,",2,0
450000.0,3.0,0.08,1.0,1987.0,2909,07036,"RanchRas,",2,0
445000.0,2.0,0.1,1.0,1922.0,2909,07036,"Ranch,",1,0
457000.0,2.0,0.1,1.0,1958.0,2909,07036,"CapeCod,",1,0
530000.0,3.0,0.2,2.0,1928.0,2909,07036,"Colonial,",1,0
403000.0,2.0,0.1,0.0,1926.0,2909,07036,"Colonial,",1,1
490000.0,3.0,0.1,0.0,1928.0,2909,07036,"Colonial,",1,0
450000.0,3.0,0.1,0.0,1965.0,2909,07036,"Ranch,",1,0
445000.0,3.0,0.1,0.0,1928.0,2909,07036,"Colonial,",1,0
550000.0,3.0,0.2,1.0,1951.0,2909,07036,"CapeCod,",1,1
468000.0,2.0,0.1,1.0,1952.0,2909,07036,"Ranch,",2,0
425000.0,2.0,0.1,0.0,1938.0,2909,07036,"Duplex,Custom",1,1
410000.0,2.0,0.1,1.0,1933.0,2909,07036,"Colonial,",1,0
480000.0,2.0,0.1,1.0,1918.0,2909,07036,"Ranch,",1,0
459000.0,3.0,0.1,2.0,1950.0,2909,07036,"Colonial,",2,0
450000.0,3.0,0.1,1.0,1958.0,2909,07036,"Custom,SplitLev",1,0
450000.0,3.0,0.1,1.0,1949.0,2909,07036,"CapeCod,",2,0
465000.0,3.0,0.1,2.0,1922.0,2909,07036,"Colonial,",2,0
475000.0,2.0,0.1,1.0,1954.0,2909,07036,"Ranch,",1,0
465000.0,3.0,0.1,1.0,1950.0,2909,07036,"CapeCod,",1,0
595000.0,3.0,0.2,1.0,1959.0,2909,07036,"Ranch,",1,0
530000.0,5.0,0.1,1.0,1933.0,2909,07036,"Colonial,",3,0
485000.0,3.0,0.1,0.0,1928.0,2909,07036,"Colonial,",2,1
470000.0,4.0,0.1,1.0,1930.0,2909,07036,"CapeCod,",1,0
525000.0,4.0,0.1,0.0,1953.0,2909,07036,"CapeCod,",2,0
500000.0,4.0,0.1,1.0,1958.0,2909,07036,"CapeCod,",2,1
480000.0,3.0,0.1,1.0,1953.0,2909,07036,"Colonial,",1,2
450000.0,3.0,0.1,1.0,1957.0,2909,07036,"CapeCod,",1,0
485100.0,3.0,0.1,1.0,1927.0,2909,07036,"Ranch,",2,0
462500.0,3.0,0.1,1.0,1955.0,2909,07036,"CapeCod,",2,1
487500.0,3.0,0.1,1.0,1961.0,2909,07036,"RanchRas,",1,1
490000.0,2.0,0.1,1.0,1953.0,2909,07036,"CapeCod,",1,0
310000.0,3.0,0.1,1.0,1943.0,2909,07036,"Colonial,",1,0
505000.0,3.0,0.1,0.0,1932.0,2909,07036,"Colonial,",1,1
500000.0,3.0,0.1,1.0,1953.0,2909,07036,"CapeCod,",2,0
450000.0,3.0,0.1,1.0,1957.0,2909,07036,"SplitLev,",1,1
495000.0,3.0,0.1,1.0,1943.0,2909,07036,"CapeCod,",2,1
495000.0,4.0,0.1,0.0,1948.0,2909,07036,"CapeCod,",2,0
450000.0,3.0,0.1,1.0,1958.0,2909,07036,"Ranch,",1,0
559000.0,4.0,0.1,1.0,1953.0,2909,07036,"CapeCod,",2,0
500000.0,3.0,0.1,0.0,1953.0,2909,07036,"CapeCod,",2,0
499000.0,3.0,0.1,1.0,1949.0,2909,07036,"CapeCod,",2,1
510000.0,3.0,0.1,1.0,1960.0,2909,07036,"SplitLev,",1,0
530000.0,4.0,0.2,1.0,1971.0,2909,07036,"CapeCod,",2,1
510000.0,4.0,0.1,0.0,1967.0,2909,07036,"Custom,",3,0
500000.0,4.0,0.1,0.0,1958.0,2909,07036,"Ranch,",3,0
485000.0,2.0,0.1,1.0,1941.0,2909,07036,"Tudor,",1,0
488000.0,3.0,0.1,1.0,1953.0,2909,07036,"Colonial,",2,1
525000.0,4.0,0.1,3.0,1889.0,2909,07036,"Colonial,",1,1
550000.0,3.0,0.1,1.0,1940.0,2909,07036,"CapeCod,",2,0
515000.0,2.0,0.1,1.0,1940.0,2909,07036,"CapeCod,",1,0
600000.0,3.0,0.1,1.0,1948.0,2909,07036,"Colonial,SeeRem",1,0
450000.0,3.0,0.1,1.0,1923.0,2909,07036,"Colonial,",2,0
515000.0,3.0,0.1,0.0,1933.0,2909,07036,"Ranch,",1,0
505000.0,3.0,0.1,1.0,1950.0,2909,07036,"CapeCod,",2,0
475000.0,4.0,0.1,0.0,1928.0,2909,07036,"Colonial,",1,0
550000.0,3.0,0.1,1.0,1968.0,2909,07036,"Ranch,",2,0
516000.0,3.0,0.11,0.0,1964.0,2909,07036,"CapeCod,",2,0
550000.0,3.0,0.1,0.0,1952.0,2909,07036,"CapeCod,",2,0
530000.0,4.0,0.1,1.0,1955.0,2909,07036,"CapeCod,",1,1
472000.0,2.0,0.13,3.0,1923.0,2909,07036,"Colonial,",1,0
520000.0,3.0,0.1,1.0,1960.0,2909,07036,"Ranch,",2,0
505000.0,3.0,0.1,2.0,1953.0,2909,07036,"Colonial,",1,0
525000.0,3.0,0.1,1.0,1927.0,2909,07036,"CapeCod,",1,0
425000.0,4.0,0.1,2.0,1953.0,2909,07036,"CapeCod,",2,1
475000.0,3.0,0.1,0.0,1955.0,2909,07036,"CapeCod,",1,0
527000.0,3.0,0.1,1.0,1926.0,2909,07036,"Colonial,",1,0
490000.0,3.0,0.1,1.0,1968.0,2909,07036,"CapeCod,",2,0
495000.0,4.0,0.1,0.0,1958.0,2909,07036,"CapeCod,Detached",2,1
550000.0,3.0,0.1,1.0,1948.0,2909,07036,"CapeCod,",2,0
520000.0,4.0,0.1,2.0,1933.0,2909,07036,"CapeCod,",2,0
525000.0,3.0,0.2,1.0,1929.0,2909,07036,"Colonial,",1,1
565000.0,3.0,0.1,1.0,1953.0,2909,07036,"CapeCod,",1,0
550000.0,4.0,0.1,1.0,1947.0,2909,07036,"CapeCod,",2,1
520500.0,4.0,0.1,1.0,1953.0,2909,07036,"CapeCod,",2,0
525000.0,4.0,0.1,1.0,1953.0,2909,07036,"CapeCod,",1,0
525000.0,5.0,0.1,1.0,1950.0,2909,07036,"CapeCod,",3,0
535000.0,3.0,0.1,1.0,1943.0,2909,07036,"Colonial,",1,1
527000.0,3.0,0.1,1.0,1935.0,2909,07036,"CapeCod,",2,0
518000.0,3.0,0.1,0.0,1923.0,2909,07036,"Colonial,",2,1
531000.0,3.0,0.1,1.0,1967.0,2909,07036,"RanchRas,",2,0
515000.0,3.0,0.1,0.0,1954.0,2909,07036,"CapeCod,",3,1
560000.0,3.0,0.1,0.0,1972.0,2909,07036,"CapeCod,",2,1
530000.0,3.0,0.1,0.0,1953.0,2909,07036,"CapeCod,",1,0
525000.0,3.0,0.1,0.0,1950.0,2909,07036,"CapeCod,",2,0
572500.0,3.0,0.1,1.0,1953.0,2909,07036,"Ranch,",2,0
572000.0,3.0,0.1,0.0,1942.0,2909,07036,"CapeCod,",3,0
540000.0,3.0,0.1,1.0,1926.0,2909,07036,"Colonial,",1,1
536000.0,3.0,0.1,1.0,1962.0,2909,07036,"Ranch,",2,0
555000.0,4.0,0.1,1.0,1943.0,2909,07036,"CapeCod,",1,1
550000.0,3.0,0.1,2.0,1928.0,2909,07036,"Colonial,",2,0
565000.0,3.0,0.1,1.0,1953.0,2909,07036,"CapeCod,",2,1
575000.0,3.0,0.1,1.0,1942.0,2909,07036,"Contemp,",2,1
550000.0,4.0,0.1,1.0,1957.0,2909,07036,"SplitLev,SeeRem",2,0
480000.0,3.0,0.1,1.0,1938.0,2909,07036,"CapeCod,",2,0
560000.0,3.0,0.1,1.0,1930.0,2909,07036,"Colonial,",3,1
560000.0,4.0,0.2,1.0,1923.0,2909,07036,"CapeCod,SeeRem",3,0
550000.0,3.0,0.1,1.0,1953.0,2909,07036,"CapeCod,",2,0
550000.0,3.0,0.1,0.0,1952.0,2909,07036,"Colonial,",2,0
545000.0,4.0,0.1,1.0,1953.0,2909,07036,"CapeCod,",1,0
562000.0,3.0,0.1,1.0,1940.0,2909,07036,"Colonial,",1,0
600000.0,3.0,0.1,0.0,1913.0,2909,07036,"Colonial,",2,1
585000.0,4.0,0.1,1.0,1951.0,2909,07036,"CapeCod,",2,0
600000.0,3.0,0.1,1.0,1987.0,2909,07036,"Bi-Level,",2,0
560000.0,3.0,0.1,0.0,1928.0,2909,07036,"Colonial,",2,0
569000.0,4.0,0.2,0.0,1953.0,2909,07036,"CapeCod,",1,1
606000.0,4.0,0.1,1.0,1962.0,2909,07036,"SplitLev,",2,0
569000.0,3.0,0.15,1.0,1953.0,2909,07036,"Ranch,",2,1
565000.0,4.0,0.1,1.0,1947.0,2909,07036,"CapeCod,",3,0
599000.0,3.0,0.1,1.0,1957.0,2909,07036,"SplitLev,",2,0
570000.0,3.0,0.09,1.0,2017.0,2909,07036,"HalfDupl,",2,1
580000.0,4.0,0.1,1.0,1953.0,2909,07036,"CapeCod,",2,0
575000.0,4.0,0.1,1.0,1953.0,2909,07036,"CapeCod,",2,0
585000.0,3.0,0.2,1.0,1962.0,2909,07036,"Ranch,",2,0
579000.0,3.0,0.1,0.0,1953.0,2909,07036,"CapeCod,",2,0
590000.0,3.0,0.1,2.0,1953.0,2909,07036,"CapeCod,",2,0
625000.0,3.0,0.1,1.0,1943.0,2909,07036,"CapeCod,",1,1
597500.0,4.0,0.1,1.0,1953.0,2909,07036,"Colonial,",1,1
620000.0,4.0,0.1,0.0,1928.0,2909,07036,"Colonial,",1,1
585000.0,3.0,0.1,1.0,1951.0,2909,07036,"CapeCod,",2,0
585000.0,5.0,0.2,1.0,1953.0,2909,07036,"CapeCod,",1,0
590000.0,3.0,0.1,1.0,1940.0,2909,07036,"CapeCod,",2,0
615500.0,3.0,0.1,2.0,1940.0,2909,07036,"CapeCod,",2,0
635000.0,3.0,0.1,1.0,1956.0,2909,07036,"SplitLev,",2,0
595000.0,4.0,0.1,1.0,1933.0,2909,07036,"CapeCod,",3,0
650000.0,3.0,0.1,1.0,1948.0,2909,07036,"Colonial,",2,1
580000.0,3.0,0.1,1.0,1952.0,2909,07036,"CapeCod,",2,0
565000.0,2.0,0.2,1.0,1925.0,2909,07036,"CapeCod,",1,0
596000.0,3.0,0.1,1.0,1929.0,2909,07036,"Colonial,",1,1
550000.0,3.0,0.1,1.0,1930.0,2909,07036,"Colonial,",1,2
650000.0,4.0,0.11,1.0,1951.0,2909,07036,"CapeCod,Colonial,Ranch",3,0
605000.0,3.0,0.1,1.0,1943.0,2909,07036,"CapeCod,",2,0
635000.0,4.0,0.2,1.0,1955.0,2909,07036,"CapeCod,",3,0
565000.0,3.0,0.1,2.0,1966.0,2909,07036,"RanchRas,",2,0
580000.0,3.0,0.1,0.0,1948.0,2909,07036,"CapeCod,",1,1
600000.0,3.0,0.1,0.0,1942.0,2909,07036,"Colonial,",2,0
625000.0,5.0,0.14,1.0,1944.0,2909,07036,"CapeCod,",2,0
550000.0,3.0,0.1,1.0,1961.0,2909,07036,"SplitLev,",1,1
614000.0,3.0,0.07,1.0,2025.0,2909,07036,"SeeRem,",2,1
600000.0,4.0,0.1,1.0,1943.0,2909,07036,"CapeCod,",2,0
619000.0,3.0,0.1,0.0,1950.0,2909,07036,"CapeCod,",2,1
685000.0,3.0,0.1,2.0,1968.0,2909,07036,"RanchRas,Custom,Ranch",2,1
650000.0,4.0,0.1,1.0,1952.0,2909,07036,"CapeCod,",2,0
600000.0,3.0,0.23,1.0,1945.0,2909,07036,"Colonial,",2,0
645000.0,3.0,0.1,3.0,1948.0,2909,07036,"Colonial,CapeCod",2,0
608000.0,3.0,0.1,1.0,1961.0,2909,07036,"SplitLev,",1,1
625000.0,3.0,0.1,1.0,1948.0,2909,07036,"CapeCod,",2,1
600000.0,3.0,0.1,1.0,1950.0,2909,07036,"Colonial,CapeCod",2,0
612000.0,3.0,0.1,1.0,1957.0,2909,07036,"SplitLev,Bi-Level",1,1
600000.0,3.0,0.26,2.0,1927.0,2909,07036,"CapeCod,Ranch",2,0
650000.0,4.0,0.1,1.0,1940.0,2909,07036,"Colonial,",1,1
690000.0,3.0,0.1,1.0,1953.0,2909,07036,"Ranch,",2,0
650000.0,3.0,0.2,2.0,1935.0,2909,07036,"Ranch,CapeCod",3,0
665000.0,3.0,0.14,1.0,1943.0,2909,07036,"CapeCod,Custom",2,0
650000.0,3.0,0.1,1.0,1948.0,2909,07036,"CapeCod,Custom",2,1
620000.0,3.0,0.1,1.0,1949.0,2909,07036,"Colonial,",2,0
670000.0,3.0,0.1,1.0,1953.0,2909,07036,"Ranch,",2,0
660000.0,3.0,0.1,1.0,1953.0,2909,07036,"Colonial,",3,1
660000.0,4.0,0.1,1.0,1966.0,2909,07036,"Bi-Level,",2,1
672500.0,4.0,0.1,2.0,1958.0,2909,07036,"Custom,CnvStrct",3,0
680000.0,3.0,0.1,1.0,1938.0,2909,07036,"Colonial,",2,1
660000.0,3.0,0.2,1.0,1945.0,2909,07036,"Colonial,",2,0
720000.0,4.0,0.1,0.0,1953.0,2909,07036,"Colonial,",2,0
700000.0,3.0,0.1,1.0,1946.0,2909,07036,"Colonial,Custom",4,0
685000.0,3.0,0.1,1.0,1918.0,2909,07036,"Colonial,",2,1
525000.0,4.0,0.1,2.0,1956.0,2909,07036,"Ranch,",2,0
700000.0,4.0,0.1,1.0,1946.0,2909,07036,"CapeCod,Custom",2,0
655000.0,3.0,0.1,1.0,2025.0,2909,07036,"Colonial,",2,1
680000.0,3.0,0.1,1.0,1961.0,2909,07036,"SplitLev,",1,1
715000.0,4.0,0.2,1.0,1953.0,2909,07036,"CapeCod,",2,0
805000.0,4.0,0.1,1.0,1940.0,2909,07036,"Colonial,",2,0
690000.0,4.0,0.1,1.0,1957.0,2909,07036,"Colonial,",3,0
665000.0,4.0,0.1,2.0,1923.0,2909,07036,"SplitLev,",3,1
740000.0,6.0,0.13,1.0,1956.0,2909,07036,"CapeCod,",3,0
720000.0,4.0,0.1,2.0,1974.0,2909,07036,"Bi-Level,",3,0
410000.0,4.0,0.1,1.0,1956.0,2909,07036,"Colonial,",2,0
782500.0,4.0,0.1,0.0,2024.0,2909,07036,"Custom,Colonial",4,0
780000.0,4.0,0.11,1.0,2019.0,2909,07036,"Colonial,",2,1
840000.0,4.0,0.1,2.0,1938.0,2909,07036,"Custom,",3,1
875000.0,4.0,0.2,1.0,2023.0,2909,07036,"CapeCod,Colonial",4,0
925000.0,4.0,0.2,1.0,1960.0,2909,07036,"Colonial,",3,1
879000.0,5.0,0.1,2.0,2024.0,2909,07036,"Colonial,",4,0
975000.0,3.0,0.09,1.0,2024.0,2909,07036,"Custom,",3,1
500500.0,3.0,0.23,0.0,1947.0,2910,07092,"CapeCod,",2,0
600000.0,2.0,0.14,0.0,1953.0,2910,07092,"CapeCod,",1,0
550000.0,3.0,0.23,1.0,1955.0,2910,07092,"CapeCod,",2,0
690000.0,3.0,0.14,1.0,1930.0,2910,07092,"Colonial,",2,0
680000.0,3.0,0.31,2.0,1953.0,2910,07092,"Colonial,",1,1
695000.0,4.0,0.32,1.0,1950.0,2910,07092,"CapeCod,",2,0
749000.0,4.0,0.54,1.0,1956.0,2910,07092,"Colonial,",2,0
830000.0,3.0,0.37,2.0,1953.0,2910,07092,"Ranch,",2,0
785000.0,3.0,0.45,2.0,1960.0,2910,07092,"SplitLev,",2,0
872000.0,3.0,0.31,2.0,1956.0,2910,07092,"SplitLev,",2,1
910258.0,3.0,0.29,1.0,1953.0,2910,07092,"CapeCod,",2,0
945000.0,3.0,0.44,2.0,1956.0,2910,07092,"Ranch,",2,0
910000.0,3.0,0.36,2.0,1958.0,2910,07092,"SplitLev,",2,0
775000.0,3.0,0.4,1.0,1954.0,2910,07092,"Ranch,",2,0
792000.0,3.0,0.32,2.0,1953.0,2910,07092,"Ranch,",2,0
798000.0,4.0,0.48,2.0,1970.0,2910,07092,"Ranch,",2,2
820000.0,4.0,0.34,3.0,1960.0,2910,07092,"Custom,",2,1
940000.0,3.0,0.36,2.0,1957.0,2910,07092,"Ranch,",2,0
1040008.0,4.0,0.34,1.0,1950.0,2910,07092,"CapeCod,",2,0
990000.0,4.0,0.39,2.0,1953.0,2910,07092,"SeeRem,",3,2
1150000.0,3.0,0.46,2.0,1971.0,2910,07092,"Ranch,",2,1
1125000.0,5.0,0.25,2.0,1952.0,2910,07092,"Custom,",2,0
1151000.0,3.0,0.35,2.0,1986.0,2910,07092,"Contemp,Colonial",2,1
999000.0,5.0,0.53,2.0,1986.0,2910,07092,"Colonial,",3,1
990000.0,5.0,0.4,1.0,1950.0,2910,07092,"CapeCod,",3,0
1110000.0,4.0,0.3,1.0,1950.0,2910,07092,"CapeCod,",3,0
899000.0,5.0,0.27,2.0,1925.0,2910,07092,"Colonial,",2,1
910000.0,4.0,0.42,2.0,1955.0,2910,07092,"SplitLev,Custom",2,1
975000.0,4.0,0.48,2.0,1952.0,2910,07092,"Colonial,",2,1
1125000.0,3.0,0.24,2.0,1950.0,2910,07092,"Colonial,",2,0
980000.0,4.0,0.28,2.0,2002.0,2910,07092,"Colonial,",3,1
1175000.0,4.0,0.2,2.0,1935.0,2910,07092,"Colonial,",3,1
535000.0,3.0,0.28,0.0,1945.0,2913,07065,"CapeCod,",2,0
674000.0,3.0,0.13,2.0,1937.0,2913,07065,"Colonial,",1,1
235000.0,2.0,0.02,1.0,1992.0,2913,07065,"TwnIntUn,MultiFlr",1,1
290000.0,1.0,0.02,0.0,1986.0,2913,07065,"MultiFlr,",1,1
315000.0,3.0,0.04,0.0,1910.0,2913,07065,"Colonial,",1,1
335000.0,3.0,0.1,0.0,1900.0,2913,07065,"Colonial,",1,0
300000.0,2.0,0.1,0.0,1930.0,2913,07065,"Ranch,Bungalow",1,0
353500.0,3.0,0.1,0.0,1952.0,2913,07065,"HalfDupl,",1,1
320000.0,2.0,0.02,0.0,1986.0,2913,07065,"OneFloor,",1,0
335000.0,2.0,0.1,0.0,1942.0,2913,07065,"HalfDupl,",1,0
370000.0,3.0,0.1,1.0,1985.0,2913,07065,"Ranch,",1,0
365000.0,3.0,0.1,0.0,1963.0,2913,07065,"CapeCod,",2,0
370500.0,2.0,0.1,0.0,1942.0,2913,07065,"HalfDupl,",1,0
330000.0,3.0,0.1,0.0,1880.0,2913,07065,"Colonial,",2,0
332500.0,1.0,0.1,2.0,1960.0,2913,07065,"CapeCod,",2,0
410000.0,3.0,0.1,0.0,1953.0,2913,07065,"Colonial,",1,0
380000.0,2.0,0.1,0.0,1943.0,2913,07065,"HalfDupl,",1,0
400000.0,2.0,0.1,0.0,1944.0,2913,07065,"HalfDupl,",1,0
350000.0,2.0,0.02,1.0,1992.0,2913,07065,"TwnIntUn,MultiFlr",1,1
357000.0,3.0,0.1,1.0,1962.0,2913,07065,"Bi-Level,",1,0
365000.0,2.0,0.1,0.0,1943.0,2913,07065,"HalfDupl,",1,0
416500.0,4.0,0.1,0.0,1957.0,2913,07065,"CapeCod,",2,0
425000.0,2.0,0.1,1.0,1956.0,2913,07065,"Cottage,",1,0
400000.0,2.0,0.1,0.0,1943.0,2913,07065,"HalfDupl,",1,0
389000.0,2.0,0.02,1.0,1989.0,2913,07065,"TwnIntUn,MultiFlr",1,1
375000.0,2.0,0.01,0.0,1986.0,2913,07065,"TwnIntUn,MultiFlr",2,1
420000.0,3.0,0.1,0.0,1970.0,2913,07065,"Colonial,",1,1
408000.0,3.0,0.1,0.0,1900.0,2913,07065,"Colonial,",1,0
397000.0,2.0,0.07,0.0,1930.0,2913,07065,"Ranch,Detached",1,0
410000.0,3.0,0.1,0.0,1952.0,2913,07065,"HalfDupl,",2,0
440000.0,4.0,0.1,2.0,1880.0,2913,07065,"Detached,",2,0
420000.0,3.0,0.1,0.0,1930.0,2913,07065,"Colonial,",2,0
450000.0,3.0,0.1,2.0,1953.0,2913,07065,"Colonial,",1,1
465000.0,3.0,0.1,0.0,1960.0,2913,07065,"SplitLev,",1,1
415000.0,3.0,0.12,1.0,1961.0,2913,07065,"Colonial,Custom",1,1
455000.0,3.0,0.1,1.0,1947.0,2913,07065,"SeeRem,",2,0
417000.0,3.0,0.1,0.0,1952.0,2913,07065,"Ranch,",1,0
420000.0,3.0,0.1,0.0,1953.0,2913,07065,"Ranch,",1,0
445000.0,2.0,0.1,0.0,1900.0,2913,07065,"Colonial,",1,1
438000.0,3.0,0.1,0.0,1925.0,2913,07065,"Colonial,",1,0
440000.0,3.0,0.1,2.0,1974.0,2913,07065,"RanchRas,",1,1
490000.0,4.0,0.1,1.0,1900.0,2913,07065,"Colonial,",1,0
420000.0,2.0,0.1,1.0,1930.0,2913,07065,"Detached,Ranch",2,0
440000.0,3.0,0.1,0.0,1952.0,2913,07065,"Duplex,",1,1
450000.0,2.0,0.1,0.0,1940.0,2913,07065,"HalfDupl,",2,0
455000.0,3.0,0.1,1.0,1954.0,2913,07065,"SplitLev,",1,1
460000.0,3.0,0.1,2.0,1925.0,2913,07065,"Ranch,",2,0
451500.0,3.0,0.1,0.0,1900.0,2913,07065,"Colonial,",2,0
460000.0,3.0,0.1,0.0,1950.0,2913,07065,"CapeCod,",3,0
463500.0,3.0,0.2,0.0,1930.0,2913,07065,"Bungalow,",1,0
472000.0,4.0,0.1,1.0,1950.0,2913,07065,"CapeCod,",1,0
504000.0,2.0,0.1,0.0,1956.0,2913,07065,"Ranch,",1,0
466000.0,3.0,0.1,2.0,1940.0,2913,07065,"CapeCod,",1,1
485000.0,3.0,0.1,1.0,1950.0,2913,07065,"CapeCod,",2,0
446000.0,3.0,0.1,1.0,1953.0,2913,07065,"Colonial,",1,0
450000.0,3.0,0.1,0.0,1940.0,2913,07065,"CapeCod,Colonial",2,0
507000.0,3.0,0.1,0.0,1925.0,2913,07065,"Colonial,",1,0
449000.0,3.0,0.1,0.0,1900.0,2913,07065,"TwnIntUn,",1,1
465000.0,3.0,0.1,0.0,1945.0,2913,07065,"Colonial,",1,1
450000.0,3.0,0.1,0.0,1953.0,2913,07065,"Colonial,",2,0
500000.0,3.0,0.2,1.0,1957.0,2913,07065,"Ranch,",1,0
485000.0,2.0,0.2,1.0,1925.0,2913,07065,"Colonial,",1,1
530000.0,3.0,0.1,1.0,1953.0,2913,07065,"Ranch,",1,1
460000.0,3.0,0.1,0.0,1967.0,2913,07065,"CapeCod,",2,1
510000.0,2.0,0.2,1.0,1952.0,2913,07065,"Ranch,",2,0
480000.0,3.0,0.1,1.0,1953.0,2913,07065,"Colonial,",2,0
460000.0,2.0,0.02,1.0,2008.0,2913,07065,"TwnIntUn,MultiFlr",2,1
480000.0,3.0,0.1,1.0,1925.0,2913,07065,"Colonial,",1,0
425000.0,3.0,0.1,2.0,1940.0,2913,07065,"Colonial,",1,0
500000.0,3.0,0.1,0.0,1951.0,2913,07065,"CapeCod,",2,0
480000.0,3.0,0.1,1.0,1950.0,2913,07065,"CapeCod,",1,0
500000.0,2.0,0.1,1.0,1960.0,2913,07065,"Ranch,",1,1
480000.0,3.0,0.1,0.0,1952.0,2913,07065,"Ranch,",1,0
500000.0,3.0,0.1,0.0,1956.0,2913,07065,"Ranch,",1,0
480000.0,3.0,0.1,1.0,1943.0,2913,07065,"CapeCod,",2,0
455000.0,3.0,0.2,2.0,1950.0,2913,07065,"Bi-Level,",1,0
525000.0,3.0,0.1,0.0,1900.0,2913,07065,"Colonial,",2,0
485000.0,3.0,0.1,1.0,1954.0,2913,07065,"Ranch,",1,1
515000.0,4.0,0.1,0.0,1870.0,2913,07065,"Colonial,",1,1
480000.0,6.0,0.1,0.0,1925.0,2913,07065,"Detached,",3,0
490000.0,3.0,0.1,0.0,1957.0,2913,07065,"Ranch,",2,0
500000.0,3.0,0.1,1.0,1961.0,2913,07065,"Ranch,",1,0
510000.0,4.0,0.1,0.0,1900.0,2913,07065,"Colonial,",2,0
502000.0,3.0,0.42,1.0,1998.0,2913,07065,"TwnEndUn,MultiFlr",3,1
550000.0,3.0,0.1,1.0,1954.0,2913,07065,"SplitLev,",1,1
450000.0,5.0,0.1,1.0,1930.0,2913,07065,"Custom,",2,0
455000.0,4.0,0.1,2.0,1940.0,2913,07065,"Ranch,",2,0
485000.0,3.0,0.1,1.0,1928.0,2913,07065,"Colonial,",1,1
500000.0,3.0,0.1,0.0,1950.0,2913,07065,"CapeCod,Detached",1,0
560000.0,3.0,0.1,0.0,1984.0,2913,07065,"Ranch,",1,1
445000.0,3.0,0.48,1.0,2000.0,2913,07065,"MultiFlr,",3,1
497500.0,4.0,0.1,0.0,1932.0,2913,07065,"Colonial,",2,0
510000.0,3.0,0.1,0.0,1900.0,2913,07065,"Colonial,",2,0
555000.0,3.0,0.2,1.0,1957.0,2913,07065,"SplitLev,",1,1
487450.0,4.0,0.1,1.0,1946.0,2913,07065,"Detached,",2,0
490000.0,4.0,0.1,0.0,1951.0,2913,07065,"CapeCod,",1,0
475500.0,3.0,0.1,2.0,1938.0,2913,07065,"Colonial,",2,0
525000.0,3.0,0.1,2.0,1962.0,2913,07065,"Ranch,",2,0
505000.0,4.0,0.1,0.0,1890.0,2913,07065,"Colonial,",2,0
500000.0,3.0,0.1,1.0,1920.0,2913,07065,"Colonial,",1,1
580000.0,4.0,0.1,2.0,1962.0,2913,07065,"Bi-Level,",1,1
510000.0,3.0,0.1,1.0,1958.0,2913,07065,"Ranch,",1,1
555000.0,4.0,0.1,2.0,1954.0,2913,07065,"CapeCod,",1,0
500000.0,3.0,0.1,2.0,1953.0,2913,07065,"Colonial,Custom",2,1
489000.0,3.0,0.1,0.0,1950.0,2913,07065,"CapeCod,",2,0
525000.0,4.0,0.1,0.0,1920.0,2913,07065,"Colonial,",2,0
530000.0,3.0,0.1,0.0,1925.0,2913,07065,"Colonial,",2,0
510000.0,3.0,0.1,0.0,1952.0,2913,07065,"Ranch,",2,0
515000.0,3.0,0.2,1.0,1940.0,2913,07065,"Colonial,",1,0
515000.0,3.0,0.1,1.0,1944.0,2913,07065,"Colonial,",1,0
550000.0,4.0,0.1,1.0,1952.0,2913,07065,"CapeCod,",2,0
545000.0,3.0,0.1,1.0,1962.0,2913,07065,"Bi-Level,",1,0
515000.0,3.0,0.1,1.0,1945.0,2913,07065,"Colonial,Detached",1,0
499000.0,3.0,0.1,1.0,1954.0,2913,07065,"SplitLev,",1,1
520000.0,5.0,0.1,2.0,1952.0,2913,07065,"CapeCod,",2,0
585000.0,4.0,0.2,0.0,1950.0,2913,07065,"CapeCod,",2,0
550000.0,3.0,0.1,1.0,1953.0,2913,07065,"CapeCod,",1,1
550000.0,3.0,0.3,1.0,1953.0,2913,07065,"CapeCod,",1,0
565000.0,3.0,0.1,0.0,1890.0,2913,07065,"Colonial,",3,0
515000.0,3.0,0.1,1.0,1930.0,2913,07065,"CapeCod,Colonial,SeeRem",1,1
532000.0,3.0,0.2,1.0,1957.0,2913,07065,"SplitLev,",2,0
520000.0,4.0,0.1,0.0,1951.0,2913,07065,"CapeCod,",2,0
575000.0,3.0,0.1,1.0,1950.0,2913,07065,"RanchExp,",2,0
540000.0,4.0,0.1,0.0,1945.0,2913,07065,"Colonial,",2,1
535000.0,4.0,0.1,0.0,1950.0,2913,07065,"CapeCod,",2,0
520000.0,4.0,0.1,1.0,1952.0,2913,07065,"CapeCod,",1,0
505000.0,3.0,0.1,0.0,1900.0,2913,07065,"Colonial,",2,0
540000.0,4.0,0.1,0.0,1950.0,2913,07065,"CapeCod,",3,0
561000.0,3.0,0.1,0.0,1956.0,2913,07065,"SplitLev,",2,0
527000.0,3.0,0.1,1.0,1952.0,2913,07065,"CapeCod,",1,1
540000.0,4.0,0.2,1.0,1953.0,2913,07065,"SplitLev,",1,2
545000.0,4.0,0.1,0.0,1949.0,2913,07065,"CapeCod,",2,0
500000.0,4.0,0.2,1.0,1951.0,2913,07065,"Colonial,",1,1
560000.0,3.0,0.1,2.0,1925.0,2913,07065,"Colonial,",1,1
527000.0,4.0,0.1,1.0,2024.0,2913,07065,"CapeCod,",3,0
535000.0,3.0,0.1,1.0,1953.0,2913,07065,"SplitLev,",2,0
549000.0,4.0,0.2,0.0,1930.0,2913,07065,"CapeCod,",2,0
570000.0,3.0,0.1,1.0,1956.0,2913,07065,"Colonial,",2,0
575000.0,3.0,0.1,1.0,1955.0,2913,07065,"SplitLev,",1,1
550000.0,3.0,0.1,0.0,1952.0,2913,07065,"CapeCod,",2,0
550000.0,4.0,0.1,1.0,1980.0,2913,07065,"Contemp,",2,0
555000.0,3.0,0.1,0.0,1963.0,2913,07065,"CapeCod,",2,0
615000.0,3.0,0.2,2.0,1955.0,2913,07065,"Detached,CapeCod",3,0
570000.0,3.0,0.1,1.0,1968.0,2913,07065,"Ranch,",3,0
590000.0,3.0,0.2,2.0,1955.0,2913,07065,"Ranch,Detached",2,0
560000.0,4.0,0.1,1.0,1932.0,2913,07065,"CapeCod,Detached",2,0
585000.0,4.0,0.2,1.0,1959.0,2913,07065,"SplitLev,",1,1
570000.0,4.0,0.1,2.0,1981.0,2913,07065,"Bi-Level,",2,0
610000.0,4.0,0.2,0.0,1957.0,2913,07065,"SplitLev,",2,0
605000.0,3.0,0.28,2.0,2020.0,2913,07065,"TwnEndUn,MultiFlr",3,0
605000.0,3.0,0.1,1.0,1930.0,2913,07065,"Ranch,",2,0
570000.0,4.0,0.2,0.0,1953.0,2913,07065,"CapeCod,",2,1
650000.0,4.0,0.1,1.0,1910.0,2913,07065,"Colonial,",1,1
605000.0,3.0,0.1,1.0,1953.0,2913,07065,"Ranch,",2,1
610000.0,4.0,0.1,1.0,1953.0,2913,07065,"SplitLev,",2,0
625000.0,4.0,0.1,0.0,2025.0,2913,07065,"Colonial,",2,0
655000.0,3.0,0.2,1.0,1960.0,2913,07065,"SplitLev,",2,0
660000.0,3.0,0.2,1.0,1957.0,2913,07065,"SplitLev,",2,1
686500.0,3.0,0.2,2.0,1973.0,2913,07065,"SplitLev,",2,1
650000.0,3.0,0.1,1.0,1955.0,2913,07065,"SplitLev,",2,0
635000.0,4.0,0.2,1.0,1955.0,2913,07065,"CapeCod,",2,0
635000.0,4.0,0.1,1.0,1972.0,2913,07065,"Bi-Level,",2,0
635000.0,4.0,0.1,0.0,1953.0,2913,07065,"Colonial,SeeRem",2,0
690000.0,3.0,0.1,1.0,1962.0,2913,07065,"SplitLev,",2,0
650000.0,4.0,0.2,0.0,1915.0,2913,07065,"Colonial,",3,0
653250.0,4.0,0.2,1.0,1951.0,2913,07065,"CapeCod,",3,0
615000.0,4.0,0.2,1.0,1940.0,2913,07065,"Colonial,",3,0
715000.0,4.0,0.1,1.0,1953.0,2913,07065,"Colonial,",2,1
715000.0,5.0,0.1,1.0,1953.0,2913,07065,"Colonial,",4,0
530000.0,5.0,0.1,2.0,1880.0,2913,07065,"Victrian,",3,0
669900.0,4.0,0.1,2.0,1957.0,2913,07065,"Custom,",3,1
760000.0,4.0,0.3,0.0,1953.0,2913,07065,"CapeCod,",4,0
725000.0,4.0,0.2,2.0,1980.0,2913,07065,"Colonial,",2,1
710000.0,4.0,0.1,0.0,1955.0,2913,07065,"Colonial,",3,0
711000.0,4.0,0.1,1.0,2017.0,2913,07065,"Detached,",3,1
735000.0,3.0,0.2,2.0,1940.0,2913,07065,"Colonial,",1,1
750555.0,5.0,0.1,1.0,2007.0,2913,07065,"Colonial,Custom",3,0
805000.0,4.0,0.1,1.0,2024.0,2913,07065,"Colonial,",3,0
807000.0,4.0,0.1,2.0,1870.0,2913,07065,"Victrian,",3,1
867000.0,5.0,0.11,2.0,2024.0,2913,07065,"Colonial,",3,2
892000.0,5.0,0.1,1.0,2025.0,2913,07065,"Colonial,",4,1
940000.0,5.0,0.2,2.0,2025.0,2913,07065,"Colonial,",4,1
488000.0,3.0,0.12,1.0,1924.0,2914,07203,"Colonial,",1,1
460000.0,3.0,0.12,0.0,1950.0,2914,07203,"Ranch,",2,0
710000.0,5.0,0.23,1.0,1950.0,2914,07203,"CapeCod,",3,0
145000.0,1.0,0.05,0.0,1952.0,2914,07203,"OneFloor,",1,0
169000.0,1.0,0.01,0.0,1943.0,2914,07203,"SeeRem,OneFloor",1,0
205000.0,2.0,0.05,0.0,1952.0,2914,07203,"TwnIntUn,OneFloor",1,0
185000.0,1.0,0.01,0.0,1943.0,2914,07203,"OneFloor,",1,0
200000.0,1.0,0.05,1.0,1952.0,2914,07203,"OneFloor,Develpmt",1,0
200000.0,1.0,0.01,1.0,1940.0,2914,07203,"FirstFlr,MultiFlr",1,0
200000.0,1.0,0.01,0.0,1943.0,2914,07203,"OneFloor,",1,0
218000.0,1.0,0.01,0.0,1943.0,2914,07203,"OneFloor,",1,0
230000.0,2.0,0.02,0.0,1943.0,2914,07203,"OneFloor,",1,0
207000.0,2.0,0.02,0.0,1943.0,2914,07203,"OneFloor,",1,0
330000.0,2.0,0.08,0.0,1923.0,2914,07203,"Colonial,",2,0
372500.0,5.0,0.23,2.0,1910.0,2914,07203,"Colonial,",2,1
420000.0,2.0,0.1,0.0,1925.0,2914,07203,"Colonial,",1,0
385000.0,3.0,0.09,1.0,1927.0,2914,07203,"Colonial,",1,0
360000.0,2.0,0.09,1.0,1926.0,2914,07203,"CapeCod,",1,0
405000.0,2.0,0.16,0.0,1953.0,2914,07203,"Ranch,",1,0
465000.0,2.0,0.09,1.0,1938.0,2914,07203,"CapeCod,",1,0
385000.0,4.0,0.22,1.0,1953.0,2914,07203,"CapeCod,",2,0
439000.0,4.0,0.18,1.0,1948.0,2914,07203,"CapeCod,",1,1
415000.0,3.0,0.07,0.0,1928.0,2914,07203,"Colonial,",1,1
415000.0,2.0,0.03,0.0,1989.0,2914,07203,"MultiFlr,",1,1
433000.0,2.0,0.26,0.0,1985.0,2914,07203,"TwnIntUn,MultiFlr",1,1
399000.0,3.0,0.21,1.0,1941.0,2914,07203,"CapeCod,",2,0
425000.0,3.0,0.06,0.0,1900.0,2914,07203,"Duplex,",1,1
480000.0,3.0,0.12,1.0,1946.0,2914,07203,"CapeCod,",1,0
450000.0,2.0,0.11,0.0,1953.0,2914,07203,"AFrame,",1,1
400000.0,2.0,0.04,1.0,1953.0,2914,07203,"MultiFlr,",1,1
430000.0,2.0,0.03,0.0,1985.0,2914,07203,"TwnEndUn,MultiFlr",2,1
459000.0,3.0,0.14,1.0,1959.0,2914,07203,"Detached,CapeCod",2,1
430000.0,2.0,0.03,0.0,1985.0,2914,07203,"MultiFlr,",2,0
518000.0,3.0,0.19,0.0,1923.0,2914,07203,"Colonial,",2,1
476000.0,3.0,0.1,0.0,1928.0,2914,07203,"Colonial,",1,0
413500.0,2.0,0.03,0.0,1985.0,2914,07203,"MultiFlr,",1,1
450000.0,2.0,0.11,1.0,1965.0,2914,07203,"Ranch,",1,0
410000.0,4.0,0.12,1.0,1941.0,2914,07203,"CapeCod,",1,0
480000.0,2.0,0.09,0.0,1928.0,2914,07203,"Colonial,",1,1
465000.0,3.0,0.15,0.0,1953.0,2914,07203,"Colonial,",1,1
480000.0,3.0,0.09,0.0,1953.0,2914,07203,"CapeCod,",2,0
475000.0,3.0,0.11,1.0,1953.0,2914,07203,"CapeCod,",1,0
475000.0,3.0,0.08,0.0,1926.0,2914,07203,"Colonial,",1,1
465000.0,4.0,0.11,1.0,1960.0,2914,07203,"Ranch,",2,0
450000.0,3.0,0.07,1.0,1953.0,2914,07203,"Colonial,",1,0
425000.0,2.0,0.11,1.0,1953.0,2914,07203,"Ranch,",2,0
425000.0,3.0,0.16,1.0,1953.0,2914,07203,"SplitLev,",1,1
429900.0,4.0,0.17,0.0,1953.0,2914,07203,"CapeCod,",1,1
428600.0,3.0,0.08,0.0,1910.0,2914,07203,"Colonial,",1,0
420000.0,3.0,0.09,2.0,1931.0,2914,07203,"CapeCod,",1,0
390000.0,3.0,0.09,2.0,1925.0,2914,07203,"Colonial,",1,2
430000.0,3.0,0.1,2.0,1927.0,2914,07203,"Colonial,",1,0
460000.0,3.0,0.2,0.0,1910.0,2914,07203,"Colonial,",2,0
462000.0,4.0,0.11,1.0,1952.0,2914,07203,"CapeCod,",1,0
450000.0,3.0,0.11,1.0,1969.0,2914,07203,"Ranch,",1,0
425000.0,3.0,0.14,0.0,1910.0,2914,07203,"Colonial,",1,0
449000.0,4.0,0.09,0.0,1955.0,2914,07203,"CapeCod,",2,0
512000.0,3.0,0.11,1.0,1952.0,2914,07203,"CapeCod,",2,0
440000.0,2.0,0.03,1.0,2001.0,2914,07203,"MultiFlr,TwnEndUn",1,1
540000.0,4.0,0.11,2.0,1950.0,2914,07203,"Contemp,",2,0
470000.0,4.0,0.14,0.0,1926.0,2914,07203,"Colonial,",1,1
475000.0,3.0,0.11,1.0,1953.0,2914,07203,"CapeCod,",1,1
450000.0,3.0,0.09,1.0,1927.0,2914,07203,"Colonial,",2,0
504900.0,4.0,0.13,0.0,1951.0,2914,07203,"CapeCod,",2,0
485000.0,4.0,0.1,1.0,1953.0,2914,07203,"SeeRem,",3,0
460000.0,4.0,0.13,1.0,1951.0,2914,07203,"CapeCod,",1,0
461000.0,2.0,0.03,0.0,1985.0,2914,07203,"TwnIntUn,MultiFlr",2,1
600000.0,3.0,0.37,1.0,1955.0,2914,07203,"SplitLev,",2,0
465000.0,3.0,0.12,1.0,1930.0,2914,07203,"Colonial,",1,1
479000.0,4.0,0.09,1.0,1953.0,2914,07203,"CapeCod,",3,0
460000.0,3.0,0.16,1.0,1953.0,2914,07203,"CapeCod,",2,0
470000.0,3.0,0.14,0.0,1953.0,2914,07203,"AFrame,",2,0
500000.0,3.0,0.23,0.0,1953.0,2914,07203,"Colonial,",2,1
475000.0,4.0,0.31,2.0,1968.0,2914,07203,"Bi-Level,",1,1
450000.0,3.0,0.18,2.0,1925.0,2914,07203,"Colonial,",1,1
515000.0,3.0,0.11,1.0,1920.0,2914,07203,"CapeCod,",2,0
450000.0,4.0,0.17,1.0,1953.0,2914,07203,"Bi-Level,",2,0
479000.0,3.0,0.11,0.0,1951.0,2914,07203,"CapeCod,SeeRem",1,0
505000.0,3.0,0.34,0.0,1920.0,2914,07203,"Ranch,",1,0
516000.0,4.0,0.14,1.0,1948.0,2914,07203,"CapeCod,",1,2
492000.0,3.0,0.08,1.0,1936.0,2914,07203,"CapeCod,",1,0
455000.0,4.0,0.09,1.0,1920.0,2914,07203,"Colonial,",2,0
525000.0,3.0,0.11,1.0,1958.0,2914,07203,"Bi-Level,",2,0
500000.0,3.0,0.13,1.0,1920.0,2914,07203,"Colonial,",1,0
450000.0,4.0,0.16,0.0,1951.0,2914,07203,"CapeCod,",1,0
470000.0,3.0,0.07,1.0,1910.0,2914,07203,"Colonial,",1,1
480000.0,3.0,0.16,1.0,1953.0,2914,07203,"CapeCod,",2,0
495000.0,2.0,0.19,1.0,1942.0,2914,07203,"CapeCod,",2,1
605000.0,5.0,0.28,1.0,1963.0,2914,07203,"Bi-Level,",1,1
520000.0,3.0,0.1,0.0,1930.0,2914,07203,"Tudor,",1,1
535000.0,4.0,0.17,1.0,1948.0,2914,07203,"CapeCod,",1,0
505000.0,4.0,0.1,1.0,1953.0,2914,07203,"Colonial,",2,0
535000.0,3.0,0.14,1.0,1953.0,2914,07203,"SeeRem,",2,0
530000.0,4.0,0.14,1.0,1960.0,2914,07203,"SplitLev,",1,1
510000.0,4.0,0.12,0.0,1952.0,2914,07203,"CapeCod,",2,0
475000.0,3.0,0.1,1.0,1923.0,2914,07203,"Colonial,Detached",2,0
525000.0,4.0,0.19,1.0,1950.0,2914,07203,"Custom,",1,1
520000.0,3.0,0.15,1.0,1951.0,2914,07203,"CapeCod,",2,0
530000.0,3.0,0.14,0.0,1928.0,2914,07203,"Colonial,",2,0
600000.0,5.0,0.07,1.0,1925.0,2914,07203,"Colonial,",3,0
573000.0,3.0,0.09,1.0,2017.0,2914,07203,"Colonial,",2,1
465000.0,4.0,0.12,1.0,1950.0,2914,07203,"MultiFlr,",2,0
507000.0,3.0,0.14,0.0,1952.0,2914,07203,"CapeCod,",2,0
535000.0,4.0,0.15,0.0,1951.0,2914,07203,"CapeCod,",2,0
550000.0,3.0,0.17,1.0,1914.0,2914,07203,"Colonial,",2,0
575000.0,3.0,0.14,2.0,1960.0,2914,07203,"Ranch,",1,1
500000.0,3.0,0.11,0.0,1953.0,2914,07203,"CapeCod,",2,1
510000.0,3.0,0.14,1.0,1952.0,2914,07203,"CapeCod,",2,0
586000.0,4.0,0.3,0.0,1923.0,2914,07203,"Colonial,",2,0
505000.0,3.0,0.14,1.0,1953.0,2914,07203,"SplitLev,",1,1
520000.0,4.0,0.13,1.0,1853.0,2914,07203,"Contemp,",2,0
540000.0,4.0,0.23,2.0,1923.0,2914,07203,"Colonial,",2,0
535000.0,3.0,0.14,1.0,1964.0,2914,07203,"Ranch,",2,0
545000.0,4.0,0.16,1.0,1960.0,2914,07203,"CapeCod,",2,0
565000.0,3.0,0.17,2.0,1964.0,2914,07203,"RanchExp,",2,0
425000.0,4.0,0.31,2.0,1970.0,2914,07203,"RanchRas,Custom,SplitLev",2,1
545000.0,4.0,0.11,1.0,1953.0,2914,07203,"CapeCod,",2,0
550000.0,5.0,0.08,0.0,1953.0,2914,07203,"Colonial,",2,2
580000.0,4.0,0.16,1.0,1927.0,2914,07203,"Colonial,",2,0
550000.0,4.0,0.11,1.0,1957.0,2914,07203,"CapeCod,Detached",2,0
555000.0,3.0,0.08,1.0,1900.0,2914,07203,"Colonial,",2,0
582000.0,3.0,0.09,1.0,2016.0,2914,07203,"Colonial,",2,1
570000.0,3.0,0.3,3.0,1922.0,2914,07203,"Colonial,",1,1
608500.0,4.0,0.09,2.0,1963.0,2914,07203,"SplitLev,",2,0
580000.0,5.0,0.14,0.0,1925.0,2914,07203,"CapeCod,",3,0
620000.0,3.0,0.46,1.0,1928.0,2914,07203,"Colonial,",2,1
550000.0,4.0,0.09,0.0,1928.0,2914,07203,"CapeCod,",2,0
590000.0,4.0,0.14,1.0,1951.0,2914,07203,"CapeCod,SplitLev",2,1
559000.0,3.0,0.23,1.0,1953.0,2914,07203,"Colonial,",1,0
635000.0,6.0,0.17,1.0,1952.0,2914,07203,"Bi-Level,Detached,RanchExp",3,0
585000.0,4.0,0.14,2.0,1969.0,2914,07203,"SplitLev,",2,1
612000.0,4.0,0.23,0.0,1940.0,2914,07203,"Colonial,",2,0
585000.0,4.0,0.08,0.0,1936.0,2914,07203,"Colonial,",2,0
625000.0,4.0,0.14,2.0,1965.0,2914,07203,"Bi-Level,",2,0
603000.0,4.0,0.17,2.0,1960.0,2914,07203,"Colonial,",3,1
606000.0,3.0,0.12,2.0,1962.0,2914,07203,"SplitLev,",2,0
664900.0,6.0,0.46,0.0,1938.0,2914,07203,"Colonial,",2,1
665000.0,4.0,0.23,2.0,1953.0,2914,07203,"Colonial,",2,0
639900.0,4.0,0.11,1.0,2024.0,2914,07203,"Colonial,",2,1
710000.0,4.0,0.15,1.0,2025.0,2914,07203,"Colonial,",2,1
650000.0,3.0,0.15,2.0,2022.0,2914,07203,"CapeCod,",3,1
740000.0,6.0,0.46,2.0,1921.0,2914,07203,"Colonial,",3,0
650000.0,3.0,0.13,1.0,2020.0,2914,07203,"Colonial,",2,1
700000.0,4.0,0.1,1.0,2025.0,2914,07203,"Colonial,",2,1
660000.0,4.0,0.11,0.0,2018.0,2914,07203,"Colonial,",4,0
705000.0,5.0,0.34,0.0,1920.0,2914,07203,"Colonial,",4,0
710000.0,4.0,0.06,1.0,2025.0,2914,07203,"Colonial,",2,1
699900.0,4.0,0.11,2.0,2023.0,2914,07203,"Bi-Level,",3,0
660000.0,4.0,0.18,0.0,1954.0,2914,07203,"CapeCod,",2,0
730000.0,6.0,0.28,2.0,1927.0,2914,07203,"MultiFlr,",3,1
306000.0,1.0,0.08,0.0,1958.0,2917,07081,"SeeRem,OneFloor",1,0
280000.0,1.0,0.08,0.0,1958.0,2917,07081,"OneFloor,",1,0
290000.0,1.0,0.08,0.0,1953.0,2917,07081,"OneFloor,FirstFlr",1,0
285500.0,1.0,0.06,0.0,1950.0,2917,07081,"OneFloor,",1,0
280000.0,1.0,0.05,0.0,1950.0,2917,07081,"OneFloor,",1,0
280000.0,1.0,0.06,0.0,1950.0,2917,07081,"OneFloor,",1,0
303000.0,1.0,0.03,1.0,1979.0,2917,07081,"OneFloor,",1,0
327000.0,1.0,0.08,0.0,1958.0,2917,07081,"OneFloor,",1,0
338134.0,1.0,0.08,0.0,1958.0,2917,07081,"OneFloor,",1,0
340000.0,1.0,0.03,1.0,1979.0,2917,07081,"OneFloor,",1,0
361500.0,2.0,0.09,0.0,1958.0,2917,07081,"OneFloor,",1,0
335000.0,2.0,0.09,0.0,1958.0,2917,07081,"OneFloor,TwnEndUn",1,0
350000.0,2.0,0.09,0.0,1957.0,2917,07081,"OneFloor,",1,0
367000.0,2.0,0.11,0.0,1958.0,2917,07081,"OneFloor,",1,0
378000.0,2.0,0.11,0.0,1940.0,2917,07081,"OneFloor,",1,0
427500.0,2.0,0.11,0.0,1958.0,2917,07081,"FirstFlr,OneFloor",1,0
385000.0,2.0,0.09,0.0,1958.0,2917,07081,"OneFloor,FirstFlr",1,0
382000.0,2.0,0.11,0.0,1958.0,2917,07081,"OneFloor,FirstFlr",1,0
415000.0,3.0,0.16,2.0,1949.0,2917,07081,"CapeCod,FixrUppr",1,1
465000.0,2.0,0.21,2.0,1955.0,2917,07081,"MultiFlr,TwnIntUn",2,1
450000.0,2.0,0.21,1.0,1958.0,2917,07081,"TwnEndUn,MultiFlr",2,0
445000.0,2.0,0.14,1.0,1953.0,2917,07081,"Colonial,",1,0
436000.0,3.0,0.11,1.0,1930.0,2917,07081,"Colonial,",1,0
455000.0,3.0,0.34,1.0,1954.0,2917,07081,"Ranch,",2,0
555000.0,3.0,0.47,2.0,1900.0,2917,07081,"RanchRas,",2,0
501000.0,3.0,0.17,0.0,1929.0,2917,07081,"Colonial,",2,0
479900.0,2.0,0.21,1.0,1958.0,2917,07081,"MultiFlr,",2,1
470000.0,3.0,0.2,1.0,1924.0,2917,07081,"Colonial,",2,0
480000.0,2.0,0.34,1.0,1945.0,2917,07081,"Ranch,",1,0
517000.0,3.0,0.14,2.0,1932.0,2917,07081,"Colonial,",1,1
499000.0,4.0,0.13,1.0,1936.0,2917,07081,"CapeCod,",2,0
550000.0,3.0,0.14,0.0,1924.0,2917,07081,"Colonial,",1,1
495000.0,3.0,0.16,1.0,1942.0,2917,07081,"CapeCod,",1,0
540000.0,3.0,0.13,1.0,1942.0,2917,07081,"Colonial,",1,1
490000.0,2.0,0.28,1.0,1942.0,2917,07081,"CapeCod,",2,0
595000.0,4.0,0.27,2.0,1926.0,2917,07081,"Colonial,",2,1
631000.0,2.0,0.23,1.0,1954.0,2917,07081,"Ranch,",1,0
592500.0,2.0,0.23,1.0,1952.0,2917,07081,"Ranch,",1,0
530000.0,3.0,0.24,1.0,1949.0,2917,07081,"CapeCod,",2,0
525000.0,4.0,0.17,2.0,1949.0,2917,07081,"CapeCod,",2,1
555000.0,4.0,0.12,0.0,1949.0,2917,07081,"CapeCod,",2,0
556000.0,3.0,0.15,2.0,1927.0,2917,07081,"Colonial,",4,0
592000.0,4.0,0.19,0.0,1951.0,2917,07081,"CapeCod,Custom",3,0
560000.0,3.0,0.2,1.0,1950.0,2917,07081,"SplitLev,",1,1
580000.0,3.0,0.15,1.0,1953.0,2917,07081,"Colonial,",2,0
570500.0,3.0,0.09,1.0,1934.0,2917,07081,"Colonial,",1,1
635000.0,3.0,0.23,2.0,1941.0,2917,07081,"Colonial,",2,1
670000.0,3.0,0.26,0.0,1925.0,2917,07081,"Colonial,",1,1
564000.0,3.0,0.23,2.0,1926.0,2917,07081,"Colonial,",2,0
589900.0,2.0,0.13,1.0,1957.0,2917,07081,"Ranch,",2,0
610500.0,4.0,0.16,1.0,1952.0,2917,07081,"SplitLev,",2,0
645000.0,4.0,0.16,1.0,1951.0,2917,07081,"CapeCod,",2,0
662000.0,3.0,0.17,1.0,1933.0,2917,07081,"Custom,",2,0
625000.0,4.0,0.18,1.0,1948.0,2917,07081,"CapeCod,",2,0
631000.0,3.0,0.17,1.0,1953.0,2917,07081,"CapeCod,",2,0
662500.0,2.0,0.35,1.0,1950.0,2917,07081,"Ranch,",2,0
683000.0,3.0,0.14,1.0,1954.0,2917,07081,"SplitLev,",1,1
599000.0,4.0,0.15,1.0,1952.0,2917,07081,"CapeCod,",2,0
650000.0,2.0,0.15,1.0,1951.0,2917,07081,"Ranch,",1,1
620000.0,3.0,0.18,1.0,1949.0,2917,07081,"SplitLev,",1,1
590000.0,3.0,0.2,1.0,1952.0,2917,07081,"Ranch,",1,1
610000.0,4.0,0.17,1.0,1951.0,2917,07081,"CapeCod,",2,0
600000.0,4.0,0.23,2.0,1970.0,2917,07081,"SplitLev,",3,1
650000.0,3.0,0.12,1.0,1941.0,2917,07081,"Colonial,",1,1
620000.0,3.0,0.14,1.0,1957.0,2917,07081,"SplitLev,",1,0
675000.0,3.0,0.34,2.0,1944.0,2917,07081,"CapeCod,Cottage",2,0
750000.0,3.0,0.14,1.0,1941.0,2917,07081,"Colonial,",1,1
635000.0,3.0,0.09,1.0,1934.0,2917,07081,"Colonial,",1,1
646000.0,3.0,0.21,2.0,1952.0,2917,07081,"Ranch,",2,0
730000.0,4.0,0.18,1.0,1945.0,2917,07081,"Colonial,",2,1
600000.0,3.0,0.18,1.0,1953.0,2917,07081,"SplitLev,",2,0
650000.0,3.0,0.14,1.0,1954.0,2917,07081,"Ranch,",2,0
650000.0,3.0,0.3,4.0,1957.0,2917,07081,"Ranch,",2,1
680000.0,3.0,0.22,1.0,1959.0,2917,07081,"Ranch,",1,1
610000.0,4.0,0.23,1.0,1958.0,2917,07081,"SplitLev,",1,1
690000.0,3.0,0.15,2.0,1944.0,2917,07081,"CapeCod,",2,1
649900.0,4.0,0.15,1.0,1952.0,2917,07081,"CapeCod,",3,0
700000.0,4.0,0.36,2.0,1963.0,2917,07081,"CapeCod,",2,1
730000.0,4.0,0.67,2.0,1957.0,2917,07081,"Ranch,",3,1
705000.0,4.0,0.15,2.0,1929.0,2917,07081,"Colonial,",2,2
730000.0,4.0,0.18,1.0,1951.0,2917,07081,"RanchExp,CapeCod",3,0
675000.0,3.0,0.18,1.0,1949.0,2917,07081,"SplitLev,Custom",2,0
920000.0,3.0,0.2,1.0,1885.0,2917,07081,"Colonial,Victrian",2,1
852000.0,3.0,0.24,2.0,1914.0,2917,07081,"Colonial,",2,0
710000.0,4.0,0.19,1.0,1944.0,2917,07081,"Custom,",2,1
715000.0,6.0,0.15,2.0,1962.0,2917,07081,"Bi-Level,",2,1
737000.0,3.0,0.12,1.0,2010.0,2917,07081,"Colonial,",2,1
775000.0,4.0,0.23,2.0,1957.0,2917,07081,"SplitLev,",2,1
775000.0,3.0,0.35,2.0,1954.0,2917,07081,"Ranch,",2,1
839000.0,4.0,0.26,2.0,1957.0,2917,07081,"SplitLev,",2,1
730000.0,3.0,0.03,2.0,2017.0,2917,07081,"TwnIntUn,MultiFlr",2,2
727000.0,3.0,0.15,2.0,1972.0,2917,07081,"Bi-Level,",2,0
795000.0,4.0,0.24,0.0,1900.0,2917,07081,"Colonial,Custom",4,0
790000.0,4.0,0.28,2.0,1957.0,2917,07081,"SplitLev,",2,1
810000.0,4.0,0.15,1.0,1947.0,2917,07081,"Custom,",2,0
760000.0,4.0,0.24,1.0,1956.0,2917,07081,"SplitLev,",2,1
800000.0,5.0,0.28,1.0,1955.0,2917,07081,"SplitLev,",2,1
759000.0,4.0,0.33,2.0,1986.0,2917,07081,"Bi-Level,",3,0
755000.0,4.0,0.17,2.0,1940.0,2917,07081,"Colonial,",2,1
825000.0,4.0,0.29,1.0,1956.0,2917,07081,"SplitLev,",2,1
830000.0,4.0,0.23,1.0,1956.0,2917,07081,"SplitLev,",2,0
780000.0,4.0,0.26,2.0,1957.0,2917,07081,"SplitLev,",2,1
815000.0,4.0,0.24,2.0,1957.0,2917,07081,"SplitLev,",2,1
999999.0,3.0,0.41,1.0,1949.0,2917,07081,"SplitLev,Custom",2,1
825000.0,4.0,0.23,1.0,1958.0,2917,07081,"SplitLev,Custom",3,0
810000.0,4.0,0.23,2.0,1980.0,2917,07081,"Custom,",3,1
1025000.0,3.0,0.75,2.0,1965.0,2917,07081,"Ranch,",2,1
820000.0,4.0,0.17,1.0,1952.0,2917,07081,"Colonial,",3,1
875000.0,4.0,0.25,1.0,1956.0,2917,07081,"SplitLev,",3,0
860000.0,4.0,0.32,1.0,1950.0,2917,07081,"Colonial,",3,1
949000.0,4.0,0.53,2.0,1964.0,2917,07081,"Bi-Level,",3,0
950000.0,4.0,0.22,2.0,1959.0,2917,07081,"SplitLev,",2,1
850000.0,4.0,0.15,1.0,1941.0,2917,07081,"Colonial,",1,1
1163500.0,3.0,0.23,1.0,1952.0,2917,07081,"Custom,",3,0
865000.0,4.0,0.22,2.0,1957.0,2917,07081,"SplitLev,",2,1
906000.0,3.0,0.19,1.0,1956.0,2917,07081,"Ranch,",3,0
855000.0,4.0,0.18,2.0,1965.0,2917,07081,"MultiFlr,",2,1
950000.0,5.0,0.27,2.0,1971.0,2917,07081,"Bi-Level,Custom",3,0
969540.0,4.0,0.34,2.0,1956.0,2917,07081,"SplitLev,",3,0
1040000.0,5.0,0.51,3.0,1965.0,2917,07081,"RanchExp,",4,1
975000.0,4.0,0.23,1.0,1959.0,2917,07081,"SplitLev,",2,1
928000.0,4.0,0.2,2.0,1953.0,2917,07081,"Custom,",2,1
945000.0,3.0,0.35,2.0,1962.0,2917,07081,"Custom,SplitLev",2,1
999990.0,4.0,0.23,2.0,1966.0,2917,07081,"SplitLev,",3,1
989000.0,4.0,0.18,1.0,1957.0,2917,07081,"Custom,",3,1
945000.0,4.0,0.23,2.0,1980.0,2917,07081,"Bi-Level,",2,2
1000000.0,4.0,0.18,2.0,1967.0,2917,07081,"Colonial,",2,1
935000.0,4.0,0.21,1.0,2022.0,2917,07081,"Colonial,",3,0
1035150.0,5.0,0.28,3.0,1955.0,2917,07081,"Custom,",4,0
1200000.0,4.0,0.2,2.0,2007.0,2917,07081,"Colonial,",3,0
310000.0,1.0,1.04,1.0,1924.0,2918,07901,"OneFloor,",1,0
445000.0,2.0,1.04,0.0,1924.0,2918,07901,"OneFloor,",1,0
475000.0,1.0,1.19,0.0,1982.0,2918,07901,"OneFloor,",1,0
503000.0,3.0,0.26,0.0,1900.0,2918,07901,"TwnIntUn,MultiFlr",1,1
500000.0,1.0,0.39,1.0,1981.0,2918,07901,"MultiFlr,OneFloor,TwnEndUn",1,0
535000.0,1.0,1.19,1.0,1981.0,2918,07901,"OneFloor,",1,0
705000.0,2.0,0.14,1.0,1943.0,2918,07901,"SeeRem,",1,0
680000.0,4.0,0.22,2.0,1918.0,2918,07901,"Victrian,",2,0
596825.0,3.0,0.08,1.0,1900.0,2918,07901,"CapeCod,Cottage",1,0
595000.0,3.0,0.19,1.0,1920.0,2918,07901,"CapeCod,",1,0
650000.0,3.0,0.23,0.0,1953.0,2918,07901,"Ranch,",2,0
675000.0,2.0,1.05,1.0,1958.0,2918,07901,"HighRise,OneFloor",2,0
710000.0,3.0,0.16,1.0,1951.0,2918,07901,"Ranch,",1,1
716000.0,3.0,0.21,1.0,1958.0,2918,07901,"Ranch,",1,0
630000.0,4.0,0.12,2.0,1932.0,2918,07901,"CapeCod,",1,0
630000.0,4.0,0.07,0.0,1890.0,2918,07901,"Colonial,",1,1
675000.0,2.0,0.18,1.0,1952.0,2918,07901,"Custom,CapeCod",2,0
722000.0,5.0,0.08,1.0,1928.0,2918,07901,"Colonial,",3,0
685000.0,3.0,0.17,1.0,1958.0,2918,07901,"Ranch,",2,0
850000.0,2.0,0.33,1.0,1940.0,2918,07901,"CapeCod,",2,0
690000.0,2.0,0.03,2.0,2024.0,2918,07901,"CapeCod,",1,1
520000.0,4.0,0.24,1.0,1953.0,2918,07901,"CapeCod,",2,0
710000.0,3.0,0.14,1.0,1949.0,2918,07901,"CapeCod,",1,1
865000.0,4.0,0.12,2.0,1900.0,2918,07901,"Colonial,",2,1
920000.0,3.0,0.15,0.0,1923.0,2918,07901,"Colonial,",2,0
875000.0,3.0,0.19,2.0,1952.0,2918,07901,"CapeCod,Custom",2,1
1025000.0,4.0,0.21,1.0,1900.0,2918,07901,"Colonial,",2,1
850000.0,3.0,1.58,1.0,1990.0,2918,07901,"TwnEndUn,MultiFlr",3,1
999999.0,3.0,1.12,2.0,1892.0,2918,07901,"Colonial,",2,2
851000.0,3.0,0.12,2.0,1923.0,2918,07901,"Colonial,",2,1
999900.0,2.0,0.25,2.0,1952.0,2918,07901,"Ranch,",2,0
1115000.0,4.0,0.14,1.0,1952.0,2918,07901,"CapeCod,",2,0
926000.0,3.0,0.23,1.0,1953.0,2918,07901,"SplitLev,",2,0
950000.0,3.0,0.51,1.0,1952.0,2918,07901,"Colonial,",1,1
999999.0,4.0,0.13,2.0,1922.0,2918,07901,"Colonial,",2,1
900000.0,3.0,0.11,1.0,1971.0,2918,07901,"Colonial,",2,1
875000.0,3.0,0.15,1.0,1958.0,2918,07901,"SplitLev,",2,1
820000.0,3.0,0.26,1.0,1962.0,2918,07901,"Ranch,",2,0
979000.0,3.0,0.45,2.0,1958.0,2918,07901,"Ranch,",2,0
1071000.0,3.0,0.15,1.0,1950.0,2918,07901,"Colonial,",1,1
1160000.0,3.0,0.18,2.0,1932.0,2918,07901,"Tudor,",2,0
890000.0,4.0,0.2,2.0,1898.0,2918,07901,"Colonial,",2,0
933000.0,3.0,0.19,1.0,1953.0,2918,07901,"CapeCod,",1,1
915000.0,4.0,0.28,2.0,1955.0,2918,07901,"SplitLev,Colonial",2,1
1200000.0,3.0,0.21,2.0,1956.0,2918,07901,"SplitLev,",2,1
1120000.0,3.0,0.16,1.0,1928.0,2918,07901,"Colonial,",3,1
990000.0,3.0,0.21,2.0,1954.0,2918,07901,"SplitLev,",2,0
1120000.0,3.0,0.21,2.0,1955.0,2918,07901,"Ranch,",2,0
925000.0,3.0,0.4,1.0,1959.0,2918,07901,"SplitLev,",1,1
1150000.0,3.0,0.23,1.0,1953.0,2918,07901,"Colonial,",1,1
1125000.0,3.0,0.15,1.0,1925.0,2918,07901,"Colonial,",2,2
1200000.0,4.0,0.24,1.0,1954.0,2918,07901,"SplitLev,",2,0
999000.0,2.0,0.93,1.0,2018.0,2918,07901,"TwnIntUn,MultiFlr",2,1
999999.0,2.0,0.93,1.0,2018.0,2918,07901,"MultiFlr,",2,1
999999.0,3.0,0.28,2.0,1961.0,2918,07901,"Ranch,",2,1
1175750.0,4.0,0.18,2.0,1913.0,2918,07901,"Colonial,",2,2
1150000.0,4.0,0.26,1.0,1918.0,2918,07901,"SeeRem,Colonial,Custom",2,3
