SalesPrice,Beds,BathsTotal,LotSize_SqFt,Acres,GarageCap,YearBuilt,Town,ZipCode,Style_short
550000,4,1.1,6400.0,0.15,2,1915.0,Elizabeth City(2904),07208,"Colonial,"
160000,2,1.0,107700.0,2.47*,0,1947.0,Elizabeth City*(2904*),07208*,"MultiFlr,Tudor"
195000,1,1.0,37100.0,0.19*,1,9999.0,Elizabeth City*(2904*),07202-1009*,"SeeRem,MultiFlr,OneFloor"
198000,1,1.0,37100.0,0.19*,0,2007.0,Elizabeth City*(2904*),07202-1009*,"OneFloor,"
226000,1,1.0,15000.0,0.04*,0,1967.0,Elizabeth City*(2904*),07208*,"OneFloor,"
200000,1,1.0,37100.0,0.19*,0,2007.0,Elizabeth City*(2904*),07202-1009*,"OneFloor,"
240000,1,1.0,37100.0,0.27*,0,2007.0,Elizabeth City*(2904*),07202-1009*,"OneFloor,"
260000,2,1.0,20000.0,0.05*,0,1988.0,Elizabeth City*(2904*),07208-3101*,"OneFloor,"
251000,2,1.0,12500.0,0.08*,0,1990.0,Elizabeth City*(2904*),07206-1538*,"OneFloor,"
268000,2,1.0,26126.85,0.21*,0,9999.0,Elizabeth City*(2904*),07208-2307*,"OneFloor,"
270000,2,1.0,9000.0,0.14*,2,2009.0,Elizabeth City*(2904*),07208-4000*,"FirstFlr,OneFloor,SeeRem"
300000,2,1.0,20000.0,46.00,1,1988.0,Elizabeth City*(2904*),07208-3101*,"MultiFlr,"
285000,2,1.0,26126.85,0.21*,0,1988.0,Elizabeth City*(2904*),07208-2307*,"OneFloor,"
337000,2,2.0,13000.0,0.04*,0,9999.0,Elizabeth City*(2904*),07202-3515*,"OneFloor,"
280000,2,1.0,17787.0,0.08*,0,1950.0,Elizabeth City*(2904*),07208-1804*,"MultiFlr,FirstFlr"
303500,2,1.0,17787.0,0.08*,0,1989.0,Elizabeth City*(2904*),07208-1804*,"OneFloor,"
295000,2,2.0,7405.2,0.17*,0,1988.0,Elizabeth City*(2904*),07208-3421*,"OneFloor,"
305000,3,1.0,1218.0,0.03*,0,1936.0,Elizabeth City*(2904*),07201-2724*,"TwnEndUn,MultiFlr"
309850,2,2.0,40000.0,0.04*,0,1979.0,Elizabeth City*(2904*),07208-2482*,"MultiFlr,"
345000,2,2.0,1374.75,0.03*,0,9999.0,Elizabeth City*(2904*),07202-2443*,"HalfDupl,"
320000,2,1.0,2500.0,0.06*,0,1900.0,Elizabeth City*(2904*),07206-1813*,"Detached,"
321000,2,2.0,22875.0,0.05*,0,1997.0,Elizabeth City*(2904*),07208-2600*,"OneFloor,FirstFlr"
319000,4,2.0,2349.9,0.05*,0,1900.0,Elizabeth City*(2904*),07202-1413*,"Colonial,"
330000,3,2.0,1207.0,0.03*,0,9999.0,Elizabeth City*(2904*),07201-2501*,"HalfDupl,"
351000,2,2.0,13000.0,0.04*,1,2007.0,Elizabeth City*(2904*),07202-3515*,"OneFloor,"
330000,2,2.0,12632.4,0.29*,0,2007.0,Elizabeth City*(2904*),07202-4206*,"OneFloor,"
320000,2,2.0,7975.0,0.07*,0,2010.0,Elizabeth City*(2904*),07201-1107*,"MultiFlr,"
350000,2,2.0,13000.0,0.04*,0,9999.0,Elizabeth City*(2904*),07202-3515*,"OneFloor,"
350000,2,2.0,13120.0,0.04*,0,2005.0,Elizabeth City*(2904*),07202-1212*,"OneFloor,"
335000,3,1.1,3125.0,0.07*,1,1925.0,Elizabeth City*(2904*),07201-1527*,"Colonial,FixrUppr"
370000,2,1.1,3625.0,0.08*,0,9999.0,Elizabeth City*(2904*),07208-2712*,"SeeRem,Duplex"
360000,3,2.0,25000.0,0.06*,0,1988.0,Elizabeth City*(2904*),07208-3500*,"SeeRem,FirstFlr,OneFloor"
345000,2,2.0,13000.0,0.04*,0,2007.0,Elizabeth City*(2904*),07202-5512*,"OneFloor,"
355000,2,2.0,25000.0,0.06*,0,1988.0,Elizabeth City*(2904*),07208-3500*,"OneFloor,"
390000,2,1.1,1800.0,0.04*,1,1988.0,Elizabeth City*(2904*),07206-1546*,"TwnIntUn,MultiFlr"
350000,2,2.0,19350.0,0.36*,0,2007.0,Elizabeth City*(2904*),07202*,"OneFloor,"
450000,2,1.1,4532.5,0.10*,1,1926.0,Elizabeth City*(2904*),07208-2763*,"CapeCod,"
375000,2,1.2,2500.0,0.06*,1,9999.0,Elizabeth City*(2904*),07206-1041*,"Colonial,"
440000,4,2.0,2600.0,0.06*,0,1910.0,Elizabeth City*(2904*),07201-2729*,"HalfDupl,"
370000,2,2.0,7405.2,0.17*,0,1988.0,Elizabeth City*(2904*),07208-3421*,"FirstFlr,MultiFlr"
420000,4,2.0,2200.0,0.05*,0,1900.0,Elizabeth City*(2904*),07206-1641*,"Duplex,"
395000,2,1.0,1910.0,0.04*,0,9999.0,Elizabeth City*(2904*),07206-1548*,"Colonial,"
397000,3,1.1,2500.0,0.06*,0,1910.0,Elizabeth City*(2904*),07201-1417*,"Colonial,"
390000,3,2.0,25000.0,0.06*,0,1988.0,Elizabeth City*(2904*),07208-3500*,"MultiFlr,"
380000,3,2.0,1797.0,0.04*,0,1910.0,Elizabeth City*(2904*),07202-3213*,"MultiFlr,"
405000,2,1.0,2449.0,0.06*,0,1943.0,Elizabeth City*(2904*),07208-2838*,"HalfDupl,SeeRem"
425000,4,2.0,3136.0,0.07*,0,1910.0,Elizabeth City*(2904*),07208-3108*,"Colonial,"
450000,3,1.1,2500.0,0.06*,0,1909.0,Elizabeth City*(2904*),07202-3844*,"MultiFlr,"
443000,4,2.1,5000.0,0.12*,0,1906.0,Elizabeth City*(2904*),07206-1606*,"Colonial,"
380000,2,2.0,2334.75,0.05*,0,1950.0,Elizabeth City*(2904*),07202-3638*,"HalfDupl,"
440000,3,1.1,2250.0,0.05*,1,1987.0,Elizabeth City*(2904*),07206-2009*,"Duplex,"
490000,3,2.0,3243.0,0.07*,0,1959.0,Elizabeth City*(2904*),07202-2404*,"MultiFlr,"
420000,2,2.0,4800.0,0.11*,1,1919.0,Elizabeth City*(2904*),07202-2746*,"Colonial,"
375000,2,1.0,9000.0,0.00*,2,9999.0,Elizabeth City*(2904*),07202-1311*,"CapeCod,"
407000,3,2.0,3092760.0,71.00*,0,9999.0,Elizabeth City*(2904*),07202-2303*,"Colonial,"
430000,3,1.1,3170.82,0.07*,0,1880.0,Elizabeth City*(2904*),07202-2006*,"HalfDupl,"
490000,3,2.1,3750.0,0.09*,0,9999.0,Elizabeth City*(2904*),07202-2411*,"Colonial,"
450000,3,1.1,2500.0,0.06*,1,1988.0,Elizabeth City*(2904*),07206-1915*,"Duplex,"
455000,3,1.1,2520.0,0.06*,0,1943.0,Elizabeth City*(2904*),07202-3622*,"HalfDupl,"
449000,3,1.0,6556.0,0.15*,1,9999.0,Elizabeth City*(2904*),07202-2515*,"Colonial,"
485000,3,1.0,3750.0,0.09*,0,1900.0,Elizabeth City*(2904*),07201-1519*,"Colonial,"
425000,3,1.1,11408.0,0.00*,1,1925.0,Elizabeth City*(2904*),07208-1327*,"HalfDupl,"
440000,3,1.1,4000.0,0.09*,1,1922.0,Elizabeth City*(2904*),07208-1512*,"Colonial,"
365000,4,2.0,6308.0,0.14*,2,1919.0,Elizabeth City*(2904*),07208-1605*,"Colonial,"
452000,3,2.0,3125.0,0.07*,2,2021.0,Elizabeth City*(2904*),07201-2735*,"Custom,"
505000,3,2.0,3000.0,0.07*,0,1920.0,Elizabeth City*(2904*),07208-3113*,"Colonial,"
505000,3,2.0,3705.0,0.09*,1,1925.0,Elizabeth City*(2904*),07202-3613*,"CapeCod,"
501000,4,2.1,5000.0,0.12*,1,1956.0,Elizabeth City*(2904*),07202-2511*,"CapeCod,"
455000,4,1.2,4000.0,0.09*,0,1965.0,Elizabeth City*(2904*),07208-1558*,"Colonial,"
480000,4,2.0,2250.0,0.05*,1,9999.0,Elizabeth City*(2904*),07202-3611*,"Detached,"
420000,4,1.1,4000.0,0.09*,1,1928.0,Elizabeth City*(2904*),07208-1503*,"Colonial,"
500000,3,2.0,2900.0,0.07*,0,9999.0,Elizabeth City*(2904*),07208-1615*,"Colonial,"
515000,4,1.1,3500.0,0.08*,0,1954.0,Elizabeth City*(2904*),07202-1552*,"CapeCod,"
490000,4,1.1,4818.93,0.11*,1,1951.0,Elizabeth City*(2904*),07202-2435*,"Colonial,"
490000,3,2.0,4050.0,0.09*,0,1929.0,Elizabeth City*(2904*),07201-1709*,"Colonial,"
550000,4,2.0,3166.35,0.07*,1,1940.0,Elizabeth City*(2904*),07208-1141*,"Colonial,"
501000,4,1.1,3025.0,0.07*,0,1880.0,Elizabeth City*(2904*),07201-2725*,"Colonial,"
550000,4,3.0,3528.0,0.08*,1,9999.0,Elizabeth City*(2904*),07201-1615*,"Colonial,"
550000,3,1.1,7215.0,0.17*,0,1952.0,Elizabeth City*(2904*),07208-1705*,"Colonial,"
535000,3,1.1,4800.0,0.11*,1,1948.0,Elizabeth City*(2904*),07208-1029*,"CapeCod,"
440000,3,1.1,11500.0,0.26*,0,1970.0,Elizabeth City*(2904*),07208-2348*,"HalfDupl,"
560000,3,2.0,4900.0,0.11*,1,1904.0,Elizabeth City*(2904*),07208-3505*,"Colonial,"
545000,3,2.0,4000.0,0.09*,1,1925.0,Elizabeth City*(2904*),07208-1405*,"Colonial,"
540000,4,2.0,4200.0,0.10*,1,1950.0,Elizabeth City*(2904*),07208-1580*,"CapeCod,"
535000,4,3.0,4050.0,0.09*,0,1935.0,Elizabeth City*(2904*),07201-1619*,"Colonial,"
510000,3,1.1,4000.0,0.09*,1,1927.0,Elizabeth City*(2904*),07208-1580*,"Colonial,"
590000,4,2.1,4637.5,0.11*,2,1926.0,Elizabeth City*(2904*),07202-2423*,"Colonial,"
510000,5,2.1,5000.0,0.12*,0,1957.0,Elizabeth City*(2904*),07206-1030*,"CapeCod,"
530000,4,2.0,5904.5,0.14*,1,1959.0,Elizabeth City*(2904*),07208-2006*,"Ranch,"
495000,6,4.0,2294.0,0.05*,0,1890.0,Elizabeth City*(2904*),07208-3111*,"Colonial,"
560000,3,1.1,3675.0,0.08*,1,1920.0,Elizabeth City*(2904*),07208-3538*,"Colonial,"
570000,4,4.0,5850.0,0.13*,1,1916.0,Elizabeth City*(2904*),07202-1704*,"Colonial,"
550000,3,1.1,5000.0,0.12*,2,1928.0,Elizabeth City*(2904*),07208-1104*,"Colonial,"
550000,4,2.1,3325.0,0.08*,2,1925.0,Elizabeth City*(2904*),07208-1140*,"Colonial,"
555000,4,2.1,4271.75,0.10*,0,1919.0,Elizabeth City*(2904*),07208-3508*,"Colonial,"
610000,5,4.0,5240.0,0.12*,0,1932.0,Elizabeth City*(2904*),07208-1703*,"Colonial,"
552000,3,2.0,3750.0,0.09*,1,1955.0,Elizabeth City*(2904*),07202-1534*,"SplitLev,"
555000,3,1.1,3500.0,0.08*,0,1914.0,Elizabeth City*(2904*),07202-1624*,"Colonial,"
553500,2,2.1,5000.0,0.12*,1,1920.0,Elizabeth City*(2904*),07208-1315*,"Colonial,"
545000,3,1.1,4000.0,0.09*,1,1925.0,Elizabeth City*(2904*),07208-1405*,"Colonial,"
520000,3,3.1,3240.0,0.07*,0,9999.0,Elizabeth City*(2904*),07201-1243*,"Colonial,"
640000,2,1.1,5000.0,0.12*,2,1926.0,Elizabeth City*(2904*),07208*,"Colonial,"
565000,5,2.0,5000.0,0.12*,2,0.0,Elizabeth City*(2904*),07208*,"Colonial,"
653000,5,4.1,6308.0,0.14*,2,1921.0,Elizabeth City*(2904*),07201-1107*,"Victrian,Custom"
560000,4,2.0,6000.0,0.14*,2,9999.0,Elizabeth City*(2904*),07208-3259*,"Colonial,Custom"
550000,3,3.0,3000.0,0.07*,1,1920.0,Elizabeth City*(2904*),07202-1703*,"Colonial,"
510000,5,2.0,5400.0,0.12*,1,1956.0,Elizabeth City*(2904*),07208-1305*,"Colonial,"
576000,3,3.1,2875.0,0.07*,1,1890.0,Elizabeth City*(2904*),07202-1817*,"Colonial,"
622000,3,2.1,9000.0,0.21*,1,1950.0,Elizabeth City*(2904*),07208-1059*,"CapeCod,"
579000,3,2.0,4800.0,0.11*,0,1925.0,Elizabeth City*(2904*),07208-1025*,"Colonial,"
585000,3,1.1,4800.0,0.11*,1,1949.0,Elizabeth City*(2904*),07208-1029*,"Colonial,"
630000,3,2.0,5000.0,0.12*,1,1926.0,Elizabeth City*(2904*),07208*,"Colonial,"
570000,3,2.0,4000.0,0.09*,1,1924.0,Elizabeth City*(2904*),07208-1580*,"Colonial,"
570000,5,1.1,7452.0,0.17*,0,9999.0,Elizabeth City*(2904*),07208-1202*,"Colonial,"
615000,4,2.0,5000.0,0.12*,1,1956.0,Elizabeth City*(2904*),07202-3714*,"Ranch,RanchRas"
585000,3,1.1,6602.5,0.15*,1,1941.0,Elizabeth City*(2904*),07202-2421*,"Colonial,"
570000,5,3.0,4782.2,0.11*,1,1935.0,Elizabeth City*(2904*),07208-1447*,"Colonial,"
660000,3,2.0,4800.0,0.11*,1,1927.0,Elizabeth City*(2904*),07208-1025*,"Colonial,"
599000,4,3.0,5000.0,0.12*,1,1920.0,Elizabeth City*(2904*),07208-1206*,"Colonial,"
575000,4,2.1,5375.0,0.12*,2,1919.0,Elizabeth City*(2904*),07208-1323*,"Colonial,"
653000,4,2.0,4000.0,0.09*,0,1925.0,Elizabeth City*(2904*),07208-1581*,"Colonial,"
600000,5,3.1,2925.0,0.07*,0,1910.0,Elizabeth City*(2904*),07202-2425*,"Colonial,"
560000,4,2.1,6519.0,0.00*,2,1962.0,Elizabeth City*(2904*),07208-1726*,"SeeRem,Custom"
630000,3,3.1,4800.0,0.11*,1,1950.0,Elizabeth City*(2904*),07208-1453*,"CapeCod,"
629000,4,1.2,6000.0,0.14*,2,1931.0,Elizabeth City*(2904*),07208-1025*,"Colonial,"
625000,5,2.1,9000.0,0.21*,1,1920.0,Elizabeth City*(2904*),07208-1316*,"CapeCod,"
600000,3,3.2,1306.8,0.03*,1,2016.0,Elizabeth City*(2904*),07206-1950*,"MultiFlr,TwnIntUn"
660000,4,2.1,5000.0,0.12*,0,1930.0,Elizabeth City*(2904*),07208-1702*,"Tudor,Colonial"
635000,3,1.1,5000.0,0.12*,0,9999.0,Elizabeth City*(2904*),07208-1712*,"Colonial,"
621000,3,1.1,6900.0,0.16*,1,9999.0,Elizabeth City*(2904*),07208-1702*,"Colonial,"
660000,4,3.0,4148.0,0.10*,2,9999.0,Elizabeth City*(2904*),07202-2231*,"Colonial,"
645000,5,3.1,6100.0,0.14*,1,9999.0,Elizabeth City*(2904*),07208*,"Colonial,"
649900,4,1.1,4200.0,0.10*,1,1923.0,Elizabeth City*(2904*),07208-1580*,"Colonial,"
625000,3,2.0,4000.0,0.09*,1,1923.0,Elizabeth City*(2904*),07208-1581*,"Colonial,"
510000,5,3.0,826463880.0,18973.00*,4,9999.0,Elizabeth City*(2904*),07208-3407*,"Colonial,Victrian"
690000,4,2.0,7200.0,0.17*,1,1940.0,Elizabeth City*(2904*),07208-1003*,"Tudor,"
685000,4,2.1,4000.0,0.09*,1,1921.0,Elizabeth City*(2904*),07208-1560*,"Colonial,"
715000,4,3.0,6000.0,0.14*,2,1925.0,Elizabeth City*(2904*),07208*,"CapeCod,Contemp"
650000,4,3.0,5000.0,0.12*,1,1919.0,Elizabeth City*(2904*),07208,"Colonial,"
750000,4,3.0,5400.0,0.12*,2,2017.0,Elizabeth City*(2904*),07202-1311*,"Bi-Level,"
685000,7,3.0,5000.0,0.12*,0,1910.0,Elizabeth City*(2904*),07208-1618*,"Colonial,"
705000,3,3.2,1306.8,0.03*,1,2022.0,Elizabeth City*(2904*),07206-1953*,"TwnEndUn,MultiFlr"
730000,5,3.0,4882.0,0.11*,2,1915.0,Elizabeth City*(2904*),07208-3528*,"Colonial,"
790000,6,3.2,11362.5,0.26*,1,1910.0,Elizabeth City*(2904*),07208-2303*,"Victrian,Colonial"
850000,5,3.1,10000.0,0.23*,3,1920.0,Elizabeth City*(2904*),07208-3264*,"Colonial,"
785000,3,2.1,6440.0,0.15*,4,1917.0,Elizabeth City*(2904*),07208-3503*,"Colonial,"
770000,8,2.1,5000.0,0.16,0,1909.0,Elizabeth City*(2904*),07208-1257*,"Colonial,"
850000,5,4.0,5000.0,0.12*,0,1923.0,Elizabeth City*(2904*),07208-1243*,"Colonial,"
810000,4,3.1,5000.0,0.11,0,1936.0,Kenilworth Boro(2908),07033-1545,"Colonial,"
420000,4,1.0,2500.0,0.06*,0,1930.0,Kenilworth Boro*(2908*),07033-1837*,"HalfDupl,"
395000,2,1.0,4166.25,0.10*,0,1924.0,Kenilworth Boro*(2908*),07033-1734*,"Colonial,"
484000,3,1.0,5000.0,0.11*,1,1948.0,Kenilworth Boro*(2908*),07033-1632*,"CapeCod,"
450000,3,2.0,7500.0,0.17*,2,1954.0,Kenilworth Boro*(2908*),07033-1920*,"CapeCod,"
420000,3,2.1,4700.0,0.11*,2,1945.0,Kenilworth Boro*(2908*),07033-1553*,"CapeCod,FixrUppr"
435000,3,2.1,6250.0,0.14*,2,1923.0,Kenilworth Boro*(2908*),07033-1740*,"Colonial,"
460000,4,1.0,5400.0,0.12*,0,1951.0,Kenilworth Boro*(2908*),07033-1816*,"CapeCod,"
450000,3,2.0,2500.0,0.06*,0,1940.0,Kenilworth Boro*(2908*),07033-1616*,"Colonial,"
429000,3,1.0,5000.0,0.11*,0,1948.0,Kenilworth Boro*(2908*),07033-1660*,"CapeCod,"
350000,4,1.0,2800.0,0.06*,0,1922.0,Kenilworth Boro*(2908*),07033-1645*,"Colonial,"
600000,3,2.0,5000.0,0.11*,1,1984.0,Kenilworth Boro*(2908*),07033-1230*,"Ranch,"
480000,3,1.1,2500.0,0.06*,0,1919.0,Kenilworth Boro*(2908*),07033-1615*,"Colonial,"
500000,3,2.0,3500.0,0.08*,2,9999.0,Kenilworth Boro*(2908*),07033-1617*,"Colonial,"
515000,3,1.0,5000.0,0.11*,1,1940.0,Kenilworth Boro*(2908*),07033-1511*,"CapeCod,"
485000,3,1.0,5000.0,0.11*,0,1950.0,Kenilworth Boro*(2908*),07033-1524*,"CapeCod,"
451000,3,1.0,5600.0,0.13*,1,1968.0,Kenilworth Boro*(2908*),07033-2008*,"Ranch,"
500000,3,1.1,5000.0,0.11*,1,1950.0,Kenilworth Boro*(2908*),07033-2040*,"CapeCod,"
500000,4,2.0,7500.0,0.17*,1,1959.0,Kenilworth Boro*(2908*),07033-1902*,"CapeCod,Detached"
550000,3,1.0,5000.0,0.11*,1,1951.0,Kenilworth Boro*(2908*),07033-1818*,"Ranch,"
520000,3,1.1,5000.0,0.11*,1,1953.0,Kenilworth Boro*(2908*),07033-2039*,"CapeCod,"
550000,3,1.1,6000.0,0.14*,1,9999.0,Kenilworth Boro*(2908*),07033-1414*,"SplitLev,"
585000,4,2.0,5000.0,0.11*,1,1952.0,Kenilworth Boro*(2908*),07033-1925*,"SplitLev,"
602000,4,1.1,5000.0,0.11*,1,1963.0,Kenilworth Boro*(2908*),07033-1539*,"Bi-Level,"
540000,3,1.1,6000.0,0.14*,1,9999.0,Kenilworth Boro*(2908*),07033-1425*,"SplitLev,"
600000,3,1.1,7500.0,0.17*,1,9999.0,Kenilworth Boro*(2908*),07033-1746*,"Ranch,"
575000,3,2.0,5000.0,0.11*,1,1950.0,Kenilworth Boro*(2908*),07033-1818*,"CapeCod,"
600000,3,2.1,5000.0,0.11*,1,1950.0,Kenilworth Boro*(2908*),07033-1501*,"CapeCod,"
600000,3,2.1,5000.0,0.11*,1,1941.0,Kenilworth Boro*(2908*),07033-1551*,"CapeCod,"
592850,3,1.1,6000.0,0.14*,0,1950.0,Kenilworth Boro*(2908*),07033-1427*,"SplitLev,"
590000,3,1.1,8000.0,0.18*,1,1949.0,Kenilworth Boro*(2908*),07033-1919*,"SplitLev,"
590000,3,2.0,5000.0,0.11*,1,1953.0,Kenilworth Boro*(2908*),07033-1538*,"Colonial,"
660000,3,2.0,6930.0,0.16*,1,1954.0,Kenilworth Boro*(2908*),07033-1435*,"SplitLev,"
675000,3,2.0,5000.0,0.11*,0,1952.0,Kenilworth Boro*(2908*),07033-1916*,"SplitLev,"
665000,3,2.0,5400.0,0.12*,1,1948.0,Kenilworth Boro*(2908*),07033-1407*,"MultiFlr,Ranch"
675000,3,2.0,13152.0,0.30*,1,1941.0,Kenilworth Boro*(2908*),07033-1505*,"CapeCod,"
600000,4,2.0,5000.0,0.11*,1,1950.0,Kenilworth Boro*(2908*),07033-1004*,"CapeCod,"
685000,3,2.0,5000.0,0.11*,2,1969.0,Kenilworth Boro*(2908*),07033-1203*,"Ranch,"
650000,4,2.0,10500.0,0.24*,1,1954.0,Kenilworth Boro*(2908*),07033-1426*,"SplitLev,"
655000,3,2.0,9296.0,0.21*,1,1956.0,Kenilworth Boro*(2908*),07033-1415*,"SplitLev,"
680000,4,4.0,5000.0,0.11*,0,1948.0,Kenilworth Boro*(2908*),07033-1830*,"Colonial,"
649000,3,3.0,5000.0,0.11*,0,1954.0,Kenilworth Boro*(2908*),07033-1205*,"Custom,CapeCod"
680000,4,3.0,6500.0,0.15*,0,1960.0,Kenilworth Boro*(2908*),07033-1204*,"CapeCod,"
710000,4,2.1,12711.0,0.29*,2,1957.0,Kenilworth Boro*(2908*),07033-1913*,"SplitLev,"
685000,4,3.0,5000.0,0.11*,1,1958.0,Kenilworth Boro*(2908*),07033-1074*,"CapeCod,"
675000,5,2.0,5000.0,0.11*,1,1963.0,Kenilworth Boro*(2908*),07033*,"Bi-Level,"
655000,5,3.0,5000.0,0.11*,0,1970.0,Kenilworth Boro*(2908*),07033-1610*,"Colonial,"
775000,4,2.1,6800.0,0.16*,2,2004.0,Kenilworth Boro*(2908*),07033-1630*,"Colonial,"
800000,3,2.2,5200.0,0.12*,1,1940.0,Kenilworth Boro*(2908*),07033-1543*,"Colonial,"
850000,5,2.2,13000.0,0.30*,0,1954.0,Kenilworth Boro*(2908*),07033-1246*,"Colonial,"
855000,4,2.1,5000.0,0.11*,2,2018.0,Kenilworth Boro*(2908*),07033-1221*,"Colonial,"
855000,4,2.2,5200.0,0.12*,2,2019.0,Kenilworth Boro*(2908*),07033-1507*,"Colonial,"
950000,4,2.1,6000.0,0.14*,2,2014.0,Kenilworth Boro*(2908*),07033-1408*,"Colonial,"
907000,4,3.1,5000.0,0.11*,1,2016.0,Kenilworth Boro*(2908*),07033-1511*,"Colonial,Detached"
999900,4,4.0,6000.0,0.14*,1,2012.0,Kenilworth Boro*(2908*),07033-1409*,"Colonial,"
1080000,5,4.2,6000.0,0.14*,1,1948.0,Kenilworth Boro*(2908*),07033-1601*,"Colonial,Custom"
145000,1,1.0,558312.53,0.00*,0,9999.0,Plainfield City*(2912*),07062-1131*,"OneFloor,"
285000,2,2.0,238798.0,0.00*,1,1962.0,Plainfield City*(2912*),07062-1101*,"OneFloor,"
295000,2,1.0,5500.0,0.13*,0,1951.0,Plainfield City*(2912*),07062-2132*,"Ranch,"
310000,2,1.1,6000.0,0.14*,0,1926.0,Plainfield City*(2912*),07062-1709*,"Colonial,"
350000,2,1.0,7693.73,0.18*,1,1956.0,Plainfield City*(2912*),07062-1923*,"Ranch,"
340000,3,1.0,8000.0,0.18*,0,1921.0,Plainfield City*(2912*),07063-1362*,"Colonial,"
325000,2,1.0,5880.0,0.14*,0,1921.0,Plainfield City*(2912*),07063-1330*,"Colonial,"
340000,3,1.0,6809.0,0.16*,0,1921.0,Plainfield City*(2912*),07062-1427*,"Colonial,"
390000,2,1.1,5639.76,0.13*,2,1936.0,Plainfield City*(2912*),07062-1520*,"Colonial,"
380000,3,1.0,4263.05,0.10,0,1961.0,Plainfield City*(2912*),07063*,"Ranch,"
370000,3,1.0,8241.75,0.19*,1,1926.0,Plainfield City*(2912*),07063,"Colonial,"
350000,3,2.0,6750.0,0.15*,0,1926.0,Plainfield City*(2912*),07063-1245*,"CapeCod,"
350000,4,1.0,16007.91,0.37*,0,1951.0,Plainfield City*(2912*),07062-1014*,"CapeCod,"
370000,3,1.0,5944.2,0.14*,1,1957.0,Plainfield City*(2912*),07063-1406*,"CapeCod,"
365000,3,1.0,8625.0,0.20*,1,9999.0,Plainfield City*(2912*),07062-2110*,"Colonial,"
405000,3,2.0,3258.88,0.07*,0,1931.0,Plainfield City*(2912*),07063-1419*,"Colonial,"
325000,3,1.0,3150.0,0.07*,1,1926.0,Plainfield City*(2912*),07063-1247*,"Colonial,"
360000,3,1.0,6211.2,0.14*,0,1926.0,Plainfield City*(2912*),07063-1029*,"Contemp,"
370000,3,1.1,6000.0,0.14*,0,1969.0,Plainfield City*(2912*),07063-1415*,"Ranch,"
380000,2,1.1,3300.0,0.08*,0,1961.0,Plainfield City*(2912*),07062-1323*,"HalfDupl,"
426000,4,1.0,6603.0,0.00*,1,1951.0,Plainfield City*(2912*),07062-2238*,"CapeCod,"
390000,3,1.1,8195.15,0.19*,0,1951.0,Plainfield City*(2912*),07062-2138*,"Contemp,"
380000,5,2.1,7500.0,0.17*,1,1931.0,Plainfield City*(2912*),07060-1923*,"Colonial,"
410000,4,2.0,5340.5,0.12*,0,1920.0,Plainfield City*(2912*),07060-1033*,"Colonial,"
430000,3,1.1,4306.4,0.10*,2,1921.0,Plainfield City*(2912*),07063-1340*,"Colonial,"
400000,3,2.0,6907.0,0.16*,0,1931.0,Plainfield City*(2912*),07062-1101*,"Colonial,SeeRem"
410000,3,1.1,3300.0,0.08*,0,1961.0,Plainfield City*(2912*),07062-1323*,"HalfDupl,MultiFlr"
460000,3,1.0,10500.0,0.24*,1,1951.0,Plainfield City*(2912*),07062-2234*,"Ranch,"
400000,3,1.0,6250.0,0.14*,0,1968.0,Plainfield City*(2912*),07062-1501*,"Ranch,"
390000,3,1.0,5000.0,0.11*,0,1915.0,Plainfield City*(2912*),07063-1356*,"Victrian,"
410000,3,1.1,2880.0,0.07*,0,1921.0,Plainfield City*(2912*),07063-1362*,"Colonial,"
422000,3,1.1,6913.5,0.16*,1,1951.0,Plainfield City*(2912*),07062-1426*,"CapeCod,"
461000,3,1.1,12421.56,0.29,2,1921.0,Plainfield City*(2912*),07063-1117*,"Colonial,Detached"
420000,3,1.0,5700.0,0.13*,1,1956.0,Plainfield City*(2912*),07060-3337*,"CapeCod,"
420000,3,1.0,5000.0,0.11*,1,1951.0,Plainfield City*(2912*),07062-1737*,"Ranch,"
450000,3,1.1,13236.3,0.00,2,1916.0,Plainfield City*(2912*),07062-1109*,"Colonial,"
430000,3,1.1,5000.0,0.11*,1,1931.0,Plainfield City*(2912*),07060-2721*,"Colonial,"
450000,3,2.0,6708.54,0.15*,0,1931.0,Plainfield City*(2912*),07063-1432*,"Colonial,"
445000,19,11.0,30069.0,0.69*,0,1890.0,Plainfield City*(2912*),07060-2333*,"Colonial,"
410000,2,1.1,3060.0,0.07*,0,1921.0,Plainfield City*(2912*),07060-2018*,"TwnIntUn,MultiFlr"
428000,2,2.0,6782.84,0.00,0,1951.0,Plainfield City*(2912*),07062-2125*,"CapeCod,"
414000,3,1.1,3600.0,0.08*,0,1951.0,Plainfield City*(2912*),08812-1247*,"Colonial,"
475000,3,1.1,8343.37,0.19*,0,1951.0,Plainfield City*(2912*),07062-2133*,"CapeCod,"
400000,3,1.1,4000.0,0.09*,1,1931.0,Plainfield City*(2912*),07062-1801*,"Colonial,"
430000,2,1.1,9870.0,0.23*,1,1951.0,Plainfield City*(2912*),07060-2833*,"CapeCod,"
421000,4,3.0,7500.0,0.17*,2,1921.0,Plainfield City*(2912*),07062-1717*,"Colonial,"
465000,4,2.0,4000.0,0.09*,1,1911.0,Plainfield City*(2912*),07060-1903*,"Colonial,"
500000,3,2.0,6150.0,0.14*,0,1921.0,Plainfield City*(2912*),07063-1263*,"Colonial,"
450000,3,1.0,7500.0,0.17*,1,1954.0,Plainfield City*(2912*),07060-2716*,"SplitLev,"
450000,3,1.0,7500.0,0.17*,0,1926.0,Plainfield City*(2912*),07063-1042*,"CapeCod,"
440000,3,2.0,5275.08,0.12*,1,2002.0,Plainfield City*(2912*),07060-1017*,"Colonial,"
435000,3,1.0,9452.0,0.00*,2,1956.0,Plainfield City*(2912*),07060*,"Ranch,"
510000,3,2.1,8500.0,196.00,1,1941.0,Plainfield City*(2912*),07063-1511*,"Colonial,Tudor"
485000,4,1.1,4000.0,0.09*,0,9999.0,Plainfield City*(2912*),07060-1907*,"Colonial,"
475000,4,1.0,6450.0,0.15*,0,1961.0,Plainfield City*(2912*),07062-1741*,"CapeCod,Colonial"
455000,3,2.0,7500.0,0.17*,0,1921.0,Plainfield City*(2912*),07062-1710*,"AFrame,Colonial"
449000,4,3.0,5836.6,0.13*,0,1980.0,Plainfield City*(2912*),07062-2129*,"Colonial,"
475100,2,2.0,5500.0,0.13*,0,1951.0,Plainfield City*(2912*),07062-2132*,"Ranch,"
485000,4,2.0,7500.0,0.17*,0,1966.0,Plainfield City*(2912*),07062-1710*,"CapeCod,"
455000,3,2.1,9555.0,0.22*,1,1965.0,Plainfield City*(2912*),07060-2909*,"Ranch,"
450000,3,2.0,3000.0,0.07*,1,1921.0,Plainfield City*(2912*),07060-1405*,"Colonial,"
470000,3,1.0,7347.87,0.14,1,1951.0,Plainfield City*(2912*),07060-3207*,"CapeCod,"
500000,3,1.1,12500.0,0.29*,1,1951.0,Plainfield City*(2912*),07062-1723*,"CapeCod,"
510000,3,1.1,5050.89,0.12*,0,1921.0,Plainfield City*(2912*),07063-1128*,"Colonial,"
450000,3,2.0,5000.0,0.11*,0,1926.0,Plainfield City*(2912*),07062-1536*,"Colonial,"
459000,3,2.0,6696.25,0.15*,1,1951.0,Plainfield City*(2912*),07060-3219*,"CapeCod,"
540000,5,2.1,12624.0,0.00,1,1921.0,Plainfield City*(2912*),07060-2518*,"Colonial,"
460000,3,1.0,10050.0,0.23,1,1975.0,Plainfield City*(2912*),07060-2909*,"Ranch,Detached"
470000,3,2.0,9375.0,0.22*,1,9999.0,Plainfield City*(2912*),07062-1306*,"Ranch,"
492000,4,3.0,6981.2,0.16*,1,1910.0,Plainfield City*(2912*),07063-1200*,"Colonial,"
518000,3,2.1,8250.0,0.19*,0,1951.0,Plainfield City*(2912*),07062-2131*,"Contemp,"
460000,3,2.0,7837.7,0.18*,0,1951.0,Plainfield City*(2912*),07060-2210*,"CapeCod,"
449900,2,1.1,8563.75,0.20*,1,1941.0,Plainfield City*(2912*),07060-3224*,"Colonial,"
470000,3,2.0,11412.0,0.26*,0,1970.0,Plainfield City*(2912*),07062-1337*,"Ranch,"
470000,3,1.1,5689.0,0.13*,0,1931.0,Plainfield City*(2912*),07062-1436*,"Colonial,"
477000,4,1.1,5872.02,0.00*,1,1954.0,Plainfield City*(2912*),07060-1311*,"CapeCod,"
530000,5,2.0,9353.0,0.21*,2,1926.0,Plainfield City*(2912*),07060-2637*,"Victrian,"
490000,3,2.1,6764.63,0.16*,0,1921.0,Plainfield City*(2912*),07060-1407*,"Colonial,"
495000,4,2.1,5500.0,0.13*,1,1951.0,Plainfield City*(2912*),07062-2128*,"CapeCod,"
514000,4,2.0,6250.0,0.14*,1,1962.0,Plainfield City*(2912*),07062-1722*,"Bi-Level,"
500000,4,2.0,5000.0,0.11*,1,1940.0,Plainfield City*(2912*),07060-2753*,"CapeCod,"
485000,3,2.1,5350.0,0.12*,0,1958.0,Plainfield City*(2912*),07062-1610*,"CapeCod,"
420000,3,1.1,4701.0,0.11*,0,1921.0,Plainfield City*(2912*),07060-2007*,"Colonial,"
495000,3,1.1,7500.0,0.17*,2,1941.0,Plainfield City*(2912*),07063-1551*,"Colonial,"
500000,4,2.0,7500.0,0.17*,1,1956.0,Plainfield City*(2912*),07060-2825*,"Ranch,"
485000,3,1.1,9500.0,0.22*,2,1921.0,Plainfield City*(2912*),07060-2623*,"Colonial,"
485000,3,1.0,7500.0,0.17*,0,9999.0,Plainfield City*(2912*),07062-1724*,"Ranch,"
540000,3,2.0,10883.4,0.25*,2,1951.0,Plainfield City*(2912*),07062-2104*,"Ranch,"
520000,4,2.0,7550.0,0.17*,2,1931.0,Plainfield City*(2912*),07062-1404*,"Colonial,"
500000,3,2.0,13200.0,0.30*,0,1961.0,Plainfield City*(2912*),07062-1354*,"Ranch,"
530000,3,1.1,7500.0,0.17*,1,1957.0,Plainfield City*(2912*),07060-2857*,"SplitLev,"
500000,4,2.1,4500.0,0.10*,0,1907.0,Plainfield City*(2912*),07063*,"Colonial,"
510000,4,2.0,7500.0,0.17*,0,1960.0,Plainfield City*(2912*),07062-1705*,"CapeCod,"
525000,5,2.0,2850.0,0.07*,0,1921.0,Plainfield City*(2912*),07063-1364*,"Colonial,"
425000,5,2.0,5919.0,0.14*,2,1921.0,Plainfield City*(2912*),07060-1404*,"Colonial,"
495000,4,1.1,7000.0,0.16*,1,2018.0,Plainfield City*(2912*),07062-1414*,"Colonial,"
480000,3,1.0,11700.0,0.27*,1,1932.0,Plainfield City*(2912*),07060-2324*,"Tudor,"
518000,4,3.0,6714.72,0.15*,3,1921.0,Plainfield City*(2912*),07060-2933*,"Colonial,"
490000,4,1.1,10500.0,0.25,1,1976.0,Plainfield City*(2912*),07060-2946*,"SplitLev,"
525000,3,1.1,7500.0,0.17*,1,9997.0,Plainfield City*(2912*),07060-2944*,"SplitLev,"
475000,3,1.0,14500.0,0.33*,1,1925.0,Plainfield City*(2912*),07062-2207*,"Colonial,"
553000,3,1.1,8493.54,0.20*,1,1941.0,Plainfield City*(2912*),07063-1535*,"Colonial,Tudor"
535000,4,3.1,9250.0,0.21*,1,1939.0,Plainfield City*(2912*),07060-2931*,"RanchRas,Custom"
475000,3,1.1,5000.0,0.11*,1,1983.0,Plainfield City*(2912*),07062-1519*,"SplitLev,"
522000,4,1.1,5250.0,0.12*,1,1921.0,Plainfield City*(2912*),07063-1333*,"Colonial,"
499900,4,2.0,5217.24,0.00,0,1926.0,Plainfield City*(2912*),07062-1321*,"Colonial,"
482000,3,1.0,5125.0,0.12*,1,9999.0,Plainfield City*(2912*),07062-1933*,"Colonial,"
510000,4,2.0,7250.0,0.17*,1,1951.0,Plainfield City*(2912*),07062-2208*,"Colonial,"
500000,4,1.0,6750.0,0.15*,1,9999.0,Plainfield City*(2912*),07063-1003*,"CapeCod,"
550000,4,2.0,17551.5,0.40*,2,1953.0,Plainfield City*(2912*),07062-2205*,"Ranch,"
510000,3,2.1,7500.0,0.17*,1,1951.0,Plainfield City*(2912*),07063-1527*,"CapeCod,"
555000,3,2.1,9000.0,0.21*,1,1936.0,Plainfield City*(2912*),07060-2863*,"Colonial,"
545000,3,2.1,8050.0,0.18*,1,1921.0,Plainfield City*(2912*),07060-1913*,"Colonial,"
555000,4,2.0,7625.0,0.17*,1,1946.0,Plainfield City*(2912*),07060-2417*,"Colonial,"
545000,4,2.1,9363.0,0.21,2,1931.0,Plainfield City*(2912*),07060*,"Colonial,"
539000,3,2.0,7500.0,0.17*,2,9999.0,Plainfield City*(2912*),07060-2738*,"SplitLev,"
485000,4,3.0,15200.0,0.35*,2,1926.0,Plainfield City*(2912*),07060-2634*,"Colonial,"
549000,4,2.1,5625.0,0.13*,1,1924.0,Plainfield City*(2912*),07060-3313*,"Colonial,"
550000,4,2.1,9000.0,0.21*,2,1936.0,Plainfield City*(2912*),07060-2856*,"Colonial,Tudor"
590000,5,3.1,3934.66,0.09*,0,1921.0,Plainfield City*(2912*),07060-1844*,"Colonial,"
573000,4,2.0,6000.0,0.14*,0,1931.0,Plainfield City*(2912*),07062-1825*,"Colonial,"
551000,3,1.2,8241.75,0.19*,2,1925.0,Plainfield City*(2912*),07063-1038*,"Colonial,"
550000,5,2.0,7520.5,0.17*,3,1921.0,Plainfield City*(2912*),07063-1418*,"Colonial,"
605000,4,3.0,8625.0,0.20*,1,1931.0,Plainfield City*(2912*),07062-2110*,"Colonial,"
540000,3,1.1,10065.0,0.23*,2,1926.0,Plainfield City*(2912*),07060-2632*,"Colonial,"
560000,3,2.0,8000.0,0.18*,0,1930.0,Plainfield City*(2912*),07060-2926*,"Colonial,"
570000,4,2.1,9500.0,0.22*,0,1901.0,Plainfield City*(2912*),07060-2636*,"Colonial,"
585000,3,2.1,10685.74,0.25*,1,1911.0,Plainfield City*(2912*),07060-3127*,"Custom,Detached"
575000,4,3.0,3750.0,0.09*,2,9999.0,Plainfield City*(2912*),07062*,"Colonial,"
575000,4,2.1,8250.0,0.19*,2,1925.0,Plainfield City*(2912*),07060-2752*,"Colonial,"
585000,4,2.1,8775.05,0.20*,2,1961.0,Plainfield City*(2912*),07060-2807*,"SplitLev,"
575000,4,2.1,12031.58,0.28*,2,1931.0,Plainfield City*(2912*),07060-3303*,"Tudor,"
610000,2,2.0,11250.0,0.26*,1,1951.0,Plainfield City*(2912*),07060-3115*,"Ranch,"
645000,4,2.1,10530.36,0.24*,1,1926.0,Plainfield City*(2912*),07060-3114*,"Colonial,"
620000,5,2.0,7679.25,0.18*,1,1951.0,Plainfield City*(2912*),07062-2236*,"CapeCod,SeeRem"
580000,6,3.0,5000.0,0.11*,1,1940.0,Plainfield City*(2912*),07062-1827*,"Colonial,"
585000,4,3.1,7654.74,0.18*,1,1931.0,Plainfield City*(2912*),07063-1536*,"Colonial,"
635000,4,3.0,7500.0,0.17*,1,1941.0,Plainfield City*(2912*),07063-1520*,"Colonial,"
631000,6,1.1,12306.0,0.00*,0,1912.0,Plainfield City*(2912*),07062-2022*,"SeeRem,"
608000,4,2.1,8775.05,0.20*,2,1961.0,Plainfield City*(2912*),07060-2807*,"SplitLev,"
601000,3,2.1,9736.35,0.22*,1,1931.0,Plainfield City*(2912*),07060-3130*,"Tudor,"
635000,4,2.1,8625.0,0.20*,1,1931.0,Plainfield City*(2912*),07062-2113*,"Colonial,Custom"
640000,4,2.0,8035.5,0.18*,0,1951.0,Plainfield City*(2912*),07062-2231*,"CapeCod,"
620000,5,3.0,6099.99,0.14*,1,9999.0,Plainfield City*(2912*),07060-2402*,"SplitLev,"
605000,4,1.1,7250.0,0.17*,1,1926.0,Plainfield City*(2912*),07062-2207*,"Colonial,"
655000,5,3.1,7498.0,0.17*,2,1921.0,Plainfield City*(2912*),07060-1921*,"Colonial,"
625000,2,3.1,12396.8,0.28*,1,1959.0,Plainfield City*(2912*),07060-2848*,"Ranch,"
635000,5,3.0,30014.86,0.69,2,1936.0,Plainfield City*(2912*),07060-3444*,"Colonial,Develpmt,MultiFlr"
670000,4,4.0,10836.1,0.17,2,1941.0,Plainfield City*(2912*),07062-1750*,"Colonial,"
600000,6,2.1,4500.0,0.10*,0,1951.0,Plainfield City*(2912*),07063-1205*,"Colonial,"
665000,5,2.2,9932.76,0.23*,2,1921.0,Plainfield City*(2912*),07060-2416*,"Colonial,"
628000,3,2.1,11196.46,0.26*,2,1926.0,Plainfield City*(2912*),07060-2633*,"Colonial,"
665000,4,3.1,13029.62,0.30*,2,1941.0,Plainfield City*(2912*),07060-3429*,"Colonial,"
675000,5,3.1,18050.0,0.41*,2,1932.0,Plainfield City*(2912*),07060-2625*,"Colonial,"
669000,4,2.1,15000.0,0.34*,2,1936.0,Plainfield City*(2912*),07060-2827*,"Colonial,"
680000,4,2.1,14583.79,0.33*,2,1968.0,Plainfield City*(2912*),07060-3327*,"Colonial,"
699000,5,3.0,35007.0,0.80*,2,1928.0,Plainfield City*(2912*),07060-3157*,"Tudor,"
720000,3,2.1,14839.49,0.38,2,1931.0,Plainfield City*(2912*),07060-3442*,"Tudor,"
735000,5,1.2,17100.0,0.39*,4,1931.0,Plainfield City*(2912*),07060-2211*,"Colonial,"
765000,4,3.1,12687.5,0.29*,2,1936.0,Plainfield City*(2912*),07060-3418*,"Colonial,"
730000,5,3.1,7992.0,0.18*,1,1916.0,Plainfield City*(2912*),07060-3121*,"Colonial,"
765000,4,2.2,10722.39,0.25*,2,1926.0,Plainfield City*(2912*),07060-3114*,"Colonial,"
850000,4,2.2,12935.13,0.30*,2,1967.0,Plainfield City*(2912*),07060-3430*,"Colonial,"
770000,6,3.1,15200.0,0.35*,2,1926.0,Plainfield City*(2912*),07060-2634*,"Colonial,"
840000,4,4.0,16625.0,0.38*,2,1931.0,Plainfield City*(2912*),07060-2211*,"Colonial,"
830000,4,3.1,22197.0,0.51*,2,1936.0,Plainfield City*(2912*),07060-2805*,"Colonial,"
855000,6,2.1,32121.6,0.00*,2,1912.0,Plainfield City*(2912*),07062-2014*,"Colonial,"
899000,8,5.1,43695.6,1.00,3,1916.0,Plainfield City*(2912*),07060-2647*,"Colonial,"
1050000,5,3.2,37017.4,0.71,2,1944.0,Plainfield City*(2912*),07060-3431*,"Colonial,"
1050000,7,4.1,112200.0,2.58*,3,1900.0,Plainfield City*(2912*),07060-3407*,"Colonial,"
1210000,8,4.1,49815.0,1.10,2,1909.0,Plainfield City*(2912*),07062-2016*,"Colonial,"
375000,1,1.0,4356.0,0.10*,0,1945.0,Scotch Plains Twp.*(2916*),07076-4685*,"Custom,"
450000,3,1.1,6250.0,0.14*,1,1950.0,Scotch Plains Twp.*(2916*),07076-1704*,"CapeCod,"
430000,4,1.0,6100.0,0.14*,1,1945.0,Scotch Plains Twp.*(2916*),07076-1626*,"CapeCod,FixrUppr"
440000,2,1.0,5000.0,0.11*,1,1952.0,Scotch Plains Twp.*(2916*),07076-1117*,"CapeCod,"
500000,4,2.0,8750.0,0.20*,1,1950.0,Scotch Plains Twp.*(2916*),07076-1609*,"CapeCod,FixrUppr,SeeRem"
470000,2,1.1,3920.4,0.09*,0,1984.0,Scotch Plains Twp.*(2916*),07076-1110*,"MultiFlr,TwnIntUn"
472000,3,1.0,9747.0,0.22*,1,1950.0,Scotch Plains Twp.*(2916*),07076-1151*,"CapeCod,"
527000,3,2.1,6969.6,0.16*,1,1985.0,Scotch Plains Twp.*(2916*),07076-3163*,"MultiFlr,TwnIntUn"
515000,3,1.1,6420.0,0.15*,1,1930.0,Scotch Plains Twp.*(2916*),07076-1633*,"Colonial,"
465000,3,1.0,6710.0,0.15*,1,1950.0,Scotch Plains Twp.*(2916*),07076-1151*,"CapeCod,"
530000,4,1.1,5250.0,0.12*,1,1963.0,Scotch Plains Twp.*(2916*),07076*,"CapeCod,Detached"
500000,2,1.1,4356.0,0.10*,1,1985.0,Scotch Plains Twp.*(2916*),07076*,"MultiFlr,"
510000,2,2.1,6969.6,0.16*,1,1981.0,Scotch Plains Twp.*(2916*),07076-3137*,"TwnIntUn,MultiFlr"
570000,2,1.1,15280.0,0.35*,1,1946.0,Scotch Plains Twp.*(2916*),07076-1617*,"Ranch,"
570511,2,2.1,6969.6,0.16*,1,1987.0,Scotch Plains Twp.*(2916*),07076-3154*,"TwnEndUn,MultiFlr"
588000,2,2.1,0.0,0.00,1,2004.0,Scotch Plains Twp.*(2916*),07076-1074*,"TwnEndUn,MultiFlr"
510000,3,2.1,6969.6,0.16*,1,1987.0,Scotch Plains Twp.*(2916*),07076-3165*,"TwnIntUn,MultiFlr"
520000,4,1.1,5000.0,0.11*,1,1959.0,Scotch Plains Twp.*(2916*),07076-1043*,"CapeCod,"
645000,3,2.1,6600.0,0.15*,2,1930.0,Scotch Plains Twp.*(2916*),07076-1332*,"Colonial,Tudor"
575000,2,2.1,6969.6,0.16*,1,1985.0,Scotch Plains Twp.*(2916*),07076-3138*,"TwnIntUn,MultiFlr"
560000,3,1.0,6969.6,0.16*,1,1952.0,Scotch Plains Twp.*(2916*),07076-1502*,"CapeCod,"
560000,3,2.1,6969.6,0.16*,1,1981.0,Scotch Plains Twp.*(2916*),07076-3154*,"TwnIntUn,MultiFlr"
655000,3,2.0,7900.0,0.18*,0,1953.0,Scotch Plains Twp.*(2916*),07076-1934*,"Ranch,"
530000,4,2.0,6318.0,0.14*,1,9999.0,Scotch Plains Twp.*(2916*),07076-1124*,"CapeCod,"
590000,3,1.0,6098.4,0.14*,1,1940.0,Scotch Plains Twp.*(2916*),07076-4522*,"SplitLev,"
550000,4,3.0,6098.4,0.14*,1,1977.0,Scotch Plains Twp.*(2916*),07076-1444*,"RanchRas,"
575000,3,2.1,7114.0,0.16*,1,1987.0,Scotch Plains Twp.*(2916*),07076-3154*,"MultiFlr,TwnIntUn"
568000,3,1.1,4791.6,0.11*,1,1940.0,Scotch Plains Twp.*(2916*),07076-1413*,"Colonial,"
555000,2,2.1,6969.6,0.16*,1,1985.0,Scotch Plains Twp.*(2916*),07076-3130*,"TwnIntUn,MultiFlr"
580000,4,2.0,5227.2,0.12*,1,1952.0,Scotch Plains Twp.*(2916*),07076-2011*,"CapeCod,"
650000,3,3.0,6969.6,0.16*,1,1968.0,Scotch Plains Twp.*(2916*),07076-2307*,"Bi-Level,"
715000,3,2.0,5000.0,0.11*,1,1950.0,Scotch Plains Twp.*(2916*),07076-1424*,"Colonial,"
575000,2,2.1,6969.6,0.16*,1,1985.0,Scotch Plains Twp.*(2916*),07076*,"TwnIntUn,MultiFlr"
550900,3,2.0,6100.0,0.14*,2,1910.0,Scotch Plains Twp.*(2916*),07076-1254*,"Colonial,"
630000,4,2.0,7500.0,0.17*,2,1946.0,Scotch Plains Twp.*(2916*),07062-1345*,"CapeCod,"
665000,4,2.0,6498.0,0.15*,1,1950.0,Scotch Plains Twp.*(2916*),07076-1107*,"CapeCod,"
604500,4,1.0,6300.0,0.14*,1,1950.0,Scotch Plains Twp.*(2916*),07076-1849*,"CapeCod,"
565000,3,1.1,5252.0,0.12*,1,1959.0,Scotch Plains Twp.*(2916*),07076-1132*,"SplitLev,"
605000,3,2.0,7500.0,0.17*,2,1910.0,Scotch Plains Twp.*(2916*),07076-1847*,"Bungalow,"
676500,3,2.0,4791.6,0.11*,1,1948.0,Scotch Plains Twp.*(2916*),07076-1458*,"CapeCod,"
620000,2,2.1,6969.6,0.16*,1,1985.0,Scotch Plains Twp.*(2916*),07076-3136*,"TwnIntUn,MultiFlr"
610000,3,2.0,20037.6,0.46*,1,1950.0,Scotch Plains Twp.*(2916*),07076-2912*,"Ranch,"
599900,3,1.2,4791.6,0.11*,1,1954.0,Scotch Plains Twp.*(2916*),07076-1425*,"CapeCod,"
720000,3,2.0,6000.0,0.14*,1,1952.0,Scotch Plains Twp.*(2916*),07076-1835*,"CapeCod,"
675000,4,1.2,8500.0,0.20*,1,1947.0,Scotch Plains Twp.*(2916*),07076-1712*,"CapeCod,"
660000,3,1.1,7500.0,0.17*,1,1959.0,Scotch Plains Twp.*(2916*),07076-1903*,"Ranch,"
640000,3,1.1,4791.6,0.11*,1,1941.0,Scotch Plains Twp.*(2916*),07076-1415*,"Colonial,"
640000,3,1.1,5000.0,0.11*,1,1958.0,Scotch Plains Twp.*(2916*),07076-1429*,"SplitLev,"
662500,3,2.0,5000.0,0.11*,1,1950.0,Scotch Plains Twp.*(2916*),07076-1430*,"CapeCod,"
619000,3,2.0,8150.0,0.19*,1,1945.0,Scotch Plains Twp.*(2916*),07076-1611*,"CapeCod,"
619900,2,3.0,5800.0,0.13*,1,1962.0,Scotch Plains Twp.*(2916*),07076-1336*,"Ranch,"
630000,4,1.1,6098.4,0.14*,0,1947.0,Scotch Plains Twp.*(2916*),07076-1438*,"CapeCod,"
740000,3,1.0,9583.2,0.22*,1,1956.0,Scotch Plains Twp.*(2916*),07076*,"Ranch,"
629900,4,2.0,7548.0,0.17*,1,1950.0,Scotch Plains Twp.*(2916*),07076-1604*,"CapeCod,"
750000,3,1.1,7405.2,0.17*,1,1956.0,Scotch Plains Twp.*(2916*),07076-1404*,"SplitLev,Custom"
625000,4,2.0,7500.0,0.17*,2,1923.0,Scotch Plains Twp.*(2916*),07076-1812*,"Colonial,"
848000,4,2.0,10018.8,0.23*,1,1950.0,Scotch Plains Twp.*(2916*),07076-2907*,"CapeCod,"
650000,4,2.1,5000.0,0.11*,1,1930.0,Scotch Plains Twp.*(2916*),07076-1411*,"Colonial,"
670000,4,2.0,9500.0,0.22*,2,1930.0,Scotch Plains Twp.*(2916*),07076-2032*,"Detached,Colonial"
715000,3,2.1,6250.0,0.14*,1,1950.0,Scotch Plains Twp.*(2916*),07076-1060*,"CapeCod,Colonial"
670000,4,2.1,4791.6,0.11*,1,1967.0,Scotch Plains Twp.*(2916*),07076-1441*,"Colonial,"
730000,4,2.0,6750.0,0.15*,1,1950.0,Scotch Plains Twp.*(2916*),07076-1634*,"Colonial,"
730000,4,2.0,6969.6,0.16*,2,1967.0,Scotch Plains Twp.*(2916*),07076-1512*,"Bi-Level,"
680000,3,1.1,7840.8,0.18*,1,1955.0,Scotch Plains Twp.*(2916*),07076-4504*,"SplitLev,"
640000,4,3.0,7405.2,0.17*,2,1950.0,Scotch Plains Twp.*(2916*),07076-2053*,"CapeCod,"
685000,3,2.0,17712.0,0.41*,1,1959.0,Scotch Plains Twp.*(2916*),07076-1936*,"SplitLev,"
675000,3,2.1,11761.2,0.27*,1,1962.0,Scotch Plains Twp.*(2916*),07076-2940*,"CapeCod,"
750000,3,1.1,4791.6,0.11*,1,1955.0,Scotch Plains Twp.*(2916*),07076-1909*,"SplitLev,"
675000,4,2.1,14374.8,0.33*,2,1956.0,Scotch Plains Twp.*(2916*),07076-2050*,"SplitLev,"
840000,4,2.0,11325.6,0.26*,2,1955.0,Scotch Plains Twp.*(2916*),07076-2920*,"CapeCod,"
735000,4,2.0,6534.0,0.15*,1,1940.0,Scotch Plains Twp.*(2916*),07076-1413*,"Custom,CapeCod"
856000,4,2.1,14828.0,0.34*,1,1925.0,Scotch Plains Twp.*(2916*),07076-1718*,"Colonial,"
832000,3,2.0,12196.8,0.28*,1,1945.0,Scotch Plains Twp.*(2916*),07076-4743*,"CapeCod,"
690000,5,1.1,9583.2,0.22*,1,1950.0,Scotch Plains Twp.*(2916*),07076-1502*,"Colonial,"
803000,3,2.0,13939.2,0.32*,1,1954.0,Scotch Plains Twp.*(2916*),07076-2322*,"SplitLev,"
850000,4,1.1,13503.6,0.31*,1,1958.0,Scotch Plains Twp.*(2916*),07076-2743*,"Colonial,"
777500,4,3.1,15681.6,0.36*,1,1940.0,Scotch Plains Twp.*(2916*),07076-1524*,"CapeCod,"
825000,3,2.0,50094.0,1.15*,1,1944.0,Scotch Plains Twp.*(2916*),07076-4755*,"Ranch,"
800000,4,4.0,6050.0,0.14*,1,1950.0,Scotch Plains Twp.*(2916*),07076-1151*,"Colonial,"
760000,3,2.0,13503.6,0.31*,2,1967.0,Scotch Plains Twp.*(2916*),07076-1530*,"Ranch,"
782501,5,2.0,5000.0,0.11*,1,1954.0,Scotch Plains Twp.*(2916*),07076-1916*,"SplitLev,"
736000,4,2.0,5000.0,0.11*,1,1962.0,Scotch Plains Twp.*(2916*),07076-1712*,"SplitLev,"
727000,5,3.1,39639.6,0.91*,2,1970.0,Scotch Plains Twp.*(2916*),07076-1528*,"RanchExp,"
755000,4,2.1,6098.4,0.14*,1,1964.0,Scotch Plains Twp.*(2916*),07076-4625*,"SplitLev,"
725000,5,3.0,5000.0,0.11*,0,1955.0,Scotch Plains Twp.*(2916*),07076-1916*,"SplitLev,"
702000,3,3.0,5227.2,0.12*,1,1970.0,Scotch Plains Twp.*(2916*),07076-2162*,"Contemp,Colonial"
779000,3,1.2,6098.4,0.14*,1,1964.0,Scotch Plains Twp.*(2916*),07076-4625*,"Ranch,"
785000,5,2.1,49658.4,1.14*,2,1963.0,Scotch Plains Twp.*(2916*),07076-4769*,"SplitLev,"
865000,3,2.1,6534.0,0.15*,1,1960.0,Scotch Plains Twp.*(2916*),07076-4604*,"SplitLev,"
875000,3,2.0,15246.0,0.35*,1,1958.0,Scotch Plains Twp.*(2916*),07076-1527*,"SplitLev,"
875000,4,2.1,13939.2,0.32*,2,1969.0,Scotch Plains Twp.*(2916*),07076-1508*,"SplitLev,"
815000,3,2.0,8964.0,0.21*,1,1955.0,Scotch Plains Twp.*(2916*),07076-1937*,"SplitLev,"
830000,4,3.0,6240.0,0.14*,0,1925.0,Scotch Plains Twp.*(2916*),07076-1851*,"Colonial,Detached"
830000,4,2.1,11761.2,0.27*,1,1948.0,Scotch Plains Twp.*(2916*),07076-2001*,"CapeCod,"
820000,4,3.1,22651.2,0.52*,2,1955.0,Scotch Plains Twp.*(2916*),07092-1318*,"RanchExp,"
810000,4,3.0,5900.0,0.14*,1,1920.0,Scotch Plains Twp.*(2916*),07076*,"Colonial,"
1055000,4,2.1,20037.6,0.46*,2,1952.0,Scotch Plains Twp.*(2916*),07076-4729*,"Ranch,"
900000,3,2.1,6098.4,0.14*,1,1964.0,Scotch Plains Twp.*(2916*),07076-4625*,"Ranch,"
800000,4,2.1,13939.2,0.32*,2,1965.0,Scotch Plains Twp.*(2916*),07076-1511*,"SplitLev,"
853000,3,3.0,6696.0,0.15*,1,1960.0,Scotch Plains Twp.*(2916*),07076-1815*,"Custom,"
880000,4,3.1,13939.2,0.32*,2,1964.0,Scotch Plains Twp.*(2916*),07076-4727*,"SplitLev,"
870120,6,2.1,8000.0,0.18*,2,1969.0,Scotch Plains Twp.*(2916*),07076-4624*,"Colonial,"
887000,4,2.1,14810.4,0.34*,2,1956.0,Scotch Plains Twp.*(2916*),07076-1513*,"SplitLev,"
806590,3,2.0,6534.0,0.15*,1,1942.0,Scotch Plains Twp.*(2916*),07076-4507*,"Colonial,"
1030000,3,2.1,40075.2,0.92*,2,1952.0,Scotch Plains Twp.*(2916*),07076-2844*,"Ranch,"
850000,4,2.1,6098.4,0.14*,1,1969.0,Scotch Plains Twp.*(2916*),07076-4656*,"Colonial,"
980000,4,3.1,8276.4,0.19*,2,1993.0,Scotch Plains Twp.*(2916*),07076-2400*,"Colonial,Develpmt"
850000,4,3.0,5724.0,0.13*,1,1955.0,Scotch Plains Twp.*(2916*),07076*,"Colonial,"
950888,4,2.1,10890.0,0.25*,2,1966.0,Scotch Plains Twp.*(2916*),07076-1513*,"Colonial,"
840000,4,3.1,5000.0,0.11*,1,1933.0,Scotch Plains Twp.*(2916*),07076-1430*,"Colonial,"
905000,4,2.1,4850.0,0.11*,1,1920.0,Scotch Plains Twp.*(2916*),07076-1722*,"Colonial,"
937000,3,2.1,6098.4,0.14*,1,2006.0,Scotch Plains Twp.*(2916*),07076*,"Colonial,"
999999,5,2.1,6250.0,0.14*,1,1948.0,Scotch Plains Twp.*(2916*),07076-1309*,"Colonial,"
1131300,4,2.1,38768.4,0.89*,2,1955.0,Scotch Plains Twp.*(2916*),07076-2810*,"Ranch,SeeRem"
795000,3,2.1,20908.8,0.48,2,1973.0,Scotch Plains Twp.*(2916*),07076-2219*,"Bi-Level,"
999999,3,2.1,7840.8,0.18*,2,1984.0,Scotch Plains Twp.*(2916*),07076-4620*,"Colonial,"
1043000,3,2.0,20037.6,0.46*,1,1940.0,Scotch Plains Twp.*(2916*),07076-2155*,"Colonial,"
1051000,5,2.1,7700.0,0.18*,2,2000.0,Scotch Plains Twp.*(2916*),07076-3301*,"Colonial,"
950000,4,3.1,46609.2,1.07*,2,1981.0,Scotch Plains Twp.*(2916*),07076-3321*,"Custom,"
851000,3,3.1,9100.0,0.21*,2,1986.0,Scotch Plains Twp.*(2916*),07076-1220*,"Colonial,"
960000,4,4.1,41382.0,0.95*,2,1979.0,Scotch Plains Twp.*(2916*),07076-2824*,"Colonial,"
930000,4,2.2,27007.2,0.62*,2,1965.0,Scotch Plains Twp.*(2916*),07076-1515*,"Custom,SplitLev"
910000,4,2.1,74052.0,1.70*,2,1962.0,Scotch Plains Twp.*(2916*),07076-4769*,"Colonial,"
995000,4,3.0,5000.0,0.11*,1,1960.0,Scotch Plains Twp.*(2916*),07076-1430*,"Colonial,"
980000,3,2.1,15681.6,0.36*,2,1952.0,Scotch Plains Twp.*(2916*),07076-2116*,"Ranch,"
980000,4,2.0,12632.4,0.29*,1,1940.0,Scotch Plains Twp.*(2916*),07076-4759*,"CapeCod,"
1088000,4,2.1,7840.8,0.18*,1,1996.0,Scotch Plains Twp.*(2916*),07076-2141*,"Colonial,"
1085000,4,2.1,8640.0,0.20*,1,2004.0,Scotch Plains Twp.*(2916*),07076-1718*,"Colonial,"
870000,4,2.1,6534.0,0.15*,1,1935.0,Scotch Plains Twp.*(2916*),07076-1306*,"Colonial,"
999999,4,3.1,5227.2,0.12*,1,2003.0,Scotch Plains Twp.*(2916*),07076-1950*,"Colonial,"
1117800,4,2.1,50529.6,1.16*,2,1969.0,Scotch Plains Twp.*(2916*),07076-2405*,"Ranch,"
965999,5,3.1,6750.0,0.00*,1,2024.0,Scotch Plains Twp.*(2916*),07076-1846*,"Colonial,SeeRem"
999900,3,2.1,40075.2,0.92*,2,1967.0,Scotch Plains Twp.*(2916*),07076-2835*,"Ranch,"
1199250,4,3.2,14810.4,0.34*,2,1955.0,Scotch Plains Twp.*(2916*),07076-4704*,"CapeCod,"
1000000,4,2.0,27442.8,0.63*,2,1962.0,Scotch Plains Twp.*(2916*),07076-2204*,"Ranch,"
999000,4,2.1,42253.2,0.97*,2,1964.0,Scotch Plains Twp.*(2916*),07076-2941*,"Colonial,"
1176000,4,3.1,13503.6,0.31*,2,1997.0,Scotch Plains Twp.*(2916*),07076-2438*,"Colonial,"
990000,3,2.1,21344.4,0.49*,2,1955.0,Scotch Plains Twp.*(2916*),07076-2609*,"SplitLev,Colonial"
1150000,4,2.1,14810.4,0.34*,2,1960.0,Scotch Plains Twp.*(2916*),07076-2607*,"SplitLev,"
1035000,5,3.1,4356.0,0.10*,1,2025.0,Scotch Plains Twp.*(2916*),07076-4685*,"Colonial,"
1475000,4,3.1,18730.8,0.43*,2,1958.0,Scotch Plains Twp.*(2916*),07076,"Ranch,"
1161000,4,3.0,23086.8,0.53*,2,1955.0,Scotch Plains Twp.*(2916*),07076-2112*,"SplitLev,Custom"
1280000,4,3.1,7500.0,0.17*,2,2014.0,Scotch Plains Twp.*(2916*),07076-1407*,"Colonial,"
1050000,3,3.1,14374.8,0.33*,2,1983.0,Scotch Plains Twp.*(2916*),07076-2523*,"Contemp,"
1150000,5,3.1,20473.2,0.47*,1,1957.0,Scotch Plains Twp.*(2916*),07076-4675*,"SplitLev,"
1175000,4,2.1,8712.0,0.20*,2,1997.0,Scotch Plains Twp.*(2916*),07076-2967*,"Colonial,"
1260000,5,3.0,42253.2,0.97*,2,1958.0,Scotch Plains Twp.*(2916*),07076-2424*,"SplitLev,"
1150000,4,2.1,21344.4,0.49*,1,2016.0,Scotch Plains Twp.*(2916*),07076-2703*,"Colonial,"
1411000,4,3.0,26136.0,0.60*,1,2007.0,Scotch Plains Twp.*(2916*),07076*,"Colonial,"
1100000,4,3.0,11325.6,0.26*,2,1953.0,Scotch Plains Twp.*(2916*),07076-2159*,"Colonial,"
1200000,4,2.1,40075.2,0.92*,2,1962.0,Scotch Plains Twp.*(2916*),07076-2212*,"SplitLev,"
1197601,5,3.0,32670.0,0.75*,2,1981.0,Scotch Plains Twp.*(2916*),07076-2734*,"Colonial,Custom"
1250000,5,3.1,6098.4,0.14*,2,2025.0,Scotch Plains Twp.*(2916*),07076-2148*,"Colonial,"
1150000,5,3.1,6098.4,0.14*,2,2025.0,Scotch Plains Twp.*(2916*),07076-2148*,"Colonial,"
1210000,5,3.1,6098.4,0.14*,2,2025.0,Scotch Plains Twp.*(2916*),07076-2148*,"Colonial,"
1260000,4,2.1,23958.0,0.55*,2,1955.0,Scotch Plains Twp.*(2916*),07076-4721*,"SplitLev,"
1175000,4,2.1,18730.8,0.43*,1,1962.0,Scotch Plains Twp.*(2916*),07076-2113*,"SplitLev,SeeRem"
1365018,4,3.1,41817.6,0.96*,2,1983.0,Scotch Plains Twp.*(2916*),07076-2947*,"Colonial,Custom"
1425000,4,2.1,12632.4,0.29*,2,1995.0,Scotch Plains Twp.*(2916*),07076-2955*,"Colonial,"
1410000,4,2.1,14810.4,0.34*,2,1998.0,Scotch Plains Twp.*(2916*),07076-2953*,"Colonial,"
1305000,5,4.1,49658.4,1.14*,2,1965.0,Scotch Plains Twp.*(2916*),07076-2414*,"Custom,"
1275000,5,4.1,40510.8,0.93*,2,1972.0,Scotch Plains Twp.*(2916*),07076-2827*,"Colonial,"
1450000,4,2.1,32234.4,0.74*,2,1962.0,Scotch Plains Twp.*(2916*),07076-2219*,"Colonial,"
1350000,4,2.2,13939.2,0.32*,2,1991.0,Scotch Plains Twp.*(2916*),07076-2433*,"Colonial,"
1075000,4,3.1,13939.2,0.32*,2,1977.0,Scotch Plains Twp.*(2916*),07076-2027*,"Custom,"
1200000,4,3.1,54450.0,1.25*,2,1988.0,Scotch Plains Twp.*(2916*),07076-3321*,"RanchExp,Ranch"
1300000,5,4.1,7840.8,0.18*,2,1952.0,Scotch Plains Twp.*(2916*),07076-4679*,"Colonial,"
1410000,5,3.0,35283.6,0.81*,3,1996.0,Scotch Plains Twp.*(2916*),07076-2820*,"Colonial,"
1497500,4,2.2,8712.0,0.20*,2,1992.0,Scotch Plains Twp.*(2916*),07076-2957*,"Colonial,"
1215000,5,4.1,9075.0,0.21*,2,9999.0,Scotch Plains Twp.*(2916*),07076-1201*,"Custom,"
1237500,5,3.1,6098.4,0.14*,2,2025.0,Scotch Plains Twp.*(2916*),07076-2143*,"Colonial,"
1389000,4,3.2,45302.4,1.04*,2,2013.0,Scotch Plains Twp.*(2916*),07076-3319*,"Colonial,"
1325000,6,5.1,6098.4,0.14*,1,9999.0,Scotch Plains Twp.*(2916*),07076-4535*,"Colonial,"
1280000,5,2.1,8556.0,0.20*,1,1956.0,Scotch Plains Twp.*(2916*),07076-1944*,"Custom,SplitLev"
1417000,4,3.1,13503.6,0.31*,2,2006.0,Scotch Plains Twp.*(2916*),07076-2739*,"Colonial,"
1460000,5,3.2,8712.0,0.20*,2,2020.0,Scotch Plains Twp.*(2916*),07076-4519*,"Custom,"
1350000,5,3.1,40075.2,0.92*,2,1974.0,Scotch Plains Twp.*(2916*),07076-2918*,"Colonial,"
1500000,5,4.0,28749.6,0.66*,3,1960.0,Scotch Plains Twp.*(2916*),07076-2626*,"Custom,SplitLev"
1512000,4,3.1,10890.0,0.25*,2,2006.0,Scotch Plains Twp.*(2916*),07076-2220*,"Colonial,"
1405000,5,3.1,6400.0,0.15*,2,2013.0,Scotch Plains Twp.*(2916*),07076-1315*,"Colonial,"
1360000,6,4.1,48351.6,1.11*,2,1941.0,Scotch Plains Twp.*(2916*),07076-3405*,"Colonial,"
1295000,6,4.1,40075.2,0.92*,2,1964.0,Scotch Plains Twp.*(2916*),07076-2211*,"Custom,"
1325000,4,3.0,40075.2,0.92*,3,1930.0,Scotch Plains Twp.*(2916*),07076-3409*,"Custom,"
1460000,6,6.1,6400.0,0.14*,1,2024.0,Scotch Plains Twp.*(2916*),07076-4620*,"Colonial,"
1400000,5,5.0,8550.0,0.20*,2,2024.0,Scotch Plains Twp.*(2916*),07076-1344*,"Colonial,"
1610000,4,4.1,21780.0,0.50*,4,1959.0,Scotch Plains Twp.*(2916*),07076-4729*,"Custom,SplitLev"
1325000,5,3.2,21780.0,0.50*,3,1993.0,Scotch Plains Twp.*(2916*),07076-3406*,"Colonial,"
1500000,5,4.1,81892.8,1.88*,2,1954.0,Scotch Plains Twp.*(2916*),07076-2220*,"Colonial,Custom"
1701000,5,4.1,42688.8,0.98*,2,2021.0,Scotch Plains Twp.*(2916*),07076-2976*,"Custom,"
1600000,5,4.0,40075.2,0.92*,3,2012.0,Scotch Plains Twp.*(2916*),07076-2939*,"Custom,Colonial"
1600000,5,5.1,7840.8,0.18*,1,2025.0,Scotch Plains Twp.*(2916*),07076-2144*,"Colonial,"
1500000,6,4.1,16552.8,0.38*,2,2014.0,Scotch Plains Twp.*(2916*),07076-1158*,"Colonial,"
1525000,5,4.1,46173.6,1.06*,2,2019.0,Scotch Plains Twp.*(2916*),07076-2834*,"Custom,Colonial,SeeRem"
1510000,5,4.1,40510.8,0.93*,3,2024.0,Scotch Plains Twp.*(2916*),07076-2904*,"Colonial,"
1525000,6,5.2,27878.4,0.64*,2,1961.0,Scotch Plains Twp.*(2916*),07076-2217*,"Custom,Colonial"
1600000,6,6.2,40075.2,0.92*,3,1968.0,Scotch Plains Twp.*(2916*),07076-2716*,"Custom,"
1650000,5,5.0,20037.6,0.46*,2,2025.0,Scotch Plains Twp.*(2916*),07076-2013*,"Colonial,"
1735000,5,5.1,11761.2,0.27*,2,2025.0,Scotch Plains Twp.*(2916*),07076-2001*,"Custom,"
1800000,5,4.1,23086.8,0.53*,2,1953.0,Scotch Plains Twp.*(2916*),07076-4731*,"Colonial,Custom"
1998000,5,6.1,20037.6,0.46*,2,1956.0,Scotch Plains Twp.*(2916*),07076-2632*,"Colonial,"
2000000,5,5.1,30492.0,0.70*,3,2018.0,Scotch Plains Twp.*(2916*),07076-2909*,"Colonial,Custom"
2100000,6,5.0,35283.6,0.81*,5,1900.0,Scotch Plains Twp.*(2916*),07076-2543*,"Colonial,"
2100000,6,5.0,35283.6,0.81*,5,1900.0,Scotch Plains Twp.*(2916*),07076-2543*,"Colonial,"
2225000,6,6.1,43124.4,0.99*,2,2024.0,Scotch Plains Twp.*(2916*),07076-3001*,"Colonial,Custom"
1899999,6,6.1,54450.0,1.25*,3,1964.0,Scotch Plains Twp.*(2916*),07076-2216*,"Custom,SeeRem"
2088000,5,4.2,49658.4,1.14*,3,2006.0,Scotch Plains Twp.*(2916*),07076-2422*,"Custom,"
2350000,6,6.2,36590.4,0.84*,2,2024.0,Scotch Plains Twp.*(2916*),07076-2636*,"Custom,"
2800000,7,6.1,77972.4,1.79*,3,2005.0,Scotch Plains Twp.*(2916*),07076-2859*,"Colonial,Custom"
318000,2,1.0,0.0,0.00,0,1908.0,Westfield Town(2920),07090-1128,"OneFloor,"
437200,2,1.0,3178.47,0.07*,0,1952.0,Westfield Town*(2920*),07090-1525*,"HalfDupl,"
450000,1,1.0,23640.0,0.54*,1,1970.0,Westfield Town*(2920*),07090-4006*,"MultiFlr,"
485000,2,2.0,3294.0,0.08*,0,1952.0,Westfield Town*(2920*),07090-1527*,"HalfDupl,"
435000,2,1.0,3105.0,0.07*,0,1952.0,Westfield Town*(2920*),07090-1527*,"HalfDupl,"
445000,2,1.0,3450.0,0.08*,0,9999.0,Westfield Town*(2920*),07090-1526*,"HalfDupl,"
610000,2,1.1,8750.0,0.20*,0,1920.0,Westfield Town*(2920*),07090-1633*,"AFrame,Colonial"
475000,3,2.0,5291.0,0.12*,0,1900.0,Westfield Town*(2920*),07090-4107*,"Bi-Level,"
590000,4,1.1,5500.0,0.13*,2,1925.0,Westfield Town*(2920*),07090-2525*,"Colonial,"
575000,4,1.0,6630.0,0.15*,1,9999.0,Westfield Town*(2920*),07090-2221*,"CapeCod,"
548000,2,2.0,77900.0,1.79*,1,1980.0,Westfield Town*(2920*),07090-4016*,"OneFloor,"
593000,2,1.1,28215.0,0.65*,1,1949.0,Westfield Town*(2920*),07090-3132*,"MultiFlr,TwnEndUn"
593000,3,1.0,9380.0,0.21*,1,1952.0,Westfield Town*(2920*),07090-2233*,"CapeCod,"
640000,2,1.1,28215.0,0.65*,1,1949.0,Westfield Town*(2920*),07090-3132*,"TwnIntUn,MultiFlr"
720000,3,2.1,5762.0,0.13*,0,1957.0,Westfield Town*(2920*),07090-4435*,"Colonial,"
750000,4,2.0,5600.0,0.13*,1,1941.0,Westfield Town*(2920*),07090-4117*,"CapeCod,"
675000,3,1.1,8550.0,0.20*,1,1954.0,Westfield Town*(2920*),07090-1435*,"SplitLev,"
650000,3,1.1,5550.0,0.13*,1,1949.0,Westfield Town*(2920*),07090-4425*,"CapeCod,"
660000,3,2.0,5000.0,0.12*,2,1930.0,Westfield Town*(2920*),07090-2263*,"Colonial,"
725000,4,1.1,6500.0,0.15*,0,1949.0,Westfield Town*(2920*),07090-2810*,"CapeCod,"
755000,3,1.1,6360.0,0.15*,1,1920.0,Westfield Town*(2920*),07090-4143*,"Colonial,"
740000,3,1.1,6000.0,0.14*,2,1920.0,Westfield Town*(2920*),07090-4429*,"Colonial,"
830000,3,1.1,10200.0,0.23*,1,1918.0,Westfield Town*(2920*),07090-1102*,"Colonial,"
820000,3,1.1,5000.0,0.12*,1,1963.0,Westfield Town*(2920*),07090-2321*,"Colonial,"
650000,3,1.1,9380.0,0.21*,1,1952.0,Westfield Town*(2920*),07090-2233*,"CapeCod,"
705000,2,2.2,175546.8,4.03*,1,1981.0,Westfield Town*(2920*),07090-4047*,"TwnIntUn,MultiFlr"
700000,2,3.1,12632.4,0.29*,1,2024.0,Westfield Town*(2920*),07090-1445*,"TwnEndUn,Duplex,MultiFlr"
750000,3,1.0,6875.0,0.16*,1,1935.0,Westfield Town*(2920*),07090-2322*,"CapeCod,"
610000,3,2.0,7680.0,0.18*,0,1925.0,Westfield Town*(2920*),07090-2146*,"MultiFlr,"
862000,2,1.0,7800.0,0.18*,1,1940.0,Westfield Town*(2920*),07090-2214*,"CapeCod,"
770000,2,1.1,5763.0,0.13*,0,1925.0,Westfield Town*(2920*),07090-2306*,"Colonial,"
840000,3,1.1,7236.0,0.17*,2,1921.0,Westfield Town*(2920*),07090-4316*,"Colonial,"
700000,3,1.1,6250.0,0.14*,1,1959.0,Westfield Town*(2920*),07090-4141*,"Colonial,"
724900,2,2.1,175546.8,4.03*,1,1981.0,Westfield Town*(2920*),07090-4048*,"TwnIntUn,MultiFlr"
828510,3,1.1,7200.0,0.17*,1,1928.0,Westfield Town*(2920*),07090-3316*,"Colonial,"
745000,2,2.1,175546.8,4.03*,1,1981.0,Westfield Town*(2920*),07090-4047*,"MultiFlr,TwnIntUn"
659000,4,1.1,7700.0,0.18*,2,1925.0,Westfield Town*(2920*),07090-4024*,"Colonial,"
765000,2,2.2,175546.8,4.03*,1,1982.0,Westfield Town*(2920*),07090-4010*,"TwnEndUn,MultiFlr"
794000,3,2.0,9180.0,0.21*,0,1971.0,Westfield Town*(2920*),07090-4156*,"CapeCod,"
925000,4,2.0,5600.0,0.13*,1,1941.0,Westfield Town*(2920*),07090-4119*,"Colonial,"
800000,2,2.1,175546.8,4.03*,1,1982.0,Westfield Town*(2920*),07090-4014*,"TwnIntUn,MultiFlr"
801000,4,1.0,9180.0,0.21*,1,1941.0,Westfield Town*(2920*),07090-1652*,"CapeCod,"
875000,4,1.1,8568.0,0.20*,3,1880.0,Westfield Town*(2920*),07090-2336*,"Colonial,"
780000,3,2.0,5537.0,0.12*,1,1928.0,Westfield Town*(2920*),07090-4137*,"Colonial,"
925000,4,2.1,11250.0,0.26*,2,1930.0,Westfield Town*(2920*),07090-2623*,"Colonial,Custom,FixrUppr"
809000,4,2.1,20475.0,0.47*,2,1965.0,Westfield Town*(2920*),07090-2834*,"Colonial,Detached"
826500,3,2.1,5600.0,0.13*,0,1946.0,Westfield Town*(2920*),07090-4117*,"CapeCod,"
875500,4,3.1,12000.0,0.28*,2,1964.0,Westfield Town*(2920*),07090-1113*,"SplitLev,"
860000,3,1.1,4700.0,0.11*,1,1930.0,Westfield Town*(2920*),07090-1635*,"Colonial,"
820000,3,1.1,5900.0,0.14*,2,1926.0,Westfield Town*(2920*),07090-2624*,"Bungalow,CapeCod"
840418,3,2.0,7000.0,0.16*,2,1928.0,Westfield Town*(2920*),07090-2215*,"Colonial,"
800000,4,2.0,6660.0,0.15*,1,9999.0,Westfield Town*(2920*),07090-2811*,"CapeCod,"
920000,4,3.0,14280.0,0.33*,2,1890.0,Westfield Town*(2920*),07090-3208*,"Colonial,"
850000,3,3.0,5400.0,0.13*,1,1952.0,Westfield Town*(2920*),07090-2423*,"CapeCod,Colonial"
775000,3,3.1,12632.4,0.29*,1,2024.0,Westfield Town*(2920*),07090-1445*,"TwnEndUn,Duplex,MultiFlr"
955000,3,2.0,9744.0,0.22*,1,1950.0,Westfield Town*(2920*),07090-4447*,"CapeCod,"
999999,3,2.0,10018.8,0.23*,1,1941.0,Westfield Town*(2920*),07090-2036*,"SplitLev,"
880000,3,2.1,7800.0,0.18*,1,1920.0,Westfield Town*(2920*),07090*,"Colonial,"
985000,4,2.1,10988.0,0.26*,1,1955.0,Westfield Town*(2920*),07090-1773*,"SplitLev,"
825000,3,2.1,6608.0,0.15*,2,1913.0,Westfield Town*(2920*),07090-2418*,"Colonial,"
760000,3,2.0,9650.0,0.22*,2,1925.0,Westfield Town*(2920*),07090-1471*,"Custom,"
820000,3,3.0,12632.4,0.29*,2,1967.0,Westfield Town*(2920*),07090-1000*,"Ranch,RanchRas"
825000,3,1.1,5000.0,0.12*,2,1925.0,Westfield Town*(2920*),07090-1630*,"Colonial,"
860000,4,3.0,6360.0,0.15*,1,1924.0,Westfield Town*(2920*),07090-4143*,"CapeCod,Bungalow"
875000,4,1.1,6000.0,0.14*,1,1920.0,Westfield Town*(2920*),07090-4429*,"Colonial,"
855000,4,2.0,3825.0,0.09*,0,1932.0,Westfield Town*(2920*),07090-4162*,"Colonial,"
1000000,3,2.0,5600.0,0.13*,1,1946.0,Westfield Town*(2920*),07090-4119*,"CapeCod,Colonial"
999999,4,2.1,5000.0,0.17*,2,1978.0,Westfield Town*(2920*),07090-4432*,"Colonial,"
962000,4,2.1,11325.6,0.26*,1,1956.0,Westfield Town*(2920*),07090-1776*,"RanchExp,"
999999,4,2.0,5900.0,0.14*,0,1949.0,Westfield Town*(2920*),07090-1620*,"Colonial,"
1100000,3,2.0,6000.0,0.18*,1,1925.0,Westfield Town*(2920*),07090-2330*,"Colonial,"
830000,3,1.1,12460.0,0.28*,2,1952.0,Westfield Town*(2920*),07090-3065*,"Colonial,"
850000,4,2.1,8750.0,0.20*,2,1975.0,Westfield Town*(2920*),07090-2262*,"Bi-Level,"
916000,3,1.1,8340.0,0.19*,2,1920.0,Westfield Town*(2920*),07090-1365*,"Colonial,"
855000,3,1.1,11000.0,0.25*,1,1942.0,Westfield Town*(2920*),07090-2600*,"Cottage,SplitLev"
860000,4,2.0,6000.0,0.14*,1,1983.0,Westfield Town*(2920*),07090-4433*,"Bi-Level,"
939000,3,1.2,12000.0,0.28*,2,1959.0,Westfield Town*(2920*),07090-3625*,"SplitLev,"
910000,4,2.0,12000.0,0.28*,0,1953.0,Westfield Town*(2920*),07090-3624*,"SplitLev,"
927000,4,3.0,5600.0,0.13*,1,1955.0,Westfield Town*(2920*),07090-1625*,"SplitLev,"
1008000,4,2.1,11400.0,0.26*,2,1955.0,Westfield Town*(2920*),07090-2711*,"SplitLev,"
880000,3,2.1,11250.0,0.26*,1,1954.0,Westfield Town*(2920*),07090-2215*,"SplitLev,"
1030000,5,2.0,15000.0,0.34*,2,1883.0,Westfield Town*(2920*),07090-2513*,"Colonial,"
1050000,4,2.2,7695.0,0.18*,1,1938.0,Westfield Town*(2920*),07090-1911*,"Colonial,"
1105000,3,3.1,5150.0,0.12*,1,1974.0,Westfield Town*(2920*),07090-1642*,"Colonial,"
829000,3,2.0,5883.0,0.14*,1,1929.0,Westfield Town*(2920*),07090-4383*,"Colonial,"
1067500,3,2.1,6500.0,0.15*,1,1941.0,Westfield Town*(2920*),07090-2005*,"Colonial,"
860000,4,2.1,10000.0,0.23*,1,1990.0,Westfield Town*(2920*),07090-4733*,"Custom,"
999999,3,1.1,12400.0,0.29*,2,1950.0,Westfield Town*(2920*),07090-3918*,"Colonial,"
951109,3,2.1,5820.0,0.13*,1,2017.0,Westfield Town*(2920*),07090-4130*,"HalfDupl,TwnEndUn"
855000,2,2.1,28490.0,0.65*,1,1985.0,Westfield Town*(2920*),07090-3103*,"TwnEndUn,MultiFlr"
850000,3,2.1,6450.0,0.15*,1,1928.0,Westfield Town*(2920*),07090-1608*,"Colonial,"
975000,3,2.1,8211.0,0.19*,2,1925.0,Westfield Town*(2920*),07090-3221*,"Colonial,Tudor"
999000,3,2.0,5314.32,0.12*,0,1880.0,Westfield Town*(2920*),07090-3227*,"Colonial,Victrian"
975000,3,2.1,11760.0,0.27*,1,1955.0,Westfield Town*(2920*),07090-2855*,"SplitLev,"
999999,6,3.1,12750.0,0.29*,2,1898.0,Westfield Town*(2920*),07090-3032*,"Victrian,"
1100000,4,2.1,9000.0,0.21*,1,1920.0,Westfield Town*(2920*),07090-2446*,"Colonial,"
1100000,3,2.1,30492.0,0.70,2,1959.0,Westfield Town*(2920*),07090-2834*,"SplitLev,"
1099000,4,2.1,10018.8,0.23*,2,1998.0,Westfield Town*(2920*),07090-1177*,"TwnEndUn,MultiFlr"
1210775,3,2.1,4700.0,0.11*,1,1938.0,Westfield Town*(2920*),07090-2327*,"Colonial,"
999000,4,2.1,5220.0,0.12*,0,1951.0,Westfield Town*(2920*),07090-4162*,"Colonial,"
950000,4,3.0,7500.0,0.17*,2,1950.0,Westfield Town*(2920*),07090-1663*,"Bi-Level,"
999999,4,2.0,11288.0,0.26*,1,1945.0,Westfield Town*(2920*),07090-4421*,"CapeCod,"
999999,3,1.1,7260.0,0.17*,1,1951.0,Westfield Town*(2920*),07090-4315*,"Colonial,"
945000,3,3.0,7405.2,0.17*,1,1941.0,Westfield Town*(2920*),07090-1306*,"CapeCod,"
900000,4,3.1,20566.0,0.48*,1,1970.0,Westfield Town*(2920*),07090-2834*,"SplitLev,"
815000,5,1.1,11660.0,0.27*,1,1920.0,Westfield Town*(2920*),07090-4342*,"Colonial,"
1045662,4,2.1,11990.0,0.28*,2,1964.0,Westfield Town*(2920*),07090-1004*,"SplitLev,"
924000,3,3.0,6185.52,0.14*,1,1942.0,Westfield Town*(2920*),07090-2600*,"CapeCod,"
1155000,4,3.0,6300.0,0.16*,1,1984.0,Westfield Town*(2920*),07090-4208*,"Bi-Level,"
1250000,5,3.0,13200.0,0.30*,1,1960.0,Westfield Town*(2920*),07090-1175*,"SplitLev,"
950000,3,1.1,17000.0,0.39*,2,1929.0,Westfield Town*(2920*),07090,"Colonial,"
1230000,4,2.1,15800.0,0.34*,2,1953.0,Westfield Town*(2920*),07090-3522*,"SplitLev,"
940000,2,2.1,32670.0,0.75*,2,2007.0,Westfield Town*(2920*),07090-4070*,"OneFloor,"
1103500,4,2.0,8400.0,0.19*,0,1937.0,Westfield Town*(2920*),07090-3461*,"Colonial,Tudor"
1100000,4,2.1,13871.0,0.32*,2,1967.0,Westfield Town*(2920*),07090-1013*,"SplitLev,"
1058000,3,2.1,8900.0,0.20*,1,1939.0,Westfield Town*(2920*),07090-2629*,"Colonial,"
975000,4,1.1,6882.0,0.16*,1,1950.0,Westfield Town*(2920*),07090-2612*,"Colonial,"
1040000,4,2.0,6630.0,0.15*,1,1948.0,Westfield Town*(2920*),07090-2221*,"Colonial,"
1000000,3,2.1,6300.0,0.14*,1,1900.0,Westfield Town*(2920*),07090-2439*,"Colonial,"
999900,5,3.0,6050.0,0.14*,1,9999.0,Westfield Town*(2920*),07090-2427*,"Colonial,Victrian"
1200000,4,2.2,8580.0,0.20*,2,1950.0,Westfield Town*(2920*),07090-1601*,"Colonial,"
1300000,4,3.2,8500.0,0.20*,2,1930.0,Westfield Town*(2920*),07090-2604*,"Colonial,"
998000,4,3.1,8276.4,0.19*,1,1949.0,Westfield Town*(2920*),07090-2033*,"Colonial,"
1250000,4,2.1,12771.0,0.29*,2,1950.0,Westfield Town*(2920*),07090-4321*,"Colonial,"
1350000,4,2.1,8950.0,0.21*,0,1912.0,Westfield Town*(2920*),07090-2433*,"Colonial,Victrian"
1257000,4,2.2,5150.0,0.12*,1,1922.0,Westfield Town*(2920*),07090-4126*,"Colonial,"
1217000,4,3.1,10400.0,0.24*,1,1950.0,Westfield Town*(2920*),07090-4204*,"SplitLev,Custom"
1150000,4,2.1,9790.0,0.23*,1,1956.0,Westfield Town*(2920*),07090-1742*,"SplitLev,"
1100000,4,3.2,4680.0,0.11*,1,2013.0,Westfield Town*(2920*),07090-3135*,"HalfDupl,MultiFlr,TwnEndUn"
999000,3,2.2,10340.0,0.24*,1,1938.0,Westfield Town*(2920*),07090-2022*,"Colonial,SplitLev"
1397000,3,3.0,7000.0,0.16*,2,1930.0,Westfield Town*(2920*),07090-2310*,"Colonial,"
1120000,4,2.1,7110.0,0.18*,1,1965.0,Westfield Town*(2920*),07090-4209*,"Colonial,"
1050000,3,2.2,8712.0,0.20*,1,2019.0,Westfield Town*(2920*),07090-4112*,"HalfDupl,Colonial"
1200000,4,2.1,12060.0,0.28*,2,1954.0,Westfield Town*(2920*),07090-1821*,"SplitLev,"
999999,4,2.1,7738.0,0.17*,1,1925.0,Westfield Town*(2920*),07090-3324*,"Colonial,"
1115888,4,3.0,11700.0,0.27*,1,1926.0,Westfield Town*(2920*),07090-1651*,"Colonial,"
1277000,4,2.1,5150.0,0.12*,0,9999.0,Westfield Town*(2920*),07090-1642*,"Colonial,"
920000,4,3.1,10018.8,0.23*,2,1993.0,Westfield Town*(2920*),07090-3750*,"Colonial,"
1375000,4,2.1,6480.0,0.15*,1,1980.0,Westfield Town*(2920*),07090-4448*,"Colonial,"
925000,6,4.0,5100.0,0.12*,0,1947.0,Westfield Town*(2920*),07090-2313*,"Colonial,Custom"
1250000,4,2.2,7700.0,0.18*,2,1927.0,Westfield Town*(2920*),07090-2402*,"Colonial,"
999999,4,3.0,6000.0,0.14*,1,1920.0,Westfield Town*(2920*),07090-3134*,"Colonial,"
1325000,4,2.1,7750.0,0.18*,2,1900.0,Westfield Town*(2920*),07090-3911*,"Colonial,Victrian"
1125000,5,2.1,8700.0,0.20*,2,1909.0,Westfield Town*(2920*),07090-3076*,"Colonial,"
1300000,5,2.1,9240.0,0.21*,1,1910.0,Westfield Town*(2920*),07090-3076*,"Colonial,"
1200000,4,2.1,8400.0,0.19*,2,1992.0,Westfield Town*(2920*),07090-1691*,"Colonial,"
1260000,4,3.1,16610.0,0.38*,2,1961.0,Westfield Town*(2920*),07090-4789*,"SplitLev,"
1225000,5,2.1,7875.0,0.18*,2,1925.0,Westfield Town*(2920*),07090-3337*,"Colonial,"
1130000,3,2.0,12000.0,0.28*,3,1967.0,Westfield Town*(2920*),07090-1005*,"Ranch,"
1265000,4,3.1,10600.0,0.24*,1,1992.0,Westfield Town*(2920*),07090-1500*,"Colonial,"
1285000,4,3.0,12604.0,0.29*,2,1960.0,Westfield Town*(2920*),07090-2832*,"SplitLev,"
1300000,4,2.1,7200.0,0.17*,0,1910.0,Westfield Town*(2920*),07090-2436*,"Colonial,Victrian"
1100000,4,2.1,7020.0,0.16*,1,1990.0,Westfield Town*(2920*),07090-4439*,"Colonial,"
1060000,4,2.1,11376.0,0.26*,2,1900.0,Westfield Town*(2920*),07090-3138*,"Victrian,"
1230000,4,3.0,9301.0,0.23*,1,1951.0,Westfield Town*(2920*),07090-3621*,"CapeCod,Custom"
1200000,4,2.1,6955.0,0.16*,1,1941.0,Westfield Town*(2920*),07090*,"Colonial,"
1150000,5,3.0,8800.0,0.20*,0,1920.0,Westfield Town*(2920*),07090-3034*,"Colonial,"
1315000,4,2.1,6250.0,0.14*,1,2003.0,Westfield Town*(2920*),07090-1751*,"Colonial,"
1215000,4,4.1,7000.0,0.16*,2,1934.0,Westfield Town*(2920*),07090-2347*,"Colonial,"
1187500,5,3.0,12775.0,0.30*,1,1952.0,Westfield Town*(2920*),07090-2020*,"Colonial,Custom"
1350000,4,4.0,5900.0,0.13*,0,1921.0,Westfield Town*(2920*),07090-3336*,"Colonial,"
1425000,5,2.0,11904.0,0.27*,1,1913.0,Westfield Town*(2920*),07090-3931*,"Colonial,"
1510029,4,2.1,10454.4,0.24*,2,1920.0,Westfield Town*(2920*),07090-4332*,"Colonial,"
1325000,4,3.1,4462.0,0.10*,1,1927.0,Westfield Town*(2920*),07090-4310*,"Colonial,"
1300000,4,3.1,6630.0,0.15*,1,1948.0,Westfield Town*(2920*),07090-2839*,"Colonial,"
1205000,4,3.0,5227.2,0.12*,1,1949.0,Westfield Town*(2920*),07090-1618*,"Colonial,"
1250000,4,2.1,8600.0,0.20*,2,1929.0,Westfield Town*(2920*),07090-2626*,"Colonial,"
1160000,5,3.0,22400.0,0.40*,2,1965.0,Westfield Town*(2920*),07090-1009*,"RanchRas,"
1141000,4,2.0,17400.0,0.40*,2,1881.0,Westfield Town*(2920*),07090-3912*,"Victrian,"
1277000,4,2.1,10018.8,0.23*,2,1975.0,Westfield Town*(2920*),07090-1615*,"Colonial,"
1290000,4,2.1,7250.0,0.17*,2,1922.0,Westfield Town*(2920*),07090-2102*,"Colonial,"
1417000,4,2.1,7350.0,0.17*,2,2008.0,Westfield Town*(2920*),07090-4219*,"Colonial,"
1200000,5,2.1,8800.0,0.20*,0,1900.0,Westfield Town*(2920*),07090-3308*,"Colonial,"
1200000,4,3.1,6950.0,0.17*,2,1925.0,Westfield Town*(2920*),07090-3325*,"Colonial,"
1305000,4,2.1,8305.0,0.19*,2,1920.0,Westfield Town*(2920*),07090-4012*,"Colonial,"
1500000,5,2.1,12000.0,0.28*,2,1956.0,Westfield Town*(2920*),07090-2265*,"SplitLev,"
1250000,4,2.1,7200.0,0.17*,2,1928.0,Westfield Town*(2920*),07090-4437*,"Colonial,"
1200000,5,3.1,15000.0,0.34*,2,0.0,Westfield Town*(2920*),07090-1351*,"Bi-Level,"
1500000,4,2.1,12672.0,0.34*,2,1966.0,Westfield Town*(2920*),07090-3433*,"Ranch,"
1335000,5,3.1,7380.0,0.17*,2,2023.0,Westfield Town*(2920*),07090-3002*,"Custom,"
1440000,4,2.2,10500.0,0.24*,2,1929.0,Westfield Town*(2920*),07090-3360*,"Tudor,"
1400000,4,4.0,8375.0,0.20*,2,1927.0,Westfield Town*(2920*),07090-1936*,"Colonial,"
1400000,4,2.1,7410.0,0.17*,1,1922.0,Westfield Town*(2920*),07090-4458*,"Colonial,"
1175000,2,2.1,32670.0,0.75*,2,2007.0,Westfield Town*(2920*),07090-4070*,"OneFloor,"
1330000,4,2.1,13720.0,0.32*,2,1963.0,Westfield Town*(2920*),07090-3516*,"SplitLev,"
1427000,4,2.1,15638.04,0.35*,2,1955.0,Westfield Town*(2920*),07090-2706*,"SplitLev,"
1350000,6,3.1,24765.0,0.51*,2,1888.0,Westfield Town*(2920*),07090-2405*,"Colonial,"
1300000,4,2.2,9600.0,0.22*,2,1928.0,Westfield Town*(2920*),07090-3041*,"Colonial,"
1450000,4,2.1,10285.0,0.24*,2,1920.0,Westfield Town*(2920*),07090-2431*,"Colonial,"
1604270,5,3.2,9800.0,0.23*,3,1928.0,Westfield Town*(2920*),07090-3461*,"Colonial,"
1425000,4,2.1,8400.0,0.19*,2,1956.0,Westfield Town*(2920*),07090-2713*,"SplitLev,"
1300000,5,5.0,5150.0,0.12*,1,1925.0,Westfield Town*(2920*),07090-4138*,"Custom,"
800000,3,1.1,13560.0,0.31*,1,1925.0,Westfield Town*(2920*),07090-3339*,"Colonial,"
1725000,6,2.1,24000.0,0.55*,2,1915.0,Westfield Town*(2920*),07090-3059*,"Colonial,Custom,Develpmt"
1510538,3,3.1,9750.0,0.22*,1,1951.0,Westfield Town*(2920*),07090-3011*,"Colonial,"
1622000,4,4.1,11904.0,0.27*,2,1918.0,Westfield Town*(2920*),07090-3931*,"Colonial,"
1559000,4,3.1,9225.0,0.21*,2,1956.0,Westfield Town*(2920*),07090-2716*,"SplitLev,Custom"
1350000,4,3.0,6681.0,0.15*,1,1925.0,Westfield Town*(2920*),07090-3200*,"CapeCod,Custom"
1525000,5,5.0,9380.0,0.21*,1,1952.0,Westfield Town*(2920*),07090-2233*,"Colonial,"
1500000,4,3.1,9375.0,0.21*,2,1930.0,Westfield Town*(2920*),07090-3006*,"Colonial,"
1395000,5,4.1,7250.0,0.17*,2,2021.0,Westfield Town*(2920*),07090-4113*,"Custom,"
1565638,4,3.1,6600.0,0.15*,1,2008.0,Westfield Town*(2920*),07090-2421*,"Colonial,Custom"
1325000,5,3.1,11250.0,0.26*,2,1890.0,Westfield Town*(2920*),07090-2413*,"Victrian,"
1300000,5,4.1,9765.0,0.22*,2,2023.0,Westfield Town*(2920*),07090-1754*,"Custom,Colonial"
1505000,5,3.1,15000.0,0.34*,2,1900.0,Westfield Town*(2920*),07090-1350*,"Colonial,Victrian"
1430000,4,2.1,14760.0,0.34*,2,1949.0,Westfield Town*(2920*),07090-2339*,"Colonial,"
1336500,5,3.1,7500.0,0.17*,1,1932.0,Westfield Town*(2920*),07090-1761*,"Colonial,"
1511000,4,2.1,12900.0,0.29*,2,1995.0,Westfield Town*(2920*),07090-2605*,"Colonial,"
1550000,4,3.2,7800.0,0.18*,1,2017.0,Westfield Town*(2920*),07090-2214*,"Colonial,"
1403000,5,3.1,13764.0,0.32*,2,1960.0,Westfield Town*(2920*),07090-3459*,"Colonial,SplitLev"
1405000,6,3.2,9750.0,0.22*,2,1926.0,Westfield Town*(2920*),07090-3070*,"Colonial,"
1425000,5,3.1,6875.0,0.16*,1,2004.0,Westfield Town*(2920*),07090-2322*,"Tudor,Colonial"
1647323,4,2.1,11250.0,0.26*,2,1948.0,Westfield Town*(2920*),07090-1919*,"Colonial,"
1412500,5,5.0,6000.0,0.14*,1,1920.0,Westfield Town*(2920*),07090-4429*,"Colonial,"
1365000,4,3.0,14200.56,0.28*,1,1951.0,Westfield Town*(2920*),07090-2820*,"Colonial,"
1701000,4,2.2,11250.0,0.25,2,1980.0,Westfield Town*(2920*),07090*,"Colonial,"
1400000,4,2.1,8295.0,0.18*,1,1947.0,Westfield Town*(2920*),07090-4334*,"Colonial,"
1550340,4,4.1,19188.0,0.34*,2,1939.0,Westfield Town*(2920*),07090-4202*,"Colonial,"
1500823,5,2.1,8850.0,0.20*,2,1997.0,Westfield Town*(2920*),07090-2335*,"Colonial,"
1670000,5,2.1,10560.0,0.24*,2,1900.0,Westfield Town*(2920*),07090-2432*,"Colonial,Victrian"
1750000,5,4.0,12000.0,0.28*,2,1958.0,Westfield Town*(2920*),07090-2256*,"SplitLev,Custom"
1762100,6,3.0,9375.0,0.21*,2,1940.0,Westfield Town*(2920*),07090-3006*,"Colonial,"
1490000,5,2.1,7500.0,0.17*,1,1912.0,Westfield Town*(2920*),07090-2436*,"Colonial,"
1645000,5,3.2,23522.4,0.54*,3,1922.0,Westfield Town*(2920*),07090-3909*,"Colonial,"
1770515,5,3.1,15000.0,0.34*,2,1905.0,Westfield Town*(2920*),07090-2426*,"Colonial,"
1465000,5,3.1,6630.0,0.13*,1,2024.0,Westfield Town*(2920*),07090-2221*,"Colonial,"
1686000,4,2.1,12495.0,0.29*,2,1948.0,Westfield Town*(2920*),07090-3201*,"RanchExp,"
1653500,5,3.1,11200.0,0.26*,1,1951.0,Westfield Town*(2920*),07090-3035*,"Colonial,Custom"
1500000,5,4.1,7050.0,0.16*,1,1947.0,Westfield Town*(2920*),07090-4323*,"Colonial,"
1485000,5,4.1,7500.0,0.17*,2,1925.0,Westfield Town*(2920*),07090-3002*,"Colonial,"
1677000,5,3.1,7200.0,0.17*,1,1942.0,Westfield Town*(2920*),07090-1728*,"Colonial,"
1570000,5,2.1,15000.0,0.34*,2,1906.0,Westfield Town*(2920*),07090-2132*,"Colonial,"
1550000,5,4.1,7250.0,0.17*,1,2024.0,Westfield Town*(2920*),07090-4114*,"Colonial,"
1585000,4,3.2,8321.0,0.19*,1,1920.0,Westfield Town*(2920*),07090-4164*,"Colonial,"
1650000,5,4.1,7250.0,0.17*,1,2025.0,Westfield Town*(2920*),07090-4114*,"Colonial,"
1625000,5,3.2,10500.0,0.24*,2,1925.0,Westfield Town*(2920*),07090-1364*,"Colonial,"
1650000,4,3.1,19500.0,0.44*,2,1930.0,Westfield Town*(2920*),07090-2901*,"Tudor,"
1690000,4,3.0,23625.0,0.44*,2,1961.0,Westfield Town*(2920*),07090-3700*,"Ranch,"
1625000,5,4.1,12320.0,0.30*,2,1930.0,Westfield Town*(2920*),07090-1936*,"Colonial,"
1825000,4,3.2,9387.0,0.21*,1,1914.0,Westfield Town*(2920*),07090-2403*,"Colonial,"
1650000,5,3.2,6850.0,0.16*,0,1900.0,Westfield Town*(2920*),07090-2427*,"Victrian,"
1875000,5,4.2,7500.0,0.17*,1,2025.0,Westfield Town*(2920*),07090-1771*,"Colonial,"
1700000,5,5.1,12150.0,0.28*,2,2025.0,Westfield Town*(2920*),07090-1000*,"Colonial,"
1915000,5,5.0,11250.0,0.26*,2,1922.0,Westfield Town*(2920*),07090-1346*,"Colonial,"
2051000,5,3.2,10150.0,0.23*,2,1913.0,Westfield Town*(2920*),07090-2104*,"Colonial,"
1650000,4,4.2,11074.0,0.25*,2,2007.0,Westfield Town*(2920*),07090-2854*,"Colonial,"
1750000,5,4.1,18800.0,0.43*,2,1978.0,Westfield Town*(2920*),07090-2629*,"Custom,"
1725000,5,5.1,7250.0,0.17*,1,2020.0,Westfield Town*(2920*),07090-2102*,"Colonial,"
2060000,4,2.2,11700.0,0.27*,2,1939.0,Westfield Town*(2920*),07090-2332*,"Colonial,"
2136000,4,3.0,10790.0,0.31*,2,1937.0,Westfield Town*(2920*),07090-2311*,"Colonial,Custom"
1925000,5,5.1,8400.0,0.19*,2,2015.0,Westfield Town*(2920*),07090-3620*,"Colonial,"
1800000,5,4.0,11875.0,0.31*,2,1959.0,Westfield Town*(2920*),07090-2317*,"Colonial,"
1850000,5,4.1,6860.0,0.16*,1,2018.0,Westfield Town*(2920*),07090-2817*,"Colonial,"
1900751,5,3.1,20250.0,0.43*,2,1935.0,Westfield Town*(2920*),07090-3408*,"Colonial,"
1700000,5,4.1,17600.0,0.40*,2,1960.0,Westfield Town*(2920*),07090-2718*,"Colonial,Custom"
1775000,5,4.1,16000.0,0.37*,3,2024.0,Westfield Town*(2920*),07090-1362*,"Contemp,Custom"
1825000,4,3.1,10710.0,0.25*,2,2012.0,Westfield Town*(2920*),07090-1812*,"Colonial,"
1860000,5,3.1,14700.0,0.34*,2,1962.0,Westfield Town*(2920*),07090-3744*,"Custom,"
1877161,5,3.1,21300.0,0.49*,2,1988.0,Westfield Town*(2920*),07090-1717*,"Colonial,"
2040000,6,4.1,11586.96,0.28*,2,1962.0,Westfield Town*(2920*),07090-2619*,"Colonial,"
1875000,4,3.0,14500.0,0.33*,2,1963.0,Westfield Town*(2920*),07090-2920*,"Ranch,"
2250000,5,3.2,19866.0,0.54*,1,1927.0,Westfield Town*(2920*),07090-3908*,"Tudor,"
2015000,6,5.0,9750.0,0.22*,2,2019.0,Westfield Town*(2920*),07090-2605*,"Colonial,Custom"
2000000,6,4.1,11880.0,0.27*,1,1957.0,Westfield Town*(2920*),07090-3921*,"Custom,"
2060000,5,5.1,12000.0,0.28*,2,2005.0,Westfield Town*(2920*),07090-2907*,"Custom,Colonial"
2200000,5,4.1,18500.0,0.42*,2,1977.0,Westfield Town*(2920*),07090-2628*,"Colonial,"
1825000,5,7.0,17280.0,0.28*,2,2024.0,Westfield Town*(2920*),07090-4202*,"Colonial,"
2030000,5,4.2,13650.0,0.29*,3,2006.0,Westfield Town*(2920*),07090-1806*,"Colonial,"
1975000,4,3.1,14374.8,0.33*,2,1880.0,Westfield Town*(2920*),07090-3209*,"Colonial,"
2085000,6,4.0,13000.0,0.30*,3,1925.0,Westfield Town*(2920*),07090-3210*,"Colonial,"
1950000,4,5.1,12500.0,0.29*,2,1929.0,Westfield Town*(2920*),07090-3074*,"Tudor,"
2350000,5,3.1,16800.0,0.40*,3,1956.0,Westfield Town*(2920*),07090-3411*,"Colonial,"
1940000,6,6.0,10018.8,0.23*,2,2019.0,Westfield Town*(2920*),07090-1709*,"Colonial,"
1850000,5,4.1,10980.0,0.25*,2,2007.0,Westfield Town*(2920*),07090-1133*,"Colonial,Custom"
1940000,5,4.2,12300.0,0.28*,1,1925.0,Westfield Town*(2920*),07090-2411*,"Colonial,"
2050000,4,4.1,8448.0,0.25*,2,2007.0,Westfield Town*(2920*),07090-1949*,"Colonial,"
1900000,4,4.1,15010.0,0.26*,3,2006.0,Westfield Town*(2920*),07090-2331*,"Custom,"
1864000,6,6.0,7228.0,0.17*,2,1910.0,Westfield Town*(2920*),07090-2160*,"Colonial,Custom"
2110000,5,4.1,15600.0,0.36*,2,1939.0,Westfield Town*(2920*),07090-1942*,"Colonial,"
2000000,6,4.1,10500.0,0.24*,2,1925.0,Westfield Town*(2920*),07090-3119*,"Colonial,"
1970000,6,6.1,9583.2,0.22*,1,2025.0,Westfield Town*(2920*),07090-3933*,"Colonial,"
2100000,5,3.2,23352.0,0.54*,2,1929.0,Westfield Town*(2920*),07090-2904*,"Tudor,"
2095000,5,3.1,17490.0,0.40*,2,1897.0,Westfield Town*(2920*),07090-3112*,"Victrian,"
2150000,6,4.1,15000.0,0.34*,2,1915.0,Westfield Town*(2920*),07090-1344*,"Colonial,"
2300000,6,5.2,14287.68,0.32*,2,1920.0,Westfield Town*(2920*),07090-2504*,"Colonial,"
2200000,6,3.2,20000.0,0.46*,2,1905.0,Westfield Town*(2920*),07090-2133*,"Colonial,"
2025000,5,4.2,17490.0,0.40*,2,1880.0,Westfield Town*(2920*),07090-3112*,"Colonial,"
2110000,6,6.1,10500.0,0.24*,2,9999.0,Westfield Town*(2920*),07090-3121*,"Colonial,"
2000000,6,5.2,28200.0,0.64*,0,1852.0,Westfield Town*(2920*),07090-3118*,"Colonial,Custom"
2305000,6,6.1,13068.0,0.30*,2,2017.0,Westfield Town*(2920*),07090-3918*,"Colonial,"
2105000,6,5.1,13920.0,0.32*,2,1960.0,Westfield Town*(2920*),07090-2611*,"Custom,"
2800000,6,3.2,13395.0,0.31*,2,1937.0,Westfield Town*(2920*),07090-3049*,"Colonial,"
2240000,5,4.1,16008.0,0.37,2,1958.0,Westfield Town*(2920*),07090-3722*,"Custom,"
2225000,6,6.1,20100.0,0.46*,2,2025.0,Westfield Town*(2920*),07090-3505*,"Colonial,"
2150000,5,4.1,30000.0,0.69*,2,1913.0,Westfield Town*(2920*),07090-3740*,"Colonial,"
1975000,7,5.1,21364.0,0.48*,2,1930.0,Westfield Town*(2920*),07090-3021*,"Colonial,MultiFlr"
1980000,6,4.1,30000.0,0.69*,3,1890.0,Westfield Town*(2920*),07090-1354*,"Colonial,"
2400000,6,6.1,12604.0,0.27*,2,2016.0,Westfield Town*(2920*),07090-1821*,"Colonial,Custom"
2450000,5,3.1,28314.0,0.65*,2,1995.0,Westfield Town*(2920*),07090-4221*,"Custom,Contemp,Detached"
2556200,6,6.1,14500.0,0.32*,2,2017.0,Westfield Town*(2920*),07090-3441*,"Colonial,"
2440000,6,4.2,13750.0,0.32*,2,2007.0,Westfield Town*(2920*),07090-4221*,"Colonial,"
2400000,7,5.2,32940.0,0.69*,3,1962.0,Westfield Town*(2920*),07090-3733*,"Colonial,Custom"
2437500,6,6.1,15368.0,0.34*,2,2018.0,Westfield Town*(2920*),07090-3434*,"Colonial,"
2500000,5,4.1,29550.0,0.68*,2,1935.0,Westfield Town*(2920*),07090-3818*,"Colonial,"
2500000,3,3.1,34440.0,0.79*,2,1957.0,Westfield Town*(2920*),07090-2910*,"Ranch,"
2550000,6,5.1,29375.0,0.67*,2,1937.0,Westfield Town*(2920*),07090-3018*,"Colonial,"
2595000,7,6.1,14000.0,0.32*,2,2022.0,Westfield Town*(2920*),07090-2927*,"Colonial,"
2675000,5,5.1,19295.0,0.44*,2,1927.0,Westfield Town*(2920*),07090-3021*,"Colonial,"
2550000,5,6.1,20482.0,0.43*,2,0.0,Westfield Town*(2920*),07090-3741*,"Colonial,Custom"
3550000,6,4.1,42120.0,1.02*,2,1925.0,Westfield Town*(2920*),07090-3802*,"Colonial,"
3646750,6,5.2,48364.0,1.22,2,1904.0,Westfield Town*(2920*),07090-3102*,"Colonial,"
3686000,5,5.1,35560.0,0.82*,3,1992.0,Westfield Town*(2920*),07090-2909*,"Colonial,"
269900,1,1.0,2178.0,0.05*,0,1941.0,Cranford Twp.*(2903*),07016-3121*,"OneFloor,"
292000,2,1.1,2613.6,0.06*,0,1948.0,Cranford Twp.*(2903*),07016-2545*,"MultiFlr,TwnIntUn"
327500,2,1.0,2613.6,0.06*,0,1948.0,Cranford Twp.*(2903*),07016-2581*,"OneFloor,"
331000,1,1.0,2178.0,0.05*,0,1941.0,Cranford Twp.*(2903*),07016-3122*,"OneFloor,FirstFlr"
350000,2,1.1,3049.2,0.07*,0,1948.0,Cranford Twp.*(2903*),07016-2545*,"MultiFlr,Carriage"
360000,2,1.0,2613.6,0.06*,0,1948.0,Cranford Twp.*(2903*),07016-2545*,"TwnIntUn,MultiFlr"
372000,2,1.0,2613.6,0.06*,0,1948.0,Cranford Twp.*(2903*),07016-2545*,"FirstFlr,MultiFlr,TwnIntUn"
345000,2,1.0,2178.0,0.05*,0,1941.0,Cranford Twp.*(2903*),07016-3122*,"OneFloor,"
385000,1,1.0,1306.8,0.03*,0,1940.0,Cranford Twp.*(2903*),07016-6201*,"OneFloor,"
365000,1,1.0,1306.8,0.03*,0,9999.0,Cranford Twp.*(2903*),07016-6201*,"OneFloor,"
360000,2,1.1,2613.6,0.06*,0,1948.0,Cranford Twp.*(2903*),07016-2545*,"TwnIntUn,FirstFlr,MultiFlr"
430000,2,1.0,435.6,0.01*,1,1956.0,Cranford Twp.*(2903*),07016-2151*,"OneFloor,SeeRem"
360000,3,1.0,4791.6,0.11*,2,1915.0,Cranford Twp.*(2903*),07016-3066*,"CapeCod,"
440000,2,1.0,1306.8,0.03*,0,1940.0,Cranford Twp.*(2903*),07016-6201*,"OneFloor,FirstFlr"
450000,2,2.0,871.2,0.02*,1,1957.0,Cranford Twp.*(2903*),07016-2151*,"OneFloor,"
550000,3,1.0,7405.2,0.17*,1,1925.0,Cranford Twp.*(2903*),07016-3158*,"Colonial,"
489900,2,1.0,4791.6,0.11*,1,1930.0,Cranford Twp.*(2903*),07016-2668*,"Bungalow,Ranch"
480000,2,1.0,3484.8,0.08*,0,1943.0,Cranford Twp.*(2903*),07016-3138*,"HalfDupl,"
460000,2,1.0,2178.0,0.05*,0,1946.0,Cranford Twp.*(2903*),07016-1714*,"TwnIntUn,"
475000,2,2.0,2613.6,0.06*,0,1946.0,Cranford Twp.*(2903*),07016-3437*,"HalfDupl,"
550000,2,1.1,5227.2,0.12*,0,9999.0,Cranford Twp.*(2903*),07016-2507*,"Colonial,"
570000,3,1.0,4791.6,0.11*,1,1910.0,Cranford Twp.*(2903*),07016-2501*,"FixrUppr,"
535000,2,1.0,5227.2,0.12*,1,1895.0,Cranford Twp.*(2903*),07016-1701*,"Victrian,"
510000,3,2.1,7405.2,0.17*,2,1974.0,Cranford Twp.*(2903*),07016-2451*,"TwnEndUn,MultiFlr"
505000,5,1.0,10018.8,0.23*,0,9999.0,Cranford Twp.*(2903*),07016-2731*,"Colonial,"
540000,3,2.0,3920.4,0.09*,0,1926.0,Cranford Twp.*(2903*),07016-2239*,"OneFloor,Tudor"
510000,3,1.0,5662.8,0.13*,1,1935.0,Cranford Twp.*(2903*),07016-2221*,"Colonial,"
535000,3,1.0,5662.8,0.13*,2,1924.0,Cranford Twp.*(2903*),07016-2629*,"Ranch,"
702000,4,2.1,6969.6,0.16*,2,1956.0,Cranford Twp.*(2903*),07016-1557*,"SplitLev,"
585000,3,2.0,3920.4,0.09*,1,1924.0,Cranford Twp.*(2903*),07016-3433*,"Colonial,"
700000,2,2.0,3920.4,0.09*,2,1920.0,Cranford Twp.*(2903*),07016-2657*,"CapeCod,"
590000,3,1.0,7405.2,0.17*,1,1927.0,Cranford Twp.*(2903*),07016-2829*,"Ranch,"
650000,3,2.0,6098.4,0.14*,1,1951.0,Cranford Twp.*(2903*),07016-2576*,"CapeCod,"
613000,3,2.0,1742.4,0.04*,1,1940.0,Cranford Twp.*(2903*),07016-6201*,"OneFloor,"
585000,3,1.1,3920.4,0.09*,2,1923.0,Cranford Twp.*(2903*),07016-3051*,"Colonial,"
593000,3,1.1,8276.4,0.19*,1,1947.0,Cranford Twp.*(2903*),07016-1933*,"Colonial,"
670000,3,2.0,4791.6,0.11*,1,1931.0,Cranford Twp.*(2903*),07016-2615*,"Colonial,"
667000,3,1.0,7405.2,0.17*,1,1939.0,Cranford Twp.*(2903*),07016-1630*,"Colonial,"
701168,4,1.0,7840.8,0.18*,0,1907.0,Cranford Twp.*(2903*),07016-3009*,"Colonial,"
675000,3,1.1,6098.4,0.14*,1,1928.0,Cranford Twp.*(2903*),07016-3029*,"Tudor,FixrUppr"
706000,3,2.0,6534.0,0.15*,1,1941.0,Cranford Twp.*(2903*),07016-1630*,"CapeCod,"
612000,3,1.1,8276.4,0.19*,1,1952.0,Cranford Twp.*(2903*),07016-1918*,"SplitLev,Detached"
664999,4,2.0,5227.2,0.12*,1,1951.0,Cranford Twp.*(2903*),07016-2547*,"CapeCod,"
775000,3,2.0,6098.4,0.14*,1,1947.0,Cranford Twp.*(2903*),07016-3423*,"Colonial,Detached"
609000,4,2.0,7405.2,0.17*,2,1943.0,Cranford Twp.*(2903*),07016-3345*,"CapeCod,"
629999,3,2.0,5662.8,0.13*,1,1929.0,Cranford Twp.*(2903*),07016-1802*,"Colonial,"
670000,4,1.1,7405.2,0.17*,0,1924.0,Cranford Twp.*(2903*),07016-2825*,"Colonial,"
718000,3,2.1,6534.0,0.15*,1,1933.0,Cranford Twp.*(2903*),07016-1810*,"Colonial,"
642000,4,2.0,6969.6,0.16*,1,1958.0,Cranford Twp.*(2903*),07016-1635*,"CapeCod,"
710000,3,1.1,4791.6,0.11*,0,1900.0,Cranford Twp.*(2903*),07016-2136*,"Victrian,"
675000,3,2.0,7405.2,0.17*,1,1942.0,Cranford Twp.*(2903*),07016-3313*,"CapeCod,"
675000,3,2.0,5662.8,0.13*,0,1942.0,Cranford Twp.*(2903*),07016-1525*,"CapeCod,"
675000,2,1.0,7405.2,0.17*,1,1920.0,Cranford Twp.*(2903*),07016-3024*,"Colonial,"
730000,3,2.0,4791.6,0.11*,1,1920.0,Cranford Twp.*(2903*),07016-2627*,"Colonial,"
675000,4,2.0,4791.6,0.11*,1,1958.0,Cranford Twp.*(2903*),07016-1950*,"Custom,"
675000,4,1.1,11325.6,0.26*,2,1910.0,Cranford Twp.*(2903*),07016-2212*,"Colonial,"
700000,3,2.1,6534.0,0.15*,2,1926.0,Cranford Twp.*(2903*),07016-3024*,"RanchExp,"
700000,4,1.1,6534.0,0.15*,1,1952.0,Cranford Twp.*(2903*),07016-1934*,"Colonial,"
720000,3,2.0,16552.8,0.38*,1,1938.0,Cranford Twp.*(2903*),07016-3007*,"CapeCod,Custom"
735000,4,2.0,4791.6,0.11*,1,1956.0,Cranford Twp.*(2903*),07016-2751*,"Custom,CapeCod"
720000,3,2.1,6534.0,0.15*,2,1925.0,Cranford Twp.*(2903*),07016-1802*,"Colonial,"
765000,3,2.0,6098.4,0.14*,1,1940.0,Cranford Twp.*(2903*),07016-2010*,"Custom,CapeCod,Colonial"
750000,4,2.1,8712.0,0.20*,0,1930.0,Cranford Twp.*(2903*),07016-1944*,"Colonial,"
750000,3,2.1,6534.0,0.15*,1,1947.0,Cranford Twp.*(2903*),07016-2709*,"CapeCod,"
655000,3,1.1,6534.0,0.15*,2,1931.0,Cranford Twp.*(2903*),07016-1803*,"Colonial,"
710000,3,3.0,6534.0,0.15*,1,1951.0,Cranford Twp.*(2903*),07016-2052*,"CapeCod,"
775000,3,3.0,9583.2,0.22*,1,9999.0,Cranford Twp.*(2903*),07016-3459*,"SplitLev,"
771000,4,2.0,6098.4,0.14*,1,1956.0,Cranford Twp.*(2903*),07016-1516*,"CapeCod,"
770000,3,2.1,7840.8,0.18*,1,1900.0,Cranford Twp.*(2903*),07016-1732*,"Colonial,"
811000,3,2.0,6098.4,0.14*,1,1941.0,Cranford Twp.*(2903*),07016-3143*,"Colonial,"
475000,4,1.1,9583.2,0.22*,0,1860.0,Cranford Twp.*(2903*),07016-2440*,"Victrian,"
765000,3,2.0,7405.2,0.17*,2,1924.0,Cranford Twp.*(2903*),07016-2927*,"Colonial,"
800000,3,1.1,6098.4,0.14*,1,1940.0,Cranford Twp.*(2903*),07016-1620*,"Colonial,"
825000,3,2.0,6098.4,0.14*,1,1948.0,Cranford Twp.*(2903*),07016-3371*,"CapeCod,"
750000,3,2.0,5662.8,0.13*,1,1942.0,Cranford Twp.*(2903*),07016,"CapeCod,"
745000,3,2.1,7405.2,0.17*,1,1948.0,Cranford Twp.*(2903*),07016-1922*,"Colonial,Detached"
860000,3,2.0,7405.2,0.17*,0,1898.0,Cranford Twp.*(2903*),07016-3134*,"Colonial,"
740000,4,2.0,6098.4,0.14*,1,1955.0,Cranford Twp.*(2903*),07016-3411*,"SplitLev,Detached"
885000,4,2.1,4791.6,0.11*,1,1930.0,Cranford Twp.*(2903*),07016-1943*,"Colonial,"
739000,4,3.0,8276.4,0.19*,2,1985.0,Cranford Twp.*(2903*),07016-3243*,"Bi-Level,"
752000,4,2.0,8276.4,0.19*,1,1942.0,Cranford Twp.*(2903*),07016-3314*,"CapeCod,"
770000,3,2.0,5662.8,0.13*,1,1940.0,Cranford Twp.*(2903*),07016-2055*,"CapeCod,"
800000,4,2.1,7405.2,0.17*,2,1963.0,Cranford Twp.*(2903*),07016-2044*,"Bi-Level,"
780000,3,2.1,8276.4,0.19*,2,1954.0,Cranford Twp.*(2903*),07016-2935*,"SplitLev,"
860000,3,1.1,6098.4,0.14*,2,1930.0,Cranford Twp.*(2903*),07016-2032*,"Colonial,"
675000,4,3.0,10454.4,0.24*,2,1928.0,Cranford Twp.*(2903*),07016-3103*,"Colonial,"
826000,4,2.1,6969.6,0.16*,1,1955.0,Cranford Twp.*(2903*),07016-1514*,"SplitLev,"
775000,3,3.0,6098.4,0.14*,0,1941.0,Cranford Twp.*(2903*),07016-2004*,"CapeCod,SeeRem"
735000,4,2.1,7405.2,0.17*,1,1941.0,Cranford Twp.*(2903*),07016-1912*,"Colonial,"
760000,3,1.1,7405.2,0.17*,1,1938.0,Cranford Twp.*(2903*),07016-2421*,"Colonial,"
750000,4,2.0,7405.2,0.17*,1,1956.0,Cranford Twp.*(2903*),07016-3210*,"SplitLev,"
745000,3,2.1,5227.2,0.12*,0,1920.0,Cranford Twp.*(2903*),07016-2825*,"Colonial,"
870000,4,2.1,7840.8,0.18*,2,1963.0,Cranford Twp.*(2903*),07016-2063*,"Colonial,"
745000,4,3.0,8712.0,0.20*,1,1952.0,Cranford Twp.*(2903*),07016-3455*,"Colonial,"
905000,4,3.1,7840.8,0.18*,1,1938.0,Cranford Twp.*(2903*),07016-3414*,"CapeCod,"
815000,4,2.1,8276.4,0.19*,2,1952.0,Cranford Twp.*(2903*),07016-1726*,"RanchExp,Custom,RanchRas"
900000,4,2.0,10018.8,0.23*,1,1940.0,Cranford Twp.*(2903*),07016-3424*,"CapeCod,Ranch"
790000,4,3.0,4791.6,0.11*,2,1977.0,Cranford Twp.*(2903*),07016-3224*,"Bi-Level,"
826500,3,2.1,5750.0,0.13*,2,1928.0,Cranford Twp.*(2903*),07016-2050*,"Colonial,"
895000,4,2.0,5662.8,0.13*,0,1950.0,Cranford Twp.*(2903*),07016-2716*,"CapeCod,"
905000,3,2.0,4791.6,0.11*,1,1929.0,Cranford Twp.*(2903*),07016-1943*,"Colonial,"
800000,5,2.0,13068.0,0.30*,2,1926.0,Cranford Twp.*(2903*),07016-3140*,"Colonial,"
770000,4,2.0,8712.0,0.20*,1,1955.0,Cranford Twp.*(2903*),07016-1918*,"SplitLev,"
850000,6,2.1,7405.2,0.17*,1,1925.0,Cranford Twp.*(2903*),07016-2829*,"Custom,"
840108,4,2.0,7500.0,0.18*,2,1922.0,Cranford Twp.*(2903*),07016-2825*,"Colonial,"
840000,4,1.1,5662.8,0.13*,1,1925.0,Cranford Twp.*(2903*),07016-2129*,"Colonial,"
922500,3,1.1,5227.2,0.12*,1,1950.0,Cranford Twp.*(2903*),07016-1748*,"Colonial,"
740000,4,2.0,9147.6,0.21*,1,1890.0,Cranford Twp.*(2903*),07016-1703*,"Detached,"
916000,3,1.2,5227.2,0.12*,1,1935.0,Cranford Twp.*(2903*),07016-2039*,"Colonial,"
770000,3,3.0,8712.0,0.20*,2,1961.0,Cranford Twp.*(2903*),07016-2574*,"Ranch,"
830000,3,2.0,7840.8,0.18*,1,1954.0,Cranford Twp.*(2903*),07016-2912*,"SplitLev,"
913000,3,1.1,5227.2,0.12*,1,1940.0,Cranford Twp.*(2903*),07016-1945*,"Colonial,"
972358,3,1.1,12196.8,0.28*,1,1941.0,Cranford Twp.*(2903*),07016-1964*,"Colonial,"
713000,3,3.1,2613.6,0.06*,1,2025.0,Cranford Twp.*(2903*),07016-2016*,"Custom,"
870000,3,1.1,5227.2,0.12*,1,1959.0,Cranford Twp.*(2903*),07016-3118*,"SplitLev,"
975000,3,2.1,7405.2,0.17*,2,1937.0,Cranford Twp.*(2903*),07016-2315*,"Colonial,"
810000,3,2.0,8712.0,0.20*,2,1957.0,Cranford Twp.*(2903*),07016-1504*,"SplitLev,"
900000,3,2.1,14374.8,0.33*,2,1959.0,Cranford Twp.*(2903*),07016-2023*,"SplitLev,"
912000,3,2.1,8712.0,0.20*,2,1954.0,Cranford Twp.*(2903*),07016-2954*,"SplitLev,"
840000,3,2.1,10018.8,0.23*,2,1920.0,Cranford Twp.*(2903*),07016-3168*,"Colonial,"
991000,3,2.0,10018.8,0.23*,1,1929.0,Cranford Twp.*(2903*),07016-1944*,"Colonial,"
920000,4,3.0,14374.8,0.33*,2,1957.0,Cranford Twp.*(2903*),07016-3151*,"Ranch,"
969930,3,2.1,7405.2,0.17*,2,1954.0,Cranford Twp.*(2903*),07016-2935*,"SplitLev,"
966000,4,2.1,11325.6,0.26*,2,1963.0,Cranford Twp.*(2903*),07016-1515*,"Bi-Level,"
954000,4,2.0,10454.4,0.24*,1,1953.0,Cranford Twp.*(2903*),07016-2905*,"CapeCod,"
845000,3,2.1,12196.8,0.28*,1,1957.0,Cranford Twp.*(2903*),07016-2903*,"SplitLev,"
999000,4,3.0,6969.6,0.16*,2,1955.0,Cranford Twp.*(2903*),07016-1513*,"SplitLev,"
915000,3,2.0,6969.6,0.16*,0,1958.0,Cranford Twp.*(2903*),07016-2801*,"SplitLev,"
960000,4,3.1,6098.4,0.14*,1,1954.0,Cranford Twp.*(2903*),07016-1858*,"SplitLev,"
950000,5,3.0,4791.6,0.11*,1,1923.0,Cranford Twp.*(2903*),07016-3003*,"Colonial,"
865000,4,2.1,7840.8,0.18*,2,2003.0,Cranford Twp.*(2903*),07016-3223*,"Colonial,"
850000,3,2.1,9147.6,0.21*,2,1955.0,Cranford Twp.*(2903*),07016-2906*,"SplitLev,"
1075000,5,2.0,7405.2,0.17*,1,1924.0,Cranford Twp.*(2903*),07016-1867*,"Colonial,"
999000,4,2.1,7405.2,0.17*,1,1930.0,Cranford Twp.*(2903*),07016-2332*,"Colonial,"
975000,4,2.1,7840.8,0.18*,2,1972.0,Cranford Twp.*(2903*),07016-3434*,"Colonial,"
899000,4,2.0,7840.8,0.18*,1,1960.0,Cranford Twp.*(2903*),07016-2005*,"SplitLev,"
915000,6,6.0,9583.2,0.22*,2,1950.0,Cranford Twp.*(2903*),07016-1863*,"Custom,"
900000,4,3.0,13503.6,0.31,2,1970.0,Cranford Twp.*(2903*),07016-1904*,"Bi-Level,"
950000,5,3.0,7405.2,0.17*,1,1956.0,Cranford Twp.*(2903*),07016-2555*,"SplitLev,"
997000,4,4.0,11325.6,0.26*,1,1963.0,Cranford Twp.*(2903*),07016-1510*,"RanchExp,Custom"
960000,3,2.1,9147.6,0.21*,2,1954.0,Cranford Twp.*(2903*),07016-2922*,"SplitLev,"
1150000,3,2.1,6534.0,0.15*,1,1941.0,Cranford Twp.*(2903*),07016-1616*,"Colonial,"
975000,4,2.1,7840.8,0.18*,1,1928.0,Cranford Twp.*(2903*),07016-2103*,"Colonial,"
1365000,3,3.1,14960.0,0.30*,1,1932.0,Cranford Twp.*(2903*),07016-2431*,"CapeCod,Custom,Tudor"
1200000,4,2.1,6969.6,0.16*,1,1940.0,Cranford Twp.*(2903*),07016-1619*,"Colonial,"
1250000,5,3.2,16117.2,0.37*,2,2003.0,Cranford Twp.*(2903*),07016-2742*,"Colonial,"
1265000,3,3.1,23958.0,0.55*,2,1966.0,Cranford Twp.*(2903*),07016-2045*,"Ranch,SeeRem"
1085000,5,3.2,7000.0,0.18*,2,1932.0,Cranford Twp.*(2903*),07016-1909*,"Colonial,"
1250412,5,3.0,9583.2,0.22*,2,1999.0,Cranford Twp.*(2903*),07016-1920*,"Colonial,"
1150000,6,2.1,13503.6,0.31*,2,1900.0,Cranford Twp.*(2903*),07016-2415*,"Colonial,"
1303000,4,3.0,15681.6,0.36*,2,1925.0,Cranford Twp.*(2903*),07016-3140*,"Tudor,"
1230000,4,3.0,13503.6,0.31*,2,1957.0,Cranford Twp.*(2903*),07016-1607*,"Colonial,"
1300000,5,3.1,29185.2,0.67*,1,1890.0,Cranford Twp.*(2903*),07016-1821*,"Victrian,"
1259000,5,3.1,8276.4,0.19*,0,2021.0,Cranford Twp.*(2903*),07016-3455*,"Colonial,"
1315000,6,3.1,9583.2,0.22*,2,1942.0,Cranford Twp.*(2903*),07016-1948*,"Colonial,"
1430000,5,3.1,442221120.0,10152.00*,2,1924.0,Cranford Twp.*(2903*),07016-1940*,"Colonial,"
1455000,7,3.1,18730.8,0.43*,3,1895.0,Cranford Twp.*(2903*),07016-2447*,"Colonial,"
1420000,5,4.1,6098.4,0.14*,1,2025.0,Cranford Twp.*(2903*),07016-2576*,"Custom,"
1400000,5,4.0,9147.6,0.21*,2,2025.0,Cranford Twp.*(2903*),07016-2934*,"Colonial,Custom"
1410000,5,3.1,12632.4,0.29*,2,2023.0,Cranford Twp.*(2903*),07016-1722*,"Colonial,"
1487500,4,2.2,6098.4,0.14*,1,2025.0,Cranford Twp.*(2903*),07016-2615*,"Colonial,"
1499000,5,2.1,12632.4,0.29*,0,1893.0,Cranford Twp.*(2903*),07016-1818*,"Colonial,"
1600000,4,2.1,16117.2,0.37*,1,1892.0,Cranford Twp.*(2903*),07016-2431*,"Victrian,"
1520000,5,5.1,6534.0,0.15*,1,2025.0,Cranford Twp.*(2903*),07016-2708*,"Colonial,"
1450000,5,4.1,7840.8,0.18*,1,9999.0,Cranford Twp.*(2903*),07016-2504*,"Colonial,"
1573500,6,5.0,10454.4,0.24*,1,1949.0,Cranford Twp.*(2903*),07016-2421*,"Colonial,Custom"
1510000,6,5.0,16117.2,0.37*,1,2025.0,Cranford Twp.*(2903*),07016-2741*,"Custom,Colonial"
1645000,5,4.2,9147.6,0.21*,1,2025.0,Cranford Twp.*(2903*),07016-2807*,"Colonial,Custom"
1610000,6,6.0,9147.6,0.21*,2,2025.0,Cranford Twp.*(2903*),07016-3113*,"Colonial,"
2167000,5,4.1,34848.0,0.80*,2,1912.0,Cranford Twp.*(2903*),07016-1824*,"Colonial,Custom"
240000,2,1.0,4628.0,0.11*,0,1929.0,Hillside Twp.*(2907*),07205-1203*,"CapeCod,Detached,FixrUppr"
215000,2,1.0,1742.4,0.04*,0,1988.0,Hillside Twp.*(2907*),07205-2481*,"OneFloor,"
380000,3,1.0,10166.0,0.23*,0,1935.0,Hillside Twp.*(2907*),07205-1626*,"Colonial,"
279900,2,1.0,2442.0,0.06*,1,1939.0,Hillside Twp.*(2907*),07205-1720*,"HalfDupl,"
305000,2,1.0,9900.0,0.23*,0,1930.0,Hillside Twp.*(2907*),07205-2311*,"Ranch,"
315000,3,1.1,2080.0,0.05*,0,1921.0,Hillside Twp.*(2907*),07205-2041*,"Colonial,"
309000,3,1.0,2574.0,0.06*,0,1954.0,Hillside Twp.*(2907*),07205-1303*,"HalfDupl,"
370000,3,1.1,4000.0,0.09*,1,1944.0,Hillside Twp.*(2907*),07205-2730*,"Colonial,"
375000,2,1.0,3700.0,0.08*,1,1934.0,Hillside Twp.*(2907*),07205-1014*,"Custom,"
325000,3,2.0,2380.0,0.05*,0,1957.0,Hillside Twp.*(2907*),07205-2213*,"Colonial,Bi-Level"
320000,2,1.0,1600.0,0.04*,0,1980.0,Hillside Twp.*(2907*),07205-1334*,"Colonial,"
350000,3,2.1,5000.0,0.11*,1,1949.0,Hillside Twp.*(2907*),07205-2519*,"CapeCod,"
385000,2,3.0,3465.0,0.08*,1,1924.0,Hillside Twp.*(2907*),07205-2026*,"Colonial,"
280000,2,1.1,2800.0,0.06*,0,1929.0,Hillside Twp.*(2907*),07205-1443*,"HalfDupl,"
364000,2,1.0,1600.0,0.04*,0,1949.0,Hillside Twp.*(2907*),07205-1335*,"HalfDupl,MultiFlr"
330000,2,1.1,1742.4,0.04*,0,1988.0,Hillside Twp.*(2907*),07205-2139*,"TwnEndUn,MultiFlr,TwnIntUn"
407500,4,1.1,2380.0,0.05*,1,9999.0,Hillside Twp.*(2907*),07205-2215*,"CapeCod,"
325000,2,1.1,1742.4,0.04*,0,1988.0,Hillside Twp.*(2907*),07205-2139*,"TwnEndUn,MultiFlr"
355000,4,1.0,3500.0,0.08*,2,1929.0,Hillside Twp.*(2907*),07205-1733*,"Custom,"
370000,3,1.1,3500.0,0.08*,1,1924.0,Hillside Twp.*(2907*),07205-2819*,"Colonial,"
347500,2,2.0,3700.0,0.08*,0,1934.0,Hillside Twp.*(2907*),07205-1727*,"RanchRas,"
360000,2,2.0,3240.0,0.19*,1,1944.0,Hillside Twp.*(2907*),07205-2408*,"Colonial,"
375000,3,2.0,3570.0,0.08*,0,1924.0,Hillside Twp.*(2907*),07205-2223*,"FirstFlr,SplitLev"
363500,3,2.0,3400.0,0.08*,1,1938.0,Hillside Twp.*(2907*),07205-1026*,"Colonial,"
350000,2,2.0,5000.0,0.11*,1,1945.0,Hillside Twp.*(2907*),07205-2510*,"CapeCod,"
360000,2,2.0,3294.0,0.08*,2,1944.0,Hillside Twp.*(2907*),07205-1743*,"HalfDupl,"
400000,2,1.1,4000.0,0.09*,1,1949.0,Hillside Twp.*(2907*),07205-2716*,"Colonial,SeeRem"
400000,3,1.1,4104.0,0.09*,0,1926.0,Hillside Twp.*(2907*),07205-2206*,"Colonial,"
415000,2,1.0,2560.0,0.06*,1,1926.0,Hillside Twp.*(2907*),07205-2009*,"Colonial,CapeCod"
390000,3,1.1,4000.0,0.09*,2,1929.0,Hillside Twp.*(2907*),07205-1719*,"Colonial,"
429000,3,1.1,4000.0,0.09*,1,1035.0,Hillside Twp.*(2907*),07205*,"Colonial,"
450000,2,2.0,3640.0,0.08*,0,1929.0,Hillside Twp.*(2907*),07205-1702*,"Colonial,"
470000,3,2.0,5200.0,0.12*,0,9999.0,Hillside Twp.*(2907*),07205-1802*,"CapeCod,"
405000,3,1.1,3922.0,0.09*,1,1924.0,Hillside Twp.*(2907*),07205-2820*,"Colonial,"
420000,2,2.0,2080.0,0.05*,0,1924.0,Hillside Twp.*(2907*),07205-2018*,"Ranch,"
432000,3,1.0,2080.0,0.05*,0,1924.0,Hillside Twp.*(2907*),07205-2005*,"CapeCod,"
375000,3,2.0,3400.0,0.08*,2,1931.0,Hillside Twp.*(2907*),07205-1003*,"Colonial,"
430000,3,2.1,3600.0,0.08*,0,1939.0,Hillside Twp.*(2907*),07205-1102*,"CapeCod,"
455000,3,2.1,7194.0,0.17,1,1957.0,Hillside Twp.*(2907*),07205-2515*,"Ranch,Detached"
410000,3,1.0,4200.0,0.10*,2,1957.0,Hillside Twp.*(2907*),07205-1545*,"CapeCod,"
475000,4,2.0,3500.0,0.08*,0,1909.0,Hillside Twp.*(2907*),07205-2832*,"Colonial,"
437000,3,1.2,4280.0,0.10*,0,1929.0,Hillside Twp.*(2907*),07205-1533*,"Tudor,"
475000,3,1.1,4000.0,0.09*,1,1946.0,Hillside Twp.*(2907*),07205-1555*,"Colonial,"
365000,4,1.0,4200.0,0.10*,1,1924.0,Hillside Twp.*(2907*),07205-2827*,"Colonial,"
470000,2,2.0,4160.0,0.10*,0,1919.0,Hillside Twp.*(2907*),07205-2006*,"Cottage,"
450000,4,1.1,3120.0,0.07*,0,1916.0,Hillside Twp.*(2907*),07205-2004*,"Colonial,"
420000,3,2.1,6956.0,0.16*,1,1949.0,Hillside Twp.*(2907*),07205-2510*,"CapeCod,"
440000,2,2.0,2380.0,0.05*,0,1940.0,Hillside Twp.*(2907*),07205-2302*,"Colonial,"
485000,3,2.0,4000.0,0.09*,3,1914.0,Hillside Twp.*(2907*),07205*,"Colonial,"
451000,3,1.1,5480.0,0.13*,2,1930.0,Hillside Twp.*(2907*),07205-1404*,"Colonial,"
460000,3,2.0,2080.0,0.05*,0,1919.0,Hillside Twp.*(2907*),07205-1907*,"CapeCod,Custom"
490000,3,1.1,3500.0,0.08*,1,1924.0,Hillside Twp.*(2907*),07205-2818*,"Colonial,"
475000,3,1.1,4800.0,0.11*,1,1920.0,Hillside Twp.*(2907*),07205-1449*,"Colonial,"
460000,3,1.2,3300.0,0.08*,2,1929.0,Hillside Twp.*(2907*),07205-1439*,"Colonial,"
490000,3,2.1,4214.0,0.10*,2,1938.0,Hillside Twp.*(2907*),07205-1205*,"Colonial,"
495000,2,2.0,4160.0,0.10*,2,9999.0,Hillside Twp.*(2907*),07205-2008*,"CapeCod,"
490000,3,1.0,4800.0,0.11*,0,1924.0,Hillside Twp.*(2907*),07205-1534*,"CapeCod,"
520000,3,2.0,4070.0,0.09*,2,1929.0,Hillside Twp.*(2907*),07205-2806*,"Colonial,Detached"
526770,3,2.0,3267.0,0.07*,1,1924.0,Hillside Twp.*(2907*),07205-2822*,"Colonial,"
520000,3,2.1,5000.0,0.11*,0,1950.0,Hillside Twp.*(2907*),07205-1721*,"CapeCod,"
480000,3,2.0,4000.0,0.09*,0,1929.0,Hillside Twp.*(2907*),07205-2805*,"Colonial,"
512000,2,2.0,3570.0,0.08*,0,9999.0,Hillside Twp.*(2907*),07205-2319*,"CapeCod,"
470000,3,2.0,2700.0,0.06*,2,1924.0,Hillside Twp.*(2907*),07205-1922*,"Colonial,"
500000,3,1.2,4200.0,0.10*,1,1939.0,Hillside Twp.*(2907*),07205-1449*,"Detached,MultiFlr"
500000,3,1.1,4800.0,0.11*,0,1924.0,Hillside Twp.*(2907*),07205-1534*,"Colonial,"
489000,3,1.1,11000.0,0.25*,1,1956.0,Hillside Twp.*(2907*),07205-1711*,"SplitLev,"
483500,3,1.1,12800.0,0.29*,2,1955.0,Hillside Twp.*(2907*),07205-1340*,"Ranch,"
470000,3,1.1,5000.0,0.11*,1,1943.0,Hillside Twp.*(2907*),07205-2727*,"Colonial,"
505000,4,1.1,4480.0,0.10*,1,1975.0,Hillside Twp.*(2907*),07205-1407*,"Colonial,"
555000,3,2.0,4080.0,0.09*,2,1917.0,Hillside Twp.*(2907*),07205-2447*,"CapeCod,"
498500,4,1.0,6960.0,0.16*,1,1941.0,Hillside Twp.*(2907*),07205-2524*,"CapeCod,"
520000,3,2.0,3570.0,0.08*,0,1955.0,Hillside Twp.*(2907*),07205-2319*,"CapeCod,"
530000,3,3.0,3800.0,0.09*,0,1940.0,Hillside Twp.*(2907*),07205-2117*,"Colonial,"
510000,3,2.1,3600.0,0.08*,1,1918.0,Hillside Twp.*(2907*),07205-1660*,"Colonial,"
550000,5,3.1,6350.0,0.15*,1,1990.0,Hillside Twp.*(2907*),07205-2704*,"Custom,"
565000,3,2.1,3959.0,0.09*,2,1929.0,Hillside Twp.*(2907*),07205-1502*,"Tudor,"
475000,4,2.0,5000.0,0.11*,1,1950.0,Hillside Twp.*(2907*),07205-2602*,"CapeCod,"
500000,4,2.0,5000.0,0.11*,0,1950.0,Hillside Twp.*(2907*),07205-1729*,"CapeCod,"
558000,3,2.0,4800.0,0.11*,1,1924.0,Hillside Twp.*(2907*),07205-1534*,"Colonial,"
505000,4,1.1,4000.0,0.09*,1,1929.0,Hillside Twp.*(2907*),07205-1540*,"Colonial,"
525000,3,1.2,3600.0,0.08*,2,1924.0,Hillside Twp.*(2907*),07205-1617*,"Colonial,"
483000,3,2.0,10680.0,0.25*,1,9999.0,Hillside Twp.*(2907*),07205-2422*,"Colonial,"
508000,2,2.0,3588.0,0.08*,2,1929.0,Hillside Twp.*(2907*),07205-1312*,"Custom,"
500000,3,1.1,4000.0,0.09*,1,1924.0,Hillside Twp.*(2907*),07205-2126*,"Colonial,"
510000,3,2.0,3570.0,0.08*,0,9999.0,Hillside Twp.*(2907*),07205-2216*,"Colonial,"
495000,3,2.0,11280.0,0.26*,0,1948.0,Hillside Twp.*(2907*),07205-1627*,"Colonial,"
540000,3,2.1,7200.0,0.17*,1,1924.0,Hillside Twp.*(2907*),07205-1519*,"Colonial,"
550000,3,2.1,6475.0,0.15*,0,1914.0,Hillside Twp.*(2907*),07205-1819*,"Colonial,"
560000,3,2.1,5656.0,0.13*,1,1939.0,Hillside Twp.*(2907*),07205-3005*,"Contemp,HalfDupl"
510000,3,2.1,5000.0,0.11*,1,1954.0,Hillside Twp.*(2907*),07205-1827*,"SplitLev,"
610000,3,2.0,5000.0,0.11*,0,1914.0,Hillside Twp.*(2907*),07205*,"Colonial,"
580000,3,2.1,6500.0,0.15*,1,1957.0,Hillside Twp.*(2907*),07205-2531*,"Ranch,"
555000,4,2.0,3500.0,0.08*,1,1919.0,Hillside Twp.*(2907*),07205-2823*,"Colonial,"
540000,3,2.0,3626.0,0.08*,2,1948.0,Hillside Twp.*(2907*),07205-1628*,"CapeCod,"
570000,3,4.0,3960.0,0.09*,2,1927.0,Hillside Twp.*(2907*),07205-2501*,"Colonial,"
590000,4,1.1,4000.0,0.09*,1,1944.0,Hillside Twp.*(2907*),07205-2731*,"Colonial,"
550000,3,2.1,8580.0,0.20*,0,1949.0,Hillside Twp.*(2907*),07205-2525*,"CapeCod,SeeRem"
600000,4,3.0,4800.0,0.11*,2,1924.0,Hillside Twp.*(2907*),07205-1530*,"Colonial,"
570000,3,2.0,4900.0,0.11*,1,1949.0,Hillside Twp.*(2907*),07205-2620*,"SeeRem,Bi-Level,CapeCod"
555500,3,2.0,6475.0,0.15*,2,9999.0,Hillside Twp.*(2907*),07205-1819*,"Colonial,"
555000,3,2.0,6300.0,0.14*,1,1957.0,Hillside Twp.*(2907*),07205-2533*,"Ranch,"
500000,4,3.0,4800.0,0.11*,0,1929.0,Hillside Twp.*(2907*),07205-1513*,"Colonial,"
560000,3,1.1,3922.0,0.09*,1,9999.0,Hillside Twp.*(2907*),07205-2820*,"Colonial,"
585000,4,2.0,3500.0,0.08*,1,1929.0,Hillside Twp.*(2907*),07205-1733*,"CapeCod,Custom"
575000,4,2.1,3500.0,0.08*,0,9999.0,Hillside Twp.*(2907*),07205-2412*,"Colonial,"
579000,4,3.1,4800.0,0.11*,1,1924.0,Hillside Twp.*(2907*),07205-1536*,"Colonial,"
601000,3,2.0,5000.0,0.11*,1,1924.0,Hillside Twp.*(2907*),07205-3122*,"Colonial,"
585000,4,3.0,6600.0,0.15*,1,9999.0,Hillside Twp.*(2907*),07205-2408*,"Colonial,"
580000,4,3.0,4200.0,0.10*,1,1914.0,Hillside Twp.*(2907*),07205-1737*,"CapeCod,"
575000,4,2.0,4000.0,0.09*,2,1929.0,Hillside Twp.*(2907*),07205-1436*,"Tudor,Colonial"
590000,4,2.0,6600.0,0.15*,1,1950.0,Hillside Twp.*(2907*),07205-3105*,"CapeCod,"
610000,4,2.0,7881.0,0.18*,1,1919.0,Hillside Twp.*(2907*),07205-1643*,"Colonial,"
595000,4,2.1,7000.0,0.16*,0,1924.0,Hillside Twp.*(2907*),07205-2448*,"Colonial,"
620000,4,2.0,4085.0,0.09*,2,1964.0,Hillside Twp.*(2907*),07205-2803*,"Bi-Level,"
605000,5,2.0,5000.0,0.11*,1,9999.0,Hillside Twp.*(2907*),07205-2728*,"Colonial,"
600000,3,2.1,4000.0,0.09*,1,1940.0,Hillside Twp.*(2907*),07205-2730*,"Colonial,"
610000,4,2.1,4000.0,0.09*,2,1929.0,Hillside Twp.*(2907*),07205-1719*,"Colonial,"
620000,5,2.1,6750.0,0.15*,1,1952.0,Hillside Twp.*(2907*),07205-1607*,"CapeCod,Custom"
635000,4,3.0,4687.0,0.11*,2,2024.0,Hillside Twp.*(2907*),07205-1448*,"Contemp,"
629000,3,3.1,2750.0,0.06*,1,2018.0,Hillside Twp.*(2907*),07205-2110*,"Colonial,"
650000,6,4.1,8680.0,0.20*,2,9999.0,Hillside Twp.*(2907*),07205*,"RanchRas,"
690000,3,2.1,10400.0,0.24*,2,1960.0,Hillside Twp.*(2907*),07205-2916*,"Ranch,"
750000,4,3.3,12125.0,0.28*,2,1960.0,Hillside Twp.*(2907*),07205-3145*,"Contemp,SeeRem"
430000,1,1.0,3484.8,0.08*,1,1984.0,New Providence Boro*(2911*),07974-1528*,"OneFloor,FirstFlr"
521000,2,1.0,9147.6,0.21*,0,1957.0,New Providence Boro*(2911*),07974-1021*,"CapeCod,"
400000,2,1.0,7405.2,0.17*,1,1948.0,New Providence Boro*(2911*),07974-1736*,"Ranch,"
490000,2,2.1,46609.2,1.07*,1,2000.0,New Providence Boro*(2911*),07974-1994*,"TwnIntUn,MultiFlr"
557000,1,1.2,4791.6,0.11*,1,1983.0,New Providence Boro*(2911*),07974-1529*,"MultiFlr,Detached,TwnEndUn"
555000,2,2.1,3484.8,0.08*,1,1976.0,New Providence Boro*(2911*),07974-1934*,"TwnEndUn,MultiFlr"
640000,3,1.1,13503.6,0.31*,1,1938.0,New Providence Boro*(2911*),07974-1131*,"Custom,"
705000,4,2.0,11325.6,0.26*,0,1949.0,New Providence Boro*(2911*),07974-2306*,"Colonial,"
630000,3,2.1,12632.4,0.29*,1,1960.0,New Providence Boro*(2911*),07974-1303*,"SplitLev,"
800000,3,2.0,22215.6,0.51*,1,1955.0,New Providence Boro*(2911*),07974-1147*,"Ranch,"
740000,3,1.1,6534.0,0.15*,1,1929.0,New Providence Boro*(2911*),07901-4145*,"Colonial,"
675000,4,1.1,7405.2,0.17*,0,1950.0,New Providence Boro*(2911*),07974-2519*,"RanchRas,"
620000,4,1.1,10018.8,0.23*,1,1950.0,New Providence Boro*(2911*),07901-4145*,"Ranch,"
710000,4,1.0,8712.0,0.20*,0,1952.0,New Providence Boro*(2911*),07974-1466*,"CapeCod,"
660000,3,2.0,11761.2,0.27*,0,1951.0,New Providence Boro*(2911*),07974*,"CapeCod,"
640000,4,2.1,9583.2,0.22*,2,1960.0,New Providence Boro*(2911*),07974-2206*,"CapeCod,"
630000,3,1.1,7840.8,0.18*,0,1949.0,New Providence Boro*(2911*),07974-2432*,"Colonial,"
675000,3,2.1,13068.0,0.30*,1,1961.0,New Providence Boro*(2911*),07974-1439*,"SplitLev,"
700000,3,1.1,16988.4,0.39*,2,1921.0,New Providence Boro*(2911*),07974-1130*,"Colonial,"
780000,3,1.1,8424.0,0.19*,2,1926.0,New Providence Boro*(2911*),07974-2421*,"Colonial,"
685000,3,1.1,11761.2,0.27*,1,1957.0,New Providence Boro*(2911*),07974-2136*,"SplitLev,"
825000,4,2.1,17859.6,0.41*,2,1965.0,New Providence Boro*(2911*),07974-1663*,"Colonial,"
695000,3,2.0,7405.2,0.17*,2,1905.0,New Providence Boro*(2911*),07974-1907*,"Colonial,"
735000,3,2.0,11325.6,0.26*,1,1959.0,New Providence Boro*(2911*),07974-1764*,"CapeCod,"
775000,3,2.0,6098.4,0.14*,1,1958.0,New Providence Boro*(2911*),07974-1913*,"SplitLev,"
785000,3,1.1,10454.4,0.24*,1,1955.0,New Providence Boro*(2911*),07974-2541*,"CapeCod,"
835000,3,2.1,10018.8,0.23*,1,1950.0,New Providence Boro*(2911*),07974-1405*,"SplitLev,"
675000,3,2.0,11761.2,0.27*,1,1956.0,New Providence Boro*(2911*),07974-2326*,"CapeCod,"
650000,4,1.1,10890.0,0.25*,1,1950.0,New Providence Boro*(2911*),07974-1418*,"CapeCod,"
915000,4,2.0,25360.0,0.56*,3,1920.0,New Providence Boro*(2911*),07974-1024*,"AFrame,FixrUppr"
795000,3,2.1,8712.0,0.20*,1,1955.0,New Providence Boro*(2911*),07974-1010*,"Ranch,"
800000,3,1.1,8712.0,0.20*,1,1965.0,New Providence Boro*(2911*),07974-2210*,"SplitLev,"
705000,4,2.1,11761.2,0.27*,0,1954.0,New Providence Boro*(2911*),07974-2237*,"CapeCod,"
775000,2,3.0,12632.4,0.29*,1,1960.0,New Providence Boro*(2911*),07974-2505*,"Ranch,"
875000,4,2.1,17424.0,0.40,1,1957.0,New Providence Boro*(2911*),07974-1455*,"SplitLev,Custom"
920000,3,2.0,10454.4,0.24*,1,1954.0,New Providence Boro*(2911*),07974-1407*,"Ranch,"
790000,3,2.1,12632.4,0.29*,1,1959.0,New Providence Boro*(2911*),07974-1337*,"SplitLev,"
900000,3,1.2,23086.8,0.53*,1,1962.0,New Providence Boro*(2911*),07974-1101*,"SplitLev,"
811000,4,2.1,13939.2,0.32*,1,1963.0,New Providence Boro*(2911*),07974-2530*,"RanchExp,"
799000,3,3.1,9583.2,0.22*,1,1986.0,New Providence Boro*(2911*),07974-1535*,"TwnEndUn,MultiFlr,SeeRem"
821000,3,2.2,80150.4,1.84*,2,2015.0,New Providence Boro*(2911*),07974*,"TwnIntUn,MultiFlr"
750000,4,3.0,14810.4,0.34*,0,1919.0,New Providence Boro*(2911*),07974-2950*,"Colonial,"
755000,3,2.0,10018.8,0.23*,1,1959.0,New Providence Boro*(2911*),07974-2258*,"Ranch,SeeRem"
800000,3,3.0,4356.0,0.10*,1,1989.0,New Providence Boro*(2911*),07974-1558*,"TwnIntUn,MultiFlr"
875000,3,2.1,13068.0,0.30*,1,1960.0,New Providence Boro*(2911*),07974-1316*,"SplitLev,"
825000,3,2.1,16988.4,0.39*,2,1957.0,New Providence Boro*(2911*),07974-2723*,"SplitLev,"
770000,3,1.1,10890.0,0.25*,1,1950.0,New Providence Boro*(2911*),07974-2355*,"RanchExp,RanchRas,Ranch"
742500,4,2.1,15681.6,0.36*,2,1950.0,New Providence Boro*(2911*),07974-2348*,"CapeCod,"
880000,4,2.0,10454.4,0.24*,2,1950.0,New Providence Boro*(2911*),07974-2348*,"CapeCod,"
900000,3,2.0,27878.4,0.64*,1,1956.0,New Providence Boro*(2911*),07974-1327*,"SplitLev,"
915000,4,2.0,11325.6,0.26*,1,1953.0,New Providence Boro*(2911*),07974-2525*,"Colonial,"
763550,3,2.1,12196.8,0.28*,1,1959.0,New Providence Boro*(2911*),07974-1313*,"SplitLev,"
930000,5,2.1,13068.0,0.30*,1,1965.0,New Providence Boro*(2911*),07974*,"SplitLev,"
800000,2,3.1,4356.0,0.10*,2,1994.0,New Providence Boro*(2911*),07974-1548*,"TwnIntUn,MultiFlr"
815000,3,3.1,4356.0,0.10*,2,1994.0,New Providence Boro*(2911*),07974-1548*,"MultiFlr,TwnEndUn"
890000,3,2.0,9147.6,0.21*,1,1955.0,New Providence Boro*(2911*),07974-2235*,"SplitLev,"
901000,4,2.1,12196.8,0.28*,2,1959.0,New Providence Boro*(2911*),07974-2401*,"Bi-Level,"
916000,4,2.1,14374.8,0.33*,1,1957.0,New Providence Boro*(2911*),07974-1816*,"SplitLev,"
980000,4,2.0,4791.6,0.11*,1,9999.0,New Providence Boro*(2911*),07901-4144*,"Colonial,"
920000,4,1.1,7840.8,0.18*,1,1920.0,New Providence Boro*(2911*),07974-1831*,"Colonial,"
960000,4,3.0,13068.0,0.30*,2,1963.0,New Providence Boro*(2911*),07974-1328*,"Bi-Level,"
999999,3,2.1,16552.8,0.38*,1,1962.0,New Providence Boro*(2911*),07974-1110*,"SplitLev,"
999999,4,3.0,12632.4,0.29*,2,1957.0,New Providence Boro*(2911*),07974-1714*,"SplitLev,"
965000,3,2.1,19602.0,0.45*,1,1956.0,New Providence Boro*(2911*),07974-2435*,"SplitLev,"
1131000,3,2.1,15681.6,0.36*,2,1957.0,New Providence Boro*(2911*),07974-1807*,"SplitLev,"
1151627,4,2.1,8276.4,0.19*,1,1958.0,New Providence Boro*(2911*),07974-1413*,"SplitLev,"
999000,3,2.1,13503.6,0.31*,2,1958.0,New Providence Boro*(2911*),07974-1734*,"SplitLev,"
1075000,3,2.1,7405.2,0.17*,2,1920.0,New Providence Boro*(2911*),07901-2326*,"Colonial,"
1100000,4,3.1,22651.2,0.52*,2,1958.0,New Providence Boro*(2911*),07974-2335*,"SplitLev,"
999000,3,2.0,21780.0,0.50*,2,1968.0,New Providence Boro*(2911*),07974-1223*,"Ranch,"
900000,4,2.1,19602.0,0.45*,2,1960.0,New Providence Boro*(2911*),07974-2626*,"SplitLev,"
999000,4,2.1,14810.4,0.34*,2,1962.0,New Providence Boro*(2911*),07974-1638*,"Bi-Level,"
930000,5,3.1,14810.4,0.34*,2,1965.0,New Providence Boro*(2911*),07974-2623*,"Colonial,"
1180000,3,2.1,15246.0,0.35*,2,1956.0,New Providence Boro*(2911*),07974-2433*,"SplitLev,"
1289000,4,2.0,11325.6,0.26*,1,1945.0,New Providence Boro*(2911*),07901-4163*,"CapeCod,"
1153000,4,3.1,23958.0,0.55*,2,1955.0,New Providence Boro*(2911*),07974,"SplitLev,"
1187000,3,2.1,15681.6,0.36*,2,1957.0,New Providence Boro*(2911*),07974-1036*,"Colonial,"
1108000,4,3.1,8276.4,0.19*,1,1950.0,New Providence Boro*(2911*),07974-2343*,"CapeCod,"
1049000,5,4.1,35719.2,0.82*,1,1998.0,New Providence Boro*(2911*),07922-2469*,"Colonial,"
1210000,5,2.1,15681.6,0.36*,1,1957.0,New Providence Boro*(2911*),07974-2136*,"SplitLev,Custom"
1130000,4,2.1,14374.8,0.33*,1,1955.0,New Providence Boro*(2911*),07974-1401*,"Custom,"
1185000,4,2.1,15246.0,0.35*,2,1960.0,New Providence Boro*(2911*),07901-4131*,"Custom,"
1450000,4,2.1,15681.6,0.36*,2,1963.0,New Providence Boro*(2911*),07974-1645*,"Custom,"
1300000,5,3.0,30492.0,0.70*,3,1953.0,New Providence Boro*(2911*),07974-1409*,"RanchExp,Custom"
1335000,4,3.0,7840.8,0.18*,2,1958.0,New Providence Boro*(2911*),07901-4139*,"CapeCod,"
1253000,4,2.1,25700.4,0.59*,2,1956.0,New Providence Boro*(2911*),07974-1632*,"SplitLev,Custom"
1340000,4,2.1,13068.0,0.30*,1,1955.0,New Providence Boro*(2911*),07974-1401*,"SplitLev,"
1420000,4,2.1,8712.0,0.20*,2,1994.0,New Providence Boro*(2911*),07974-2237*,"Colonial,"
1315000,4,3.0,12196.8,0.28*,1,1958.0,New Providence Boro*(2911*),07974*,"SplitLev,Custom"
1376000,4,4.0,11761.2,0.27*,1,1944.0,New Providence Boro*(2911*),07974-1420*,"Colonial,"
1405000,3,2.1,16552.8,0.38*,2,1966.0,New Providence Boro*(2911*),07974-1457*,"Custom,"
1527000,5,3.1,16552.8,0.38*,2,1983.0,New Providence Boro*(2911*),07974-2316*,"Colonial,"
1415056,4,2.1,10454.4,0.24*,2,1959.0,New Providence Boro*(2911*),07901-4173*,"Colonial,"
1440000,5,5.0,14374.8,0.33*,2,1959.0,New Providence Boro*(2911*),07974-1761*,"Custom,SplitLev"
1310000,4,4.1,5227.2,0.12*,2,2023.0,New Providence Boro*(2911*),07974-1044*,"Colonial,"
1487500,5,4.0,12196.8,0.28*,2,1958.0,New Providence Boro*(2911*),07974-2401*,"Custom,"
1350000,5,3.1,12196.8,0.28*,2,1959.0,New Providence Boro*(2911*),07974-1755*,"Custom,"
1450000,3,3.1,162043.2,3.72*,2,2008.0,New Providence Boro*(2911*),07974-2957*,"TwnEndUn,MultiFlr"
1360000,5,3.1,15681.6,0.36*,2,1958.0,New Providence Boro*(2911*),07974-1743*,"Custom,SplitLev"
1700000,5,4.1,12632.4,0.29*,1,1961.0,New Providence Boro*(2911*),07974-1101*,"Custom,"
1725000,3,3.1,162043.2,3.72*,2,2008.0,New Providence Boro*(2911*),07974-2957*,"TwnEndUn,MultiFlr"
1560000,4,4.1,6098.4,0.14*,2,2022.0,New Providence Boro*(2911*),07974-2244*,"TwnEndUn,MultiFlr"
1499000,7,6.1,12196.8,0.28*,2,2025.0,New Providence Boro*(2911*),07974-1907*,"TwnEndUn,MultiFlr"
1499000,7,6.1,12196.8,0.28*,2,2025.0,New Providence Boro*(2911*),07974-1907*,"MultiFlr,TwnEndUn"
1650000,5,2.2,22215.6,0.51*,2,1969.0,New Providence Boro*(2911*),07974-1620*,"RanchExp,"
1715000,6,3.0,27878.4,0.64*,2,1974.0,New Providence Boro*(2911*),07974-1752*,"Colonial,"
1780000,4,3.0,14810.4,0.34*,3,1958.0,New Providence Boro*(2911*),07974-1757*,"SplitLev,"
1707000,5,4.1,16988.4,0.39*,2,1957.0,New Providence Boro*(2911*),07974-2723*,"Custom,"
1860000,5,4.1,9147.6,0.21*,2,2018.0,New Providence Boro*(2911*),07974-2207*,"Colonial,"
1900000,5,4.1,10018.8,0.23*,2,2025.0,New Providence Boro*(2911*),07974-1721*,"Colonial,"
1865000,5,4.1,8712.0,0.20*,2,2025.0,New Providence Boro*(2911*),07974-2527*,"Colonial,"
1700000,5,4.1,16117.2,0.37*,2,2018.0,New Providence Boro*(2911*),07974-1002*,"Colonial,"
2160000,5,4.1,27878.4,0.64*,2,1977.0,New Providence Boro*(2911*),07974-2418*,"Colonial,"
2275000,6,5.1,16552.8,0.38*,2,2024.0,New Providence Boro*(2911*),07974-1033*,"Colonial,"
2500000,5,4.1,53143.2,1.22*,2,1928.0,New Providence Boro*(2911*),07901-4109*,"Colonial,"
565000,3,2.0,3300.0,0.07,0,1920.0,Roselle Park Boro(2915),07204-2314,"Colonial,"
310000,2,1.0,0.0,0.00,0,1949.0,Roselle Park Boro*(2915*),07204-1222*,"TwnIntUn,OneFloor"
310000,2,1.1,3300.0,0.08*,0,9999.0,Roselle Park Boro*(2915*),07204-1256*,"Colonial,"
380000,3,2.0,0.0,0.00*,1,1968.0,Roselle Park Boro*(2915*),07204-1504*,"Ranch,"
425000,3,1.0,4320.0,0.10*,2,1927.0,Roselle Park Boro*(2915*),07204-1630*,"Colonial,"
382000,2,1.1,5000.0,0.11*,1,1952.0,Roselle Park Boro*(2915*),07204-1112*,"Ranch,"
350000,2,1.0,5000.0,0.11*,0,1907.0,Roselle Park Boro*(2915*),07204-1352*,"Ranch,"
470000,3,1.0,3500.0,0.08*,1,1922.0,Roselle Park Boro*(2915*),07204-2307*,"Colonial,"
450000,3,1.0,3300.0,0.08*,1,1919.0,Roselle Park Boro*(2915*),07204*,"Colonial,"
466102,3,1.0,3500.0,0.08*,1,1914.0,Roselle Park Boro*(2915*),07204-2022*,"Colonial,Detached"
435000,2,1.0,2500.0,0.06*,0,1935.0,Roselle Park Boro*(2915*),07204-2310*,"Colonial,"
460000,3,1.1,3500.0,0.08*,1,1940.0,Roselle Park Boro*(2915*),07204-1616*,"Bungalow,Ranch"
415000,3,1.0,6000.0,0.14*,2,1905.0,Roselle Park Boro*(2915*),07204-2211*,"Colonial,"
475000,3,2.1,3500.0,0.08*,1,1930.0,Roselle Park Boro*(2915*),07204-1309*,"Colonial,"
455000,3,1.0,3850.0,0.09*,1,1910.0,Roselle Park Boro*(2915*),07204-2035*,"Colonial,Detached"
412000,3,1.2,5000.0,0.11*,2,1950.0,Roselle Park Boro*(2915*),07204-1131*,"CapeCod,FixrUppr"
450000,5,1.0,8140.0,0.19*,0,1941.0,Roselle Park Boro*(2915*),07204-2148*,"CapeCod,"
480000,3,1.0,5000.0,0.11*,0,1920.0,Roselle Park Boro*(2915*),07204-1368*,"Colonial,"
502000,3,1.1,7784.0,0.18*,0,1925.0,Roselle Park Boro*(2915*),07204-2202*,"Colonial,"
505000,4,2.0,3500.0,0.08*,0,1960.0,Roselle Park Boro*(2915*),07204-2015*,"Colonial,"
455000,4,2.1,5250.0,0.12*,0,9999.0,Roselle Park Boro*(2915*),07204-1815*,"Colonial,"
480000,4,2.0,6534.0,0.15*,2,1924.0,Roselle Park Boro*(2915*),07204-2026*,"Colonial,"
450000,3,1.0,5000.0,0.11*,2,1952.0,Roselle Park Boro*(2915*),07204*,"CapeCod,"
465000,3,1.0,5000.0,0.11*,1,1954.0,Roselle Park Boro*(2915*),07204-1506*,"CapeCod,"
530000,3,1.1,7400.0,0.17*,1,1964.0,Roselle Park Boro*(2915*),07204-2418*,"SplitLev,"
529000,3,2.0,5000.0,0.11*,1,1960.0,Roselle Park Boro*(2915*),07204-1511*,"Ranch,"
548500,3,2.0,3500.0,0.08*,0,1925.0,Roselle Park Boro*(2915*),07204-1546*,"Colonial,"
478000,2,2.0,3500.0,0.08*,0,9999.0,Roselle Park Boro*(2915*),07204-2015*,"Colonial,"
480000,3,2.0,4500.0,0.10*,0,1915.0,Roselle Park Boro*(2915*),07204-2225*,"Colonial,"
460000,3,1.1,3500.0,0.08*,1,1945.0,Roselle Park Boro*(2915*),07204-2016*,"Colonial,"
525000,3,3.0,5000.0,0.11*,1,1945.0,Roselle Park Boro*(2915*),07204-1837*,"CapeCod,"
485000,2,2.0,5000.0,0.11*,1,1957.0,Roselle Park Boro*(2915*),07204-1562*,"Ranch,"
500000,3,2.0,2500.0,0.06*,0,1895.0,Roselle Park Boro*(2915*),07204-2215*,"Colonial,"
465000,4,1.0,5400.0,0.12*,0,1951.0,Roselle Park Boro*(2915*),07204-1515*,"CapeCod,"
505000,3,1.0,3950.0,0.08*,1,1955.0,Roselle Park Boro*(2915*),07204-1210*,"CapeCod,Bungalow"
505000,3,2.0,3500.0,0.08*,1,9999.0,Roselle Park Boro*(2915*),07204-1607*,"Colonial,"
556000,4,2.0,3325.0,0.08*,1,1937.0,Roselle Park Boro*(2915*),07204-1802*,"Colonial,"
530000,3,1.1,4800.0,0.11*,1,1934.0,Roselle Park Boro*(2915*),07204-2103*,"Colonial,"
580000,3,1.0,3750.0,0.09*,0,1925.0,Roselle Park Boro*(2915*),07204-2422*,"Colonial,"
525000,3,1.1,4950.0,0.11*,1,1937.0,Roselle Park Boro*(2915*),07204-2118*,"Colonial,"
530000,4,1.1,5600.0,0.13*,1,1940.0,Roselle Park Boro*(2915*),07204-2150*,"Custom,"
510000,3,2.0,7500.0,0.17*,1,1940.0,Roselle Park Boro*(2915*),07204-1303*,"CapeCod,Colonial"
535000,4,2.0,5000.0,0.11*,1,1950.0,Roselle Park Boro*(2915*),07204*,"CapeCod,"
580000,3,2.0,5000.0,0.11*,0,1948.0,Roselle Park Boro*(2915*),07204-1401*,"Ranch,"
605000,4,2.0,5450.0,0.13*,1,1954.0,Roselle Park Boro*(2915*),07204-1258*,"CapeCod,"
592000,4,1.1,5500.0,0.13*,1,1930.0,Roselle Park Boro*(2915*),07204-2151*,"Tudor,Colonial,SeeRem"
550000,4,2.1,2500.0,0.06*,0,1895.0,Roselle Park Boro*(2915*),07204-2312*,"Colonial,"
565000,3,1.2,10000.0,0.23*,2,1922.0,Roselle Park Boro*(2915*),07204-1706*,"Colonial,"
545000,4,2.1,5000.0,0.11*,0,1953.0,Roselle Park Boro*(2915*),07204-2421*,"Detached,Colonial"
570000,4,2.0,6320.0,0.15*,1,1927.0,Roselle Park Boro*(2915*),07204-1325*,"Colonial,"
560000,3,1.1,4000.0,0.09*,1,1935.0,Roselle Park Boro*(2915*),07204-1735*,"Colonial,Tudor"
585000,3,2.0,4032.0,0.09*,0,1920.0,Roselle Park Boro*(2915*),07204-1314*,"CapeCod,"
555000,4,2.0,7030.0,0.16*,0,1925.0,Roselle Park Boro*(2915*),07204-2027*,"Colonial,"
540000,4,1.1,3500.0,0.08*,0,9999.0,Roselle Park Boro*(2915*),07204-2141*,"Colonial,SeeRem"
550000,3,1.1,4800.0,0.11*,2,1930.0,Roselle Park Boro*(2915*),07204*,"Colonial,"
540000,4,2.1,2625.0,0.06*,0,1920.0,Roselle Park Boro*(2915*),07204-2227*,"Colonial,"
540000,3,1.1,5500.0,0.13*,1,1940.0,Roselle Park Boro*(2915*),07204-2116*,"Colonial,"
563000,4,3.0,5300.0,0.12*,1,1920.0,Roselle Park Boro*(2915*),07204-1917*,"Colonial,"
550000,4,1.1,4800.0,0.11*,1,1925.0,Roselle Park Boro*(2915*),07204-2003*,"Detached,Colonial"
565000,3,2.1,7500.0,0.12*,1,1936.0,Roselle Park Boro*(2915*),07204-1908*,"Tudor,Colonial,Custom"
606500,3,2.0,4000.0,0.09*,1,1945.0,Roselle Park Boro*(2915*),07204-1737*,"Colonial,"
590000,4,1.1,0.0,0.00,1,1924.0,Roselle Park Boro*(2915*),07204-1207*,"Colonial,"
550000,4,2.0,3500.0,0.08*,1,1950.0,Roselle Park Boro*(2915*),07204-2022*,"Contemp,"
575000,3,2.0,4650.0,0.11*,1,1930.0,Roselle Park Boro*(2915*),07204-1218*,"Colonial,"
600000,3,2.1,5000.0,0.11*,1,1978.0,Roselle Park Boro*(2915*),07204-1127*,"Colonial,"
565000,3,1.1,7155.0,0.16*,2,9999.0,Roselle Park Boro*(2915*),07204-2165*,"Bi-Level,Tudor"
650000,4,2.0,6200.0,0.14*,1,1930.0,Roselle Park Boro*(2915*),07204-2139*,"Tudor,"
620000,4,1.1,5550.0,0.13*,1,1945.0,Roselle Park Boro*(2915*),07204-2119*,"Colonial,"
565000,3,1.1,7500.0,0.17*,2,1955.0,Roselle Park Boro*(2915*),07204-1561*,"SplitLev,"
640000,4,2.1,9400.0,0.22*,0,1955.0,Roselle Park Boro*(2915*),07204-2416*,"CapeCod,"
640000,3,2.1,4800.0,0.11*,1,1926.0,Roselle Park Boro*(2915*),07204-1729*,"Colonial,"
600000,3,2.0,3300.0,0.08*,0,1929.0,Roselle Park Boro*(2915*),07204-1256*,"Colonial,"
660000,4,2.1,5000.0,0.11*,1,1950.0,Roselle Park Boro*(2915*),07204-1312*,"CapeCod,"
667000,4,2.0,5000.0,0.11*,1,1954.0,Roselle Park Boro*(2915*),07204-1551*,"CapeCod,"
625000,4,3.0,3300.0,0.08*,0,1915.0,Roselle Park Boro*(2915*),07204-1922*,"Colonial,"
575000,5,2.0,6000.0,0.14*,1,1970.0,Roselle Park Boro*(2915*),07204-1743*,"Bi-Level,"
640000,4,1.1,6650.0,0.15*,0,1900.0,Roselle Park Boro*(2915*),07204*,"Colonial,"
667000,4,3.0,7920.0,0.18*,1,1960.0,Roselle Park Boro*(2915*),07204-2429*,"Colonial,"
700000,5,2.0,6550.0,0.15*,1,1939.0,Roselle Park Boro*(2915*),07204-2402*,"Colonial,"
700000,4,2.1,6250.0,0.14*,1,1964.0,Roselle Park Boro*(2915*),07204-1301*,"SplitLev,"
650000,4,2.2,6098.4,0.14*,1,1968.0,Roselle Park Boro*(2915*),07204-2159*,"Colonial,"
670000,4,2.1,5000.0,0.11*,0,9999.0,Roselle Park Boro*(2915*),07204*,"Colonial,"
742300,4,2.1,6000.0,0.14*,0,1975.0,Roselle Park Boro*(2915*),07204-2003*,"Colonial,"
800000,4,2.1,9500.0,0.22*,3,1994.0,Roselle Park Boro*(2915*),07204-1745*,"Colonial,Custom"
265000,1,1.0,1742.4,0.04,0,1949.0,Union Twp.(2919),07083-5660,"OneFloor,"
201000,1,1.0,692.6,0.02*,0,1971.0,Union Twp.*(2919*),07083-8919*,"OneFloor,"
200000,1,1.0,705.67,0.02*,0,1971.0,Union Twp.*(2919*),07083-8919*,"OneFloor,"
175000,1,1.0,871.2,0.02*,0,1971.0,Union Twp.*(2919*),07083-8919*,"OneFloor,"
180000,1,1.0,675.18,0.02*,0,1971.0,Union Twp.*(2919*),07083-8919*,"OneFloor,"
225000,1,1.0,683.89,0.02*,0,1971.0,Union Twp.*(2919*),07083-8919*,"OneFloor,"
240000,1,1.0,21344.4,0.49*,0,2007.0,Union Twp.*(2919*),07088-1267*,"FirstFlr,OneFloor"
250000,1,1.0,1742.4,0.04*,0,1949.0,Union Twp.*(2919*),07083-5615*,"OneFloor,"
249000,1,1.0,871.2,0.02*,0,1970.0,Union Twp.*(2919*),07083-8919*,"OneFloor,"
250000,1,1.0,1299.0,0.03*,0,1987.0,Union Twp.*(2919*),07083-4468*,"OneFloor,"
275000,1,1.0,1742.4,0.04*,0,1986.0,Union Twp.*(2919*),07083-8772*,"FirstFlr,OneFloor"
325000,1,1.0,3333.0,0.08*,0,1920.0,Union Twp.*(2919*),07088-1328*,"CapeCod,"
285000,2,1.0,3400.0,0.08*,1,1929.0,Union Twp.*(2919*),07083-4407*,"CapeCod,"
270000,2,1.0,2178.0,0.05*,0,9999.0,Union Twp.*(2919*),07083-5628*,"MultiFlr,"
327000,3,1.0,4000.0,0.09*,1,1928.0,Union Twp.*(2919*),07083-6249*,"Colonial,"
300000,2,2.0,57934.8,1.33*,0,2001.0,Union Twp.*(2919*),07083-6955*,"OneFloor,"
342000,3,1.0,5880.0,0.14*,2,1905.0,Union Twp.*(2919*),07088-1113*,"Colonial,"
305000,3,1.1,3723.0,0.09*,0,9999.0,Union Twp.*(2919*),07083-5261*,"CapeCod,"
309000,2,1.0,871.2,0.02*,0,1960.0,Union Twp.*(2919*),07083-9398*,"MultiFlr,"
340000,2,1.0,2500.0,0.06*,0,1930.0,Union Twp.*(2919*),07088-1331*,"Colonial,"
350000,4,2.0,3500.0,0.08*,1,1930.0,Union Twp.*(2919*),07083-4353*,"Colonial,"
326000,1,1.0,1742.4,0.04*,0,1986.0,Union Twp.*(2919*),07083-2702*,"OneFloor,FirstFlr"
338000,2,2.0,57934.8,1.33*,0,2001.0,Union Twp.*(2919*),07083-6955*,"OneFloor,"
366000,3,1.0,3500.0,0.08*,1,1929.0,Union Twp.*(2919*),07083-4505*,"CapeCod,Colonial"
340000,3,1.0,5500.0,0.13*,0,1923.0,Union Twp.*(2919*),07083-4151*,"CapeCod,"
340000,5,2.1,5500.0,0.13*,1,9999.0,Union Twp.*(2919*),07083-7829*,"Colonial,"
355000,4,2.0,7216.39,0.17*,1,1951.0,Union Twp.*(2919*),07083-3712*,"CapeCod,"
360000,2,1.1,3300.0,0.08*,1,1929.0,Union Twp.*(2919*),07083-4503*,"Colonial,"
330000,2,1.0,3049.2,0.07*,1,1949.0,Union Twp.*(2919*),07083*,"MultiFlr,"
305000,2,2.0,5040.0,0.12*,1,1930.0,Union Twp.*(2919*),07083-5052*,"Ranch,"
350000,2,2.0,2178.0,0.05*,0,1986.0,Union Twp.*(2919*),07083-8778*,"OneFloor,TwnEndUn"
350000,5,2.0,5000.0,0.11*,1,1977.0,Union Twp.*(2919*),07083-6249*,"Bi-Level,"
342000,2,1.0,3333.0,0.08*,0,1930.0,Union Twp.*(2919*),07088-1329*,"FixrUppr,Bungalow"
370000,2,2.0,2178.0,0.05*,0,1986.0,Union Twp.*(2919*),07083-8778*,"OneFloor,"
375000,2,2.0,2613.6,0.06*,0,1986.0,Union Twp.*(2919*),07083-8754*,"FirstFlr,OneFloor"
388000,2,1.0,4500.0,0.10*,1,1936.0,Union Twp.*(2919*),07083-5827*,"Colonial,"
420000,3,1.0,5000.0,0.11*,1,1946.0,Union Twp.*(2919*),07083-6716*,"CapeCod,"
375000,2,2.0,2613.6,0.06*,0,1986.0,Union Twp.*(2919*),07083-2702*,"TwnEndUn,OneFloor"
373700,2,2.0,2613.6,0.06*,0,1986.0,Union Twp.*(2919*),07083-8758*,"TwnIntUn,MultiFlr,TwnEndUn"
380000,2,2.0,2178.0,0.05*,0,1986.0,Union Twp.*(2919*),07083-8766*,"FirstFlr,OneFloor,SeeRem"
425000,3,1.1,4375.0,0.10*,0,1925.0,Union Twp.*(2919*),07083-6114*,"Colonial,"
375000,2,1.0,6000.0,0.14*,1,1923.0,Union Twp.*(2919*),07083*,"Ranch,"
370000,2,2.0,2178.0,0.05*,0,1986.0,Union Twp.*(2919*),07083-8753*,"OneFloor,TwnEndUn,TwnIntUn"
390000,2,2.0,2613.6,0.06*,0,1986.0,Union Twp.*(2919*),07083-8770*,"OneFloor,"
400000,2,2.0,2613.6,0.06*,0,1986.0,Union Twp.*(2919*),07083-8764*,"MultiFlr,FirstFlr,TwnEndUn"
450000,3,1.0,5228.0,0.12*,1,1937.0,Union Twp.*(2919*),07083-3840*,"CapeCod,"
375000,2,2.0,2178.0,0.05*,0,1986.0,Union Twp.*(2919*),07083-8766*,"OneFloor,"
425219,2,2.1,4791.6,0.11*,0,1992.0,Union Twp.*(2919*),07088-1255*,"TwnIntUn,MultiFlr"
395000,2,2.0,2613.6,0.06*,0,1986.0,Union Twp.*(2919*),07083-8758*,"MultiFlr,FirstFlr,TwnEndUn"
275000,3,1.1,5000.0,0.11*,1,1914.0,Union Twp.*(2919*),07083-6912*,"Colonial,"
390000,3,1.0,8700.0,0.20*,1,1948.0,Union Twp.*(2919*),07083-5848*,"CapeCod,"
440000,2,2.1,132858.0,3.05*,1,1992.0,Union Twp.*(2919*),07088-1030*,"MultiFlr,"
390000,2,2.0,2613.6,0.06*,0,1986.0,Union Twp.*(2919*),07083-8771*,"OneFloor,"
405000,4,2.0,7902.02,0.18*,1,1939.0,Union Twp.*(2919*),07083-8781*,"CapeCod,"
385000,5,3.0,6060.0,0.14*,1,9999.0,Union Twp.*(2919*),07083-5411*,"Colonial,"
410000,2,1.1,8000.0,0.18*,1,1950.0,Union Twp.*(2919*),07083-4985*,"CapeCod,"
435000,2,1.1,3300.0,0.08*,2,1929.0,Union Twp.*(2919*),07083-4503*,"Colonial,"
421700,2,1.1,2856.0,0.07*,1,1993.0,Union Twp.*(2919*),07088-1311*,"TwnEndUn,HalfDupl,MultiFlr"
390000,3,2.0,6392.52,0.15*,1,1957.0,Union Twp.*(2919*),07083-5118*,"SplitLev,"
381000,3,1.0,5000.0,0.11*,1,1942.0,Union Twp.*(2919*),07083-9203*,"CapeCod,"
440000,2,1.0,6380.0,0.15*,1,1927.0,Union Twp.*(2919*),07083-4214*,"AFrame,"
460000,4,2.1,3500.0,0.08*,1,1930.0,Union Twp.*(2919*),07083-4006*,"Colonial,"
461041,2,1.0,5000.0,0.11*,1,1933.0,Union Twp.*(2919*),07083-6123*,"Colonial,"
450000,3,1.0,5000.0,0.11*,1,1939.0,Union Twp.*(2919*),07083-8813*,"CapeCod,"
445000,3,2.0,5400.0,0.12*,1,1937.0,Union Twp.*(2919*),07083-3804*,"CapeCod,"
420000,2,1.1,4273.76,0.10*,0,1920.0,Union Twp.*(2919*),07088-1108*,"Colonial,"
400000,3,1.0,9141.16,0.21*,1,9999.0,Union Twp.*(2919*),07083-7034*,"Colonial,"
415000,2,2.0,2613.6,0.06*,0,1986.0,Union Twp.*(2919*),07083-8759*,"MultiFlr,SeeRem,TwnEndUn"
460000,3,1.0,6667.0,0.15*,0,1928.0,Union Twp.*(2919*),07083-8263*,"Colonial,"
415000,2,1.1,250034.4,5.74*,1,1988.0,Union Twp.*(2919*),07083-4473*,"TwnIntUn,MultiFlr"
451000,2,2.0,90169.2,2.07*,1,2001.0,Union Twp.*(2919*),07083-5068*,"OneFloor,Contemp"
465000,2,2.0,5412.0,0.12*,0,1930.0,Union Twp.*(2919*),07083-4504*,"Colonial,"
440000,3,1.0,4375.0,0.10*,2,1930.0,Union Twp.*(2919*),07083-5905*,"Colonial,"
450000,3,1.0,3720.0,0.09*,1,1955.0,Union Twp.*(2919*),07083-5537*,"CapeCod,"
510000,2,2.0,3750.0,0.09*,1,1920.0,Union Twp.*(2919*),07088-1330*,"Colonial,"
425000,2,2.0,3049.2,0.07*,0,1986.0,Union Twp.*(2919*),07083*,"TwnIntUn,MultiFlr"
505000,2,1.1,2635.0,0.06*,1,2000.0,Union Twp.*(2919*),07083-5800*,"Duplex,"
470000,2,2.0,3340.08,0.08*,0,1913.0,Union Twp.*(2919*),07088-1318*,"Colonial,"
410000,4,1.1,5500.0,0.13*,1,1957.0,Union Twp.*(2919*),07083-4211*,"SplitLev,"
505000,3,1.0,5000.0,0.11*,1,1942.0,Union Twp.*(2919*),07083-5804*,"CapeCod,"
460000,3,1.1,5037.2,0.12*,1,1926.0,Union Twp.*(2919*),07083-4308*,"Colonial,"
540000,3,1.2,9010.14,0.21*,2,1940.0,Union Twp.*(2919*),07083-7947*,"Colonial,"
480000,2,2.0,5040.0,0.12*,1,1930.0,Union Twp.*(2919*),07083-5052*,"RanchRas,"
485000,2,2.1,132858.0,3.05*,1,1997.0,Union Twp.*(2919*),07088-1030*,"TwnEndUn,MultiFlr"
450000,4,2.0,3750.0,0.09*,1,1928.0,Union Twp.*(2919*),07083-5843*,"CapeCod,"
515000,4,1.0,6250.0,0.14*,0,1923.0,Union Twp.*(2919*),07083-7036*,"Bungalow,"
500000,3,2.0,5000.0,0.11*,1,1951.0,Union Twp.*(2919*),07083-5543*,"CapeCod,"
545000,4,1.0,5124.8,0.12*,1,1929.0,Union Twp.*(2919*),07083-7253*,"Colonial,"
450000,3,1.1,5220.17,0.12*,1,9999.0,Union Twp.*(2919*),07083-3923*,"Colonial,Custom"
490000,4,1.0,16095.81,0.37*,1,1949.0,Union Twp.*(2919*),07083-6354*,"CapeCod,"
490000,3,2.0,4119.21,0.09*,2,1916.0,Union Twp.*(2919*),07083-7559*,"CapeCod,"
447500,3,1.1,5173.36,0.12*,1,1963.0,Union Twp.*(2919*),07083-4304*,"SplitLev,"
535000,2,2.1,520977.6,11.96*,1,2000.0,Union Twp.*(2919*),07083-5056*,"TwnIntUn,MultiFlr"
508000,3,1.0,5610.0,0.13*,1,9999.0,Union Twp.*(2919*),07083-6403*,"CapeCod,"
523000,3,1.0,5338.5,0.12*,1,1949.0,Union Twp.*(2919*),07083-5641*,"CapeCod,"
469000,3,1.1,5500.0,0.13*,1,1958.0,Union Twp.*(2919*),07083-6521*,"SplitLev,"
550000,3,2.0,3790.15,0.09*,0,1927.0,Union Twp.*(2919*),07083-4017*,"Colonial,"
500000,2,1.1,5002.0,0.11*,1,1938.0,Union Twp.*(2919*),07083-5264*,"CapeCod,Tudor"
495000,3,1.1,5632.55,0.13*,1,1939.0,Union Twp.*(2919*),07083,"Colonial,"
490000,3,1.0,5250.0,0.12*,1,1939.0,Union Twp.*(2919*),07083-8243*,"Colonial,"
470000,3,2.1,3333.0,0.08*,0,9999.0,Union Twp.*(2919*),07083-4409*,"Colonial,"
490000,3,2.1,250034.4,5.74*,1,1988.0,Union Twp.*(2919*),07083-4471*,"MultiFlr,TwnIntUn"
562000,3,1.1,5300.0,0.12*,1,1958.0,Union Twp.*(2919*),07083-6565*,"SplitLev,"
535000,3,2.0,6000.0,0.14*,1,9999.0,Union Twp.*(2919*),07083-3808*,"CapeCod,"
550000,3,2.0,5990.97,0.14*,1,1950.0,Union Twp.*(2919*),07083-4974*,"CapeCod,"
494900,4,1.1,5600.0,0.13*,1,1948.0,Union Twp.*(2919*),07083-7744*,"Colonial,"
515000,4,1.1,4054.0,0.09*,1,1960.0,Union Twp.*(2919*),07083-7111*,"SplitLev,SeeRem"
525000,3,3.0,2879.01,0.07*,0,1928.0,Union Twp.*(2919*),07083-4226*,"Colonial,"
540000,3,1.0,6584.0,0.15*,1,1926.0,Union Twp.*(2919*),07083-7312*,"Custom,CapeCod"
512000,2,2.1,520977.6,11.96*,1,2000.0,Union Twp.*(2919*),07083-5054*,"MultiFlr,"
479000,3,1.0,5000.0,0.11*,1,1949.0,Union Twp.*(2919*),07083-6444*,"CapeCod,"
532000,2,2.1,520977.6,11.96*,1,2000.0,Union Twp.*(2919*),07083*,"TwnIntUn,MultiFlr"
510000,4,2.0,3948.1,0.09*,1,1940.0,Union Twp.*(2919*),07083-5455*,"CapeCod,"
550000,3,2.0,3479.85,0.08*,1,0.0,Union Twp.*(2919*),07083-4214*,"Colonial,"
510000,3,1.1,5360.5,0.12*,2,1939.0,Union Twp.*(2919*),07083-7410*,"Colonial,"
550000,3,1.1,8794.5,0.20*,1,1939.0,Union Twp.*(2919*),07083-7815*,"Colonial,"
520000,3,2.1,5000.0,0.11*,0,1950.0,Union Twp.*(2919*),07083-6727*,"SplitLev,"
485000,3,2.0,5264.6,0.12*,1,1928.0,Union Twp.*(2919*),07083-5307*,"Colonial,"
505000,2,1.0,4598.0,0.11*,2,1958.0,Union Twp.*(2919*),07083-6533*,"Cottage,"
525000,4,2.1,5464.26,0.13*,1,1929.0,Union Twp.*(2919*),07083-7431*,"Colonial,"
483000,3,1.1,5000.0,0.11*,1,1948.0,Union Twp.*(2919*),07083-9213*,"Colonial,"
499000,3,1.1,5800.0,0.13*,1,1939.0,Union Twp.*(2919*),07083-5413*,"Colonial,"
510000,3,2.0,12742.4,0.29*,1,9999.0,Union Twp.*(2919*),07083-6354*,"CapeCod,"
525000,3,1.0,7950.0,0.18*,1,1952.0,Union Twp.*(2919*),07083-8227*,"CapeCod,"
499000,4,2.0,5670.0,0.13*,1,1940.0,Union Twp.*(2919*),07083-7974*,"CapeCod,"
540000,3,2.0,3500.0,0.08*,2,1940.0,Union Twp.*(2919*),07083-4021*,"Colonial,"
540000,2,1.1,9375.0,0.22*,1,1939.0,Union Twp.*(2919*),07083-8712*,"Colonial,"
510000,3,1.0,5986.75,0.14*,1,9999.0,Union Twp.*(2919*),07083-6417*,"CapeCod,"
540000,2,1.1,4393.6,0.10*,1,1929.0,Union Twp.*(2919*),07083-7278*,"Colonial,"
535000,3,1.1,5500.0,0.13*,1,1939.0,Union Twp.*(2919*),07083-5484*,"Colonial,"
565000,3,2.0,5000.0,0.11*,1,1941.0,Union Twp.*(2919*),07083-5269*,"CapeCod,"
550000,3,1.1,5360.5,0.12*,1,1939.0,Union Twp.*(2919*),07083-7421*,"Colonial,"
565000,4,1.1,5000.0,0.11*,1,1948.0,Union Twp.*(2919*),07083-5629*,"CapeCod,"
555000,3,1.0,5300.0,0.12*,1,1939.0,Union Twp.*(2919*),07083-7939*,"CapeCod,"
475000,3,1.0,4700.0,0.11*,0,1929.0,Union Twp.*(2919*),07083-7342*,"Colonial,"
475000,3,1.1,6864.0,0.16*,2,1937.0,Union Twp.*(2919*),07083-4811*,"Colonial,"
534000,2,1.0,7725.48,0.18*,1,1940.0,Union Twp.*(2919*),07083-4125*,"CapeCod,"
495000,4,2.0,3607.8,0.08*,1,1950.0,Union Twp.*(2919*),07083-4001*,"Colonial,"
490000,3,1.1,5669.4,0.13*,1,1952.0,Union Twp.*(2919*),07083-6415*,"CapeCod,"
545000,3,2.0,4800.0,0.11*,0,1945.0,Union Twp.*(2919*),07083-6443*,"CapeCod,"
550000,4,2.0,5000.0,0.11*,1,1952.0,Union Twp.*(2919*),07083-4111*,"CapeCod,"
480000,2,2.1,520977.6,11.96*,1,2000.0,Union Twp.*(2919*),07083-5058*,"TwnIntUn,MultiFlr"
460000,3,1.1,5100.0,0.12*,0,1957.0,Union Twp.*(2919*),07083-7615*,"SplitLev,"
570000,3,3.0,4800.0,0.11*,1,1940.0,Union Twp.*(2919*),07083-5204*,"CapeCod,"
520000,5,2.0,7036.42,0.16*,1,1955.0,Union Twp.*(2919*),07083*,"CapeCod,"
525000,2,2.1,520977.6,11.96*,1,2000.0,Union Twp.*(2919*),07083-5075*,"TwnIntUn,MultiFlr"
515000,3,2.1,5022.02,0.12*,2,1937.0,Union Twp.*(2919*),07083-7445*,"CapeCod,"
520000,3,2.1,3500.0,0.08*,0,1926.0,Union Twp.*(2919*),07083-4360*,"Colonial,"
552500,3,2.1,7031.5,0.16*,2,1930.0,Union Twp.*(2919*),07083-7314*,"CapeCod,"
580000,3,2.0,3850.0,0.09*,1,1929.0,Union Twp.*(2919*),07083-5816*,"Tudor,"
522000,3,1.1,3637.26,0.08*,0,1929.0,Union Twp.*(2919*),07083-9045*,"Colonial,"
570000,3,1.1,6686.1,0.15*,1,1953.0,Union Twp.*(2919*),07083-6401*,"CapeCod,"
535000,3,3.0,3500.0,0.08*,0,1929.0,Union Twp.*(2919*),07083-5221*,"CapeCod,"
526000,2,1.0,5520.0,0.13*,1,1929.0,Union Twp.*(2919*),07083-7574*,"Colonial,"
560000,4,2.0,6221.32,0.14*,1,1951.0,Union Twp.*(2919*),07083-6476*,"CapeCod,"
525000,2,2.1,520977.6,11.96*,1,2000.0,Union Twp.*(2919*),07083-5058*,"TwnIntUn,MultiFlr"
580000,3,2.1,3650.1,0.08*,2,1929.0,Union Twp.*(2919*),07083-4018*,"CapeCod,"
565000,3,1.0,5000.0,0.11*,1,1924.0,Union Twp.*(2919*),07083-6950*,"Colonial,"
545000,3,1.1,5000.0,0.11*,1,1963.0,Union Twp.*(2919*),07083-4137*,"Colonial,Custom,SplitLev"
550000,3,2.0,5000.0,0.11*,1,1950.0,Union Twp.*(2919*),07083-4950*,"CapeCod,"
525000,3,2.0,7933.31,0.18*,0,1942.0,Union Twp.*(2919*),07083-8904*,"CapeCod,"
525000,3,2.0,5325.42,0.12*,2,1962.0,Union Twp.*(2919*),07083-4107*,"SplitLev,"
530000,3,2.0,4000.0,0.09*,1,1929.0,Union Twp.*(2919*),07083-7602*,"Colonial,"
570000,3,1.1,5850.0,0.13*,1,1961.0,Union Twp.*(2919*),07083-5002*,"SplitLev,"
551000,4,2.0,6250.0,0.14*,2,1925.0,Union Twp.*(2919*),07083-6018*,"Colonial,"
575000,3,1.1,3318.27,0.08*,1,1959.0,Union Twp.*(2919*),07083-7015*,"SplitLev,"
545000,3,3.1,106286.4,2.44*,2,2005.0,Union Twp.*(2919*),07083-7766*,"TwnIntUn,MultiFlr"
550000,2,3.1,106286.4,2.44*,1,2006.0,Union Twp.*(2919*),07083-7780*,"TwnIntUn,MultiFlr"
575000,3,2.0,5250.0,0.12*,1,1935.0,Union Twp.*(2919*),07083-5521*,"CapeCod,"
565000,3,2.0,4900.0,0.11*,1,9999.0,Union Twp.*(2919*),07083-8813*,"Colonial,"
590000,3,2.0,5000.0,0.11*,1,1950.0,Union Twp.*(2919*),07083-6250*,"CapeCod,"
530000,4,1.1,7105.5,0.16*,1,1951.0,Union Twp.*(2919*),07083-5044*,"CapeCod,"
540000,3,1.1,3960.0,0.09*,1,1940.0,Union Twp.*(2919*),07083-5444*,"Colonial,"
525000,3,2.0,11250.0,0.26*,2,1952.0,Union Twp.*(2919*),07088-1007*,"CapeCod,"
550000,3,3.0,7500.0,0.17*,1,1950.0,Union Twp.*(2919*),07083-4975*,"CapeCod,"
540000,5,3.0,3500.0,0.08*,1,1925.0,Union Twp.*(2919*),07083-5831*,"Colonial,"
575000,4,2.0,5000.0,0.11*,1,1948.0,Union Twp.*(2919*),07083-6433*,"CapeCod,"
550000,4,3.0,3000.0,0.07*,1,1928.0,Union Twp.*(2919*),07083-8834*,"CapeCod,"
585000,3,2.0,7500.0,0.17*,1,1954.0,Union Twp.*(2919*),07083-5624*,"CapeCod,"
524175,3,1.1,8775.0,0.20*,1,1940.0,Union Twp.*(2919*),07083-9141*,"Colonial,"
545000,3,2.0,5502.0,0.13*,1,1948.0,Union Twp.*(2919*),07083-7402*,"Colonial,"
555000,3,2.0,5000.0,0.11*,1,1950.0,Union Twp.*(2919*),07083-5643*,"CapeCod,"
605000,4,3.0,3500.0,0.08*,1,1928.0,Union Twp.*(2919*),07083-4408*,"CapeCod,"
630000,3,2.0,5000.0,0.11*,1,1940.0,Union Twp.*(2919*),07083-5476*,"Colonial,"
550000,4,2.1,7304.0,0.17*,1,1951.0,Union Twp.*(2919*),07083-4718*,"CapeCod,"
549000,3,1.1,5000.0,0.11*,1,1968.0,Union Twp.*(2919*),07083-9213*,"Colonial,"
555000,3,1.1,5250.0,0.12*,1,1964.0,Union Twp.*(2919*),07083-6230*,"Bi-Level,"
650500,4,3.0,10103.0,0.23*,1,1929.0,Union Twp.*(2919*),07083-7236*,"Colonial,"
615000,3,2.0,7485.07,0.17*,1,1941.0,Union Twp.*(2919*),07083-4974*,"CapeCod,"
595000,4,2.0,3500.0,0.08*,2,1930.0,Union Twp.*(2919*),07083-6004*,"Contemp,AFrame,MultiFlr"
549800,3,2.0,3500.0,0.08*,1,1929.0,Union Twp.*(2919*),07083-4715*,"Tudor,"
565000,4,2.1,4615.42,0.11*,2,1939.0,Union Twp.*(2919*),07083-7428*,"Colonial,"
575000,4,2.2,6772.0,0.16*,1,1959.0,Union Twp.*(2919*),07083-8817*,"CapeCod,"
600000,3,2.0,5200.0,0.12*,1,1948.0,Union Twp.*(2919*),07083-8866*,"CapeCod,"
620000,4,2.0,5005.0,0.11*,1,9999.0,Union Twp.*(2919*),07083-5108*,"Colonial,CapeCod"
550000,3,1.0,5584.5,0.13*,1,1953.0,Union Twp.*(2919*),07083-6457*,"CapeCod,"
575000,3,2.1,7545.74,0.17*,1,1957.0,Union Twp.*(2919*),07083-6523*,"SplitLev,"
580000,3,2.0,5625.0,0.13*,0,1925.0,Union Twp.*(2919*),07083-6115*,"Colonial,"
585000,4,2.0,4000.0,0.09*,1,1936.0,Union Twp.*(2919*),07083-9221*,"Custom,Colonial"
595000,3,2.0,5326.0,0.12*,0,1929.0,Union Twp.*(2919*),07083-7237*,"Colonial,"
575000,3,2.1,3500.0,0.08*,2,1930.0,Union Twp.*(2919*),07083-3814*,"Tudor,Colonial"
560000,4,2.0,5355.0,0.12*,1,1953.0,Union Twp.*(2919*),07083-6411*,"CapeCod,"
630000,4,2.0,3488.98,0.08*,2,1929.0,Union Twp.*(2919*),07083-4018*,"Colonial,"
510000,2,2.0,4000.0,0.09*,2,1930.0,Union Twp.*(2919*),07083-3807*,"Tudor,Ranch"
555000,3,1.1,5200.0,0.12*,1,1967.0,Union Twp.*(2919*),07083-6558*,"SplitLev,"
520000,3,1.0,4000.0,0.09*,1,1928.0,Union Twp.*(2919*),07083-7263*,"CapeCod,"
560000,3,1.1,5100.0,0.12*,1,1957.0,Union Twp.*(2919*),07083-6708*,"SplitLev,"
580000,4,1.1,6790.0,0.16*,1,1948.0,Union Twp.*(2919*),07083-6747*,"CapeCod,"
600000,3,2.0,6500.0,0.15*,1,9999.0,Union Twp.*(2919*),07083-6301*,"CapeCod,"
563000,4,2.1,4800.0,0.11*,2,1970.0,Union Twp.*(2919*),07083-4818*,"Colonial,"
557000,2,2.0,61419.6,1.41*,1,2023.0,Union Twp.*(2919*),07083-2498*,"MultiFlr,TwnIntUn"
580000,3,3.0,4000.0,0.09*,1,1938.0,Union Twp.*(2919*),07083-9230*,"CapeCod,"
585000,3,2.1,5250.0,0.12*,1,1954.0,Union Twp.*(2919*),07083-7319*,"CapeCod,"
605000,4,2.0,8653.5,0.20*,1,1952.0,Union Twp.*(2919*),07083-4111*,"CapeCod,"
580000,4,1.1,4590.0,0.11*,1,1934.0,Union Twp.*(2919*),07083-6736*,"Colonial,Tudor"
600000,3,2.0,5001.5,0.11*,1,1941.0,Union Twp.*(2919*),07083-5266*,"Colonial,"
567500,3,2.0,5100.0,0.12*,1,1954.0,Union Twp.*(2919*),07083-6416*,"CapeCod,"
575000,3,2.1,6038.96,0.14*,1,1920.0,Union Twp.*(2919*),07083-7558*,"Colonial,"
640000,4,2.1,6634.0,0.15*,1,1958.0,Union Twp.*(2919*),07083-7422*,"SplitLev,"
600000,3,3.0,8894.9,0.20*,2,1952.0,Union Twp.*(2919*),07083-8227*,"CapeCod,"
630000,3,2.0,5500.0,0.13*,1,1945.0,Union Twp.*(2919*),07083-5809*,"CapeCod,Custom"
590000,4,3.0,4700.0,0.11*,1,1939.0,Union Twp.*(2919*),07083-7330*,"Colonial,"
615000,3,2.0,9287.2,0.21*,1,1953.0,Union Twp.*(2919*),07083-3929*,"SplitLev,"
615000,3,1.1,6607.5,0.15*,1,1939.0,Union Twp.*(2919*),07083-7504*,"Colonial,"
545000,3,1.1,5000.0,0.11*,1,1939.0,Union Twp.*(2919*),07083,"Colonial,"
610024,4,2.0,5355.46,0.12*,1,1955.0,Union Twp.*(2919*),07083-5124*,"CapeCod,"
620000,3,1.1,4500.8,0.10*,1,1951.0,Union Twp.*(2919*),07083-5603*,"Colonial,"
645000,3,1.2,3800.0,0.09*,1,1932.0,Union Twp.*(2919*),07083-3813*,"Colonial,"
630000,3,2.0,5736.0,0.13*,1,1939.0,Union Twp.*(2919*),07083-7966*,"Colonial,"
575000,3,2.1,142441.2,3.27*,1,2013.0,Union Twp.*(2919*),07083-8090*,"MultiFlr,TwnEndUn"
615000,3,1.1,5360.5,0.12*,2,1929.0,Union Twp.*(2919*),07083-7410*,"Colonial,"
580000,3,1.1,6000.0,0.14*,1,1942.0,Union Twp.*(2919*),07083-6562*,"CapeCod,"
640000,4,3.0,3720.0,0.09,0,1929.0,Union Twp.*(2919*),07083-5538*,"Colonial,"
604000,3,2.0,7255.77,0.17*,1,1953.0,Union Twp.*(2919*),07083-6402*,"CapeCod,"
540000,4,2.1,5000.0,0.11*,1,1939.0,Union Twp.*(2919*),07083-6947*,"Colonial,"
650000,3,2.0,7546.0,0.17*,1,1947.0,Union Twp.*(2919*),07083-7443*,"SplitLev,"
635000,3,2.1,8503.01,0.20*,1,1940.0,Union Twp.*(2919*),07083-7349*,"CapeCod,"
600000,3,2.0,5300.0,0.12*,1,1957.0,Union Twp.*(2919*),07083-7624*,"SplitLev,"
600000,3,1.1,6480.0,0.15*,1,1948.0,Union Twp.*(2919*),07083-7760*,"CapeCod,"
615000,3,2.1,4725.0,0.11*,0,1933.0,Union Twp.*(2919*),07083-5829*,"Colonial,"
605000,4,1.0,5000.0,0.11*,2,1954.0,Union Twp.*(2919*),07083,"SplitLev,"
620000,3,1.1,8172.0,0.19*,1,1956.0,Union Twp.*(2919*),07083-8709*,"SplitLev,"
610000,4,3.1,6250.0,0.14*,2,1940.0,Union Twp.*(2919*),07083-8812*,"Colonial,Tudor"
650000,3,2.1,3705.0,0.09*,1,1930.0,Union Twp.*(2919*),07083-6235*,"Colonial,"
650000,3,3.0,6240.0,0.14*,1,1949.0,Union Twp.*(2919*),07083-5109*,"Custom,"
610000,3,1.1,5292.5,0.12*,1,1940.0,Union Twp.*(2919*),07083-4834*,"Colonial,AFrame"
645000,3,2.0,5775.0,0.13*,1,1939.0,Union Twp.*(2919*),07083-7846*,"CapeCod,"
662000,3,2.0,5621.0,0.13*,1,1949.0,Union Twp.*(2919*),07083-8217*,"CapeCod,"
590000,3,2.0,4857.2,0.11*,1,1935.0,Union Twp.*(2919*),07083-5805*,"CapeCod,"
620000,3,1.1,5515.4,0.13*,1,1952.0,Union Twp.*(2919*),07083-3718*,"Colonial,"
637500,3,1.1,5000.0,0.11*,1,1940.0,Union Twp.*(2919*),07083-8825*,"Colonial,"
595000,3,2.1,3336.6,0.08*,1,1963.0,Union Twp.*(2919*),07083-4301*,"SplitLev,"
650000,4,3.0,3988.0,0.09*,2,1928.0,Union Twp.*(2919*),07083-3705*,"CapeCod,Custom"
615000,4,2.0,5548.58,0.13*,2,9999.0,Union Twp.*(2919*),07083-8002*,"Bi-Level,"
664000,4,2.0,7425.0,0.17*,1,9999.0,Union Twp.*(2919*),07083-8720*,"SplitLev,"
605000,3,2.1,6763.2,0.16*,1,1948.0,Union Twp.*(2919*),07083-6439*,"Colonial,"
660000,3,2.1,6900.0,0.16*,2,1955.0,Union Twp.*(2919*),07083-8728*,"SplitLev,"
650000,3,2.0,5220.17,0.12*,1,1958.0,Union Twp.*(2919*),07083-3923*,"SplitLev,"
635000,3,2.1,5751.15,0.13*,1,1959.0,Union Twp.*(2919*),07083-6507*,"SplitLev,"
610000,3,1.1,6090.0,0.14*,1,1935.0,Union Twp.*(2919*),07083-7942*,"Colonial,"
675000,3,2.0,5794.16,0.13*,1,1956.0,Union Twp.*(2919*),07083-7608*,"SplitLev,"
626000,3,2.0,5502.5,0.13*,1,1950.0,Union Twp.*(2919*),07083-5234*,"CapeCod,"
655000,3,2.0,5000.0,0.11*,1,1945.0,Union Twp.*(2919*),07083-7324*,"Colonial,"
660000,3,2.0,6000.0,0.14*,1,1959.0,Union Twp.*(2919*),07083-7326*,"CapeCod,"
625000,3,1.1,5175.0,0.12*,1,1940.0,Union Twp.*(2919*),07083-4802*,"Colonial,"
645000,3,1.1,5500.0,0.13*,1,1966.0,Union Twp.*(2919*),07083-5211*,"SplitLev,"
642000,3,2.1,5048.0,0.12*,2,1980.0,Union Twp.*(2919*),07083-8909*,"SplitLev,"
640000,5,2.0,4750.0,0.11*,1,1938.0,Union Twp.*(2919*),07083-9208*,"CapeCod,"
605000,3,2.0,5000.0,0.11*,1,1938.0,Union Twp.*(2919*),07083-8813*,"Detached,Colonial"
615000,3,2.1,5757.0,0.13*,1,1960.0,Union Twp.*(2919*),07083-6625*,"SplitLev,Custom"
680000,4,2.1,6299.0,0.14*,1,1939.0,Union Twp.*(2919*),07083-8243*,"Colonial,"
675000,3,2.1,3700.0,0.08*,0,1929.0,Union Twp.*(2919*),07083-7622*,"Colonial,"
610000,2,2.0,87120.0,2.00*,1,2022.0,Union Twp.*(2919*),07083-2490*,"TwnIntUn,MultiFlr"
575000,3,2.0,5000.0,0.11*,1,1953.0,Union Twp.*(2919*),07083-6446*,"CapeCod,"
600000,4,2.1,5558.3,0.13*,1,9999.0,Union Twp.*(2919*),07083-6480*,"Colonial,"
565000,3,3.0,4000.0,0.09*,1,1930.0,Union Twp.*(2919*),07083-8308*,"Colonial,"
660000,3,2.0,8645.06,0.20*,2,1951.0,Union Twp.*(2919*),07083-5603*,"Colonial,"
570000,4,2.0,4000.0,0.09*,1,1930.0,Union Twp.*(2919*),07088-1332*,"CapeCod,"
625000,4,2.0,5251.0,0.12*,1,1957.0,Union Twp.*(2919*),07083-7931*,"SplitLev,"
615000,3,2.1,7740.0,0.18*,2,1981.0,Union Twp.*(2919*),07083-4157*,"SplitLev,"
645000,3,2.0,6050.0,0.14*,1,1939.0,Union Twp.*(2919*),07083-7548*,"SplitLev,"
619000,4,2.1,7251.3,0.17*,2,1956.0,Union Twp.*(2919*),07083-8704*,"SplitLev,"
640000,4,2.1,8424.0,0.19*,2,1974.0,Union Twp.*(2919*),07083-6526*,"Colonial,"
650000,4,2.0,7150.0,0.16*,1,1955.0,Union Twp.*(2919*),07083-7735*,"CapeCod,MultiFlr"
685000,4,3.0,6254.0,0.14*,2,1992.0,Union Twp.*(2919*),07083-3941*,"SplitLev,"
657250,3,2.1,5750.0,0.13*,0,1936.0,Union Twp.*(2919*),07083-4801*,"Colonial,"
600000,3,2.0,7035.0,0.16*,1,1953.0,Union Twp.*(2919*),07083-8722*,"SplitLev,"
650000,4,2.1,3562.0,0.08*,1,1930.0,Union Twp.*(2919*),07083-7127*,"Colonial,"
638000,3,1.1,8854.27,0.20*,1,1960.0,Union Twp.*(2919*),07083-7998*,"SplitLev,"
641000,3,2.1,5000.0,0.11*,1,1939.0,Union Twp.*(2919*),07083-5405*,"CapeCod,"
625000,3,1.1,5012.0,0.12*,1,1954.0,Union Twp.*(2919*),07083-7634*,"SplitLev,"
675000,4,2.1,6852.95,0.16*,1,1941.0,Union Twp.*(2919*),07083-3726*,"Colonial,"
650000,3,2.0,5000.0,0.11*,2,1961.0,Union Twp.*(2919*),07083-7753*,"Bi-Level,"
665000,3,2.1,5500.0,0.13*,2,1966.0,Union Twp.*(2919*),07083-5210*,"SplitLev,"
600000,4,3.0,6250.0,0.14*,1,1936.0,Union Twp.*(2919*),07083-7524*,"Colonial,"
675000,5,2.0,6901.7,0.16*,1,1939.0,Union Twp.*(2919*),07083-3725*,"CapeCod,"
645000,3,2.1,5109.5,0.12*,1,1959.0,Union Twp.*(2919*),07083-7423*,"SplitLev,"
630000,3,2.1,6678.0,0.15*,1,1954.0,Union Twp.*(2919*),07083-3930*,"SplitLev,"
660000,3,1.1,5525.86,0.13*,1,1956.0,Union Twp.*(2919*),07083-7041*,"SplitLev,"
700000,3,1.1,6000.0,0.14*,1,1934.0,Union Twp.*(2919*),07083-4833*,"Colonial,"
690000,3,3.1,7182.0,0.16*,1,1960.0,Union Twp.*(2919*),07083-6642*,"SplitLev,"
650000,4,2.1,3944.44,0.09*,1,1929.0,Union Twp.*(2919*),07083-9005*,"CapeCod,"
690000,4,2.1,6000.0,0.14*,2,1982.0,Union Twp.*(2919*),07083-4157*,"Colonial,"
700000,3,3.0,6000.0,0.14*,1,1957.0,Union Twp.*(2919*),07083-6515*,"SplitLev,"
650000,4,3.0,5083.56,0.12*,1,1957.0,Union Twp.*(2919*),07083-4907*,"SeeRem,"
700000,4,2.1,8268.22,0.19*,1,1950.0,Union Twp.*(2919*),07083-7321*,"CapeCod,"
649000,3,3.0,4967.0,0.11*,1,1950.0,Union Twp.*(2919*),07083-6331*,"CapeCod,"
710000,3,2.0,5500.0,0.13*,1,1959.0,Union Twp.*(2919*),07083-6509*,"SplitLev,"
710000,3,2.0,8000.0,0.18*,1,9999.0,Union Twp.*(2919*),07083*,"Colonial,"
630000,4,2.0,7200.0,0.17*,1,1940.0,Union Twp.*(2919*),07083-9134*,"Colonial,Detached"
650000,4,2.2,5000.0,0.11*,1,1954.0,Union Twp.*(2919*),07083-5469*,"SplitLev,"
650000,5,2.0,8290.8,0.19*,1,1978.0,Union Twp.*(2919*),07083-5652*,"SplitLev,"
665000,4,2.1,4600.0,0.11*,2,9999.0,Union Twp.*(2919*),07083-4807*,"Colonial,"
625000,5,3.0,9375.0,0.22*,2,1960.0,Union Twp.*(2919*),07083-9317*,"SplitLev,"
672000,3,2.1,4748.76,0.11*,2,1987.0,Union Twp.*(2919*),07083-5563*,"Colonial,"
705313,4,2.0,4847.14,0.11*,1,1937.0,Union Twp.*(2919*),07083-7422*,"Colonial,"
683000,4,2.1,6029.0,0.14*,2,1963.0,Union Twp.*(2919*),07083-6517*,"SplitLev,"
650000,4,3.0,4987.71,0.11*,1,1949.0,Union Twp.*(2919*),07083-5114*,"CapeCod,Detached"
685000,3,3.1,4700.0,0.11*,1,1929.0,Union Twp.*(2919*),07083-7330*,"Colonial,"
720000,4,3.1,6920.65,0.16*,1,1962.0,Union Twp.*(2919*),07083-7745*,"SplitLev,"
705000,3,2.0,6600.0,0.15*,2,1941.0,Union Twp.*(2919*),07083-9106*,"SplitLev,"
686000,4,2.1,9583.2,0.22,2,1981.0,Union Twp.*(2919*),07083-4158*,"Colonial,"
720000,3,2.1,8305.0,0.19*,1,1953.0,Union Twp.*(2919*),07083-7810*,"Colonial,"
657000,4,2.1,6550.0,0.15*,0,1948.0,Union Twp.*(2919*),07083*,"CapeCod,Custom"
650000,3,2.1,3429.38,0.08*,1,9999.0,Union Twp.*(2919*),07083-4728*,"SplitLev,"
710000,3,3.0,7889.0,0.18*,1,1968.0,Union Twp.*(2919*),07083-5652*,"Ranch,"
695000,4,3.0,5000.0,0.11*,1,1950.0,Union Twp.*(2919*),07083-7316*,"CapeCod,"
675000,4,2.1,5800.0,0.13*,2,1973.0,Union Twp.*(2919*),07083-3811*,"Bi-Level,"
690000,4,3.0,5000.0,0.11*,1,1930.0,Union Twp.*(2919*),07083-8218*,"Colonial,"
715000,4,2.1,8700.0,0.20*,1,2024.0,Union Twp.*(2919*),07088*,"MultiFlr,TwnEndUn"
695000,4,2.1,8700.0,0.20*,1,2024.0,Union Twp.*(2919*),07088*,"TwnEndUn,MultiFlr"
705000,4,3.0,6500.0,0.15*,1,1958.0,Union Twp.*(2919*),07083-6301*,"CapeCod,"
697000,4,2.0,13939.2,0.32*,1,1958.0,Union Twp.*(2919*),07083-7962*,"SplitLev,"
680000,4,3.0,6300.0,0.14*,1,1958.0,Union Twp.*(2919*),07083-7630*,"SplitLev,"
725000,3,2.1,5300.0,0.12*,1,1940.0,Union Twp.*(2919*),07083-8241*,"Colonial,"
670000,4,2.0,5500.0,0.13*,1,1933.0,Union Twp.*(2919*),07083*,"Colonial,"
760000,3,2.1,7252.35,0.17*,2,1950.0,Union Twp.*(2919*),07083-8704*,"SplitLev,"
699000,4,2.1,9010.2,0.21*,2,1920.0,Union Twp.*(2919*),07083-8328*,"Colonial,Custom"
740000,5,4.0,6250.0,0.14*,1,1937.0,Union Twp.*(2919*),07083-7511*,"Colonial,"
740000,3,2.0,6250.0,0.14*,2,1959.0,Union Twp.*(2919*),07083-6508*,"SplitLev,"
705000,4,2.1,5280.0,0.12*,2,1960.0,Union Twp.*(2919*),07083-9111*,"SplitLev,"
710000,3,2.1,5500.0,0.13*,2,1966.0,Union Twp.*(2919*),07083-5248*,"SplitLev,"
765000,4,2.0,6500.0,0.15*,1,1960.0,Union Twp.*(2919*),07083-6603*,"Bi-Level,"
745000,3,2.1,3510.0,0.08*,1,1914.0,Union Twp.*(2919*),07083-6227*,"Colonial,"
730000,4,2.1,5450.0,0.13*,1,1954.0,Union Twp.*(2919*),07083-7502*,"Colonial,"
751000,4,2.1,5500.0,0.13*,1,1940.0,Union Twp.*(2919*),07083-9106*,"Colonial,"
725000,5,2.1,6000.0,0.14*,1,1955.0,Union Twp.*(2919*),07083-9009*,"CapeCod,Custom"
755000,3,4.1,9302.4,0.21*,1,2006.0,Union Twp.*(2919*),07083-4962*,"Colonial,Custom"
760000,4,3.0,11842.6,0.27*,2,1949.0,Union Twp.*(2919*),07083-6923*,"CapeCod,"
720000,3,2.0,6000.0,0.14*,2,1960.0,Union Twp.*(2919*),07083-6642*,"SplitLev,"
729000,3,3.0,6195.0,0.14*,1,1940.0,Union Twp.*(2919*),07083-3718*,"Colonial,"
745000,4,3.0,8500.0,0.20*,2,1929.0,Union Twp.*(2919*),07083-4808*,"Colonial,"
825000,4,3.0,5000.0,0.11*,1,1950.0,Union Twp.*(2919*),07083-9224*,"CapeCod,Colonial"
745500,4,3.1,11475.0,0.26*,1,1941.0,Union Twp.*(2919*),07083-9141*,"Colonial,"
800000,3,3.0,5540.0,0.13*,1,9999.0,Union Twp.*(2919*),07083,"Colonial,"
735000,5,4.0,6200.0,0.14*,1,1950.0,Union Twp.*(2919*),07083-3902*,"Colonial,"
770000,4,2.1,7700.0,0.18*,2,1947.0,Union Twp.*(2919*),07083-7812*,"Colonial,"
790000,4,3.0,10956.86,0.25*,1,1949.0,Union Twp.*(2919*),07083-6354*,"Colonial,"
790000,3,3.1,6000.0,0.14*,1,1948.0,Union Twp.*(2919*),07083-5848*,"Colonial,"
820000,4,4.0,5120.0,0.12*,1,2025.0,Union Twp.*(2919*),07083-9044*,"Custom,CapeCod"
845000,5,4.0,5520.0,0.13*,0,1940.0,Union Twp.*(2919*),07083-4802*,"Colonial,"
815000,4,4.0,14458.5,0.33*,3,1997.0,Union Twp.*(2919*),07083-6254*,"Custom,"
830000,4,2.2,13500.0,0.31*,1,1941.0,Union Twp.*(2919*),07083-9141*,"Colonial,"
770000,4,4.0,6250.0,0.14*,2,9999.0,Union Twp.*(2919*),07083-6921*,"Colonial,"
840000,4,4.0,6120.0,0.14*,1,1948.0,Union Twp.*(2919*),07083-3931*,"Colonial,"
822000,5,5.0,6419.95,0.15*,1,1948.0,Union Twp.*(2919*),07083-8904*,"Detached,"
854000,4,3.2,6018.0,0.14*,1,2019.0,Union Twp.*(2919*),07083-8904*,"Colonial,"
880000,4,3.1,6396.0,0.15*,2,2007.0,Union Twp.*(2919*),07083-7616*,"Custom,"
820000,5,5.0,8557.0,0.00*,1,2024.0,Union Twp.*(2919*),07083-6930*,"Bi-Level,"
850000,4,3.0,7353.1,0.17*,1,9999.0,Union Twp.*(2919*),07083-7616*,"Custom,SplitLev"
825000,3,2.1,102366.0,2.35*,1,2021.0,Union Twp.*(2919*),07083-2528*,"TwnEndUn,MultiFlr"
875000,4,4.1,5000.0,0.11*,1,1958.0,Union Twp.*(2919*),07083-9201*,"Colonial,AFrame,CnvStrct"
925000,5,4.0,4000.0,0.09*,2,9999.0,Union Twp.*(2919*),07083-9230*,"Colonial,"
991000,5,5.0,7696.0,0.18*,1,9999.0,Union Twp.*(2919*),07083-7510*,"Colonial,"
995000,4,2.1,6500.0,0.16*,2,2024.0,Union Twp.*(2919*),07083-4933*,"Contemp,"
999900,5,5.0,6961.5,0.16*,1,1953.0,Union Twp.*(2919*),07083-6402*,"Contemp,"
998880,5,3.1,6378.57,0.15*,1,1950.0,Union Twp.*(2919*),07083-4962*,"Colonial,"
1025000,5,4.1,8927.8,0.20*,1,1950.0,Union Twp.*(2919*),07083-7819*,"Colonial,"
1040000,7,5.1,24000.0,1.00,1,1920.0,Union Twp.*(2919*),07083-7042*,"Colonial,"
1150000,3,2.1,20037.6,0.46,5,1953.0,Berkeley Heights Twp.(2901),07922-2355,"Custom,"
510000,2,2.1,0.0,0.00,1,1997.0,Berkeley Heights Twp.*(2901*),07922-2731*,"MultiFlr,TwnIntUn"
450000,2,2.0,0.0,0.00*,0,1994.0,Berkeley Heights Twp.*(2901*),07922-1279*,"TwnEndUn,MultiFlr"
485000,2,2.1,0.0,0.00,1,1995.0,Berkeley Heights Twp.*(2901*),07922-1531*,"TwnIntUn,MultiFlr"
450000,2,2.0,0.0,0.00,0,1994.0,Berkeley Heights Twp.*(2901*),07922-1276*,"TwnEndUn,MultiFlr"
512000,2,2.1,6098.4,0.14*,1,1987.0,Berkeley Heights Twp.*(2901*),07922-1300*,"TwnIntUn,MultiFlr"
469000,3,1.1,14810.4,0.34*,1,1940.0,Berkeley Heights Twp.*(2901*),07922-2701*,"Colonial,"
515000,3,2.1,435556440.0,9999.00,0,2007.0,Berkeley Heights Twp.*(2901*),07922-1063*,"MultiFlr,"
540000,2,1.0,24829.2,0.57,2,1937.0,Berkeley Heights Twp.*(2901*),07922-2354*,"Cottage,"
560000,3,2.1,0.0,0.00,1,1997.0,Berkeley Heights Twp.*(2901*),07922-2731*,"TwnIntUn,MultiFlr"
540000,3,2.1,0.0,0.00*,1,1996.0,Berkeley Heights Twp.*(2901*),07922-2471*,"TwnEndUn,MultiFlr"
580000,3,2.1,6098.4,0.14*,1,1989.0,Berkeley Heights Twp.*(2901*),07922-1364*,"TwnIntUn,MultiFlr"
510000,2,1.0,10890.0,0.25*,0,1924.0,Berkeley Heights Twp.*(2901*),07922-1350*,"Colonial,"
611000,2,2.1,0.0,0.00,1,1994.0,Berkeley Heights Twp.*(2901*),07922-1263*,"TwnEndUn,MultiFlr"
635000,3,2.1,6098.4,0.14*,1,1989.0,Berkeley Heights Twp.*(2901*),07922-1366*,"TwnIntUn,MultiFlr"
618000,3,2.1,0.0,0.00,1,1995.0,Berkeley Heights Twp.*(2901*),07922-1531*,"TwnEndUn,MultiFlr"
670000,3,1.0,14374.8,0.33,1,1953.0,Berkeley Heights Twp.*(2901*),07922*,"Ranch,"
715000,4,1.1,18295.2,0.42*,1,1957.0,Berkeley Heights Twp.*(2901*),07922-2606*,"Colonial,"
630000,4,2.0,16117.2,0.37*,0,1957.0,Berkeley Heights Twp.*(2901*),07922-1266*,"CapeCod,"
646000,4,2.0,17859.6,0.41*,1,1959.0,Berkeley Heights Twp.*(2901*),07922-1804*,"Ranch,"
658000,2,2.1,8712.0,0.20*,1,1990.0,Berkeley Heights Twp.*(2901*),07922-1326*,"TwnEndUn,MultiFlr"
755000,3,2.1,5662.8,0.13*,1,2017.0,Berkeley Heights Twp.*(2901*),07922-1551*,"TwnEndUn,MultiFlr"
727500,4,1.1,32234.4,0.74*,2,1933.0,Berkeley Heights Twp.*(2901*),07922-2453*,"CapeCod,"
726000,3,2.0,11761.2,0.27*,1,1953.0,Berkeley Heights Twp.*(2901*),07922-1468*,"Ranch,"
737500,3,1.1,10018.8,0.23*,2,1930.0,Berkeley Heights Twp.*(2901*),07922-1705*,"Colonial,"
680000,3,2.1,8712.0,0.20*,2,1990.0,Berkeley Heights Twp.*(2901*),07922-1308*,"TwnEndUn,MultiFlr"
782800,3,2.0,7405.2,0.17*,1,1986.0,Berkeley Heights Twp.*(2901*),07922-1125*,"CapeCod,"
775000,3,1.1,30056.4,0.69*,1,1967.0,Berkeley Heights Twp.*(2901*),07922-2405*,"SplitLev,"
775000,3,2.1,19166.4,0.44*,2,1955.0,Berkeley Heights Twp.*(2901*),07922-1733*,"Ranch,"
775000,3,2.1,16117.2,0.37*,2,1956.0,Berkeley Heights Twp.*(2901*),07922-2616*,"Ranch,"
790000,4,1.1,10018.8,0.23*,0,1964.0,Berkeley Heights Twp.*(2901*),07922-1445*,"Bi-Level,"
805000,3,1.1,13068.0,0.30*,1,1926.0,Berkeley Heights Twp.*(2901*),07922-1869*,"Colonial,"
810000,3,2.1,20037.6,0.46*,1,1956.0,Berkeley Heights Twp.*(2901*),07922-2407*,"CapeCod,"
810000,3,1.1,12632.4,0.29*,1,1953.0,Berkeley Heights Twp.*(2901*),07922-1467*,"Ranch,"
710000,3,2.0,13068.0,0.30*,2,1958.0,Berkeley Heights Twp.*(2901*),07922-1724*,"Ranch,"
752000,3,1.1,12196.8,0.28*,2,1953.0,Berkeley Heights Twp.*(2901*),07922-2327*,"Ranch,"
655000,3,2.0,27442.8,0.63*,2,1946.0,Berkeley Heights Twp.*(2901*),07922-1614*,"CapeCod,"
701000,3,2.0,20473.2,0.47*,1,1948.0,Berkeley Heights Twp.*(2901*),07922-1346*,"Ranch,"
825000,4,2.1,11325.6,0.26*,1,1959.0,Berkeley Heights Twp.*(2901*),07922*,"Custom,"
735000,3,2.1,13939.2,0.32*,2,1962.0,Berkeley Heights Twp.*(2901*),07974-2770*,"SplitLev,"
780000,4,3.0,12196.8,0.28*,2,1956.0,Berkeley Heights Twp.*(2901*),07922-2635*,"Custom,SplitLev"
825000,3,2.1,16988.4,0.39*,2,1960.0,Berkeley Heights Twp.*(2901*),07922-2520*,"SplitLev,"
760000,4,2.0,10454.4,0.24*,1,1938.0,Berkeley Heights Twp.*(2901*),07922-2101*,"CapeCod,"
750000,4,2.0,10018.8,0.23*,1,1953.0,Berkeley Heights Twp.*(2901*),07922-1432*,"CapeCod,"
808108,3,3.1,3049.2,0.07*,2,2013.0,Berkeley Heights Twp.*(2901*),07922-6001*,"TwnEndUn,MultiFlr"
765000,4,3.0,16117.2,0.37*,2,1954.0,Berkeley Heights Twp.*(2901*),07922-1939*,"Ranch,"
860000,4,2.0,9147.6,0.21*,0,1952.0,Berkeley Heights Twp.*(2901*),07922-1200*,"CapeCod,"
775000,4,1.2,30056.4,0.69*,2,1937.0,Berkeley Heights Twp.*(2901*),07922-2411*,"Colonial,"
780000,3,3.0,22215.6,0.51*,2,1972.0,Berkeley Heights Twp.*(2901*),07922-2324*,"SplitLev,"
878000,3,2.0,14810.4,0.34*,2,1965.0,Berkeley Heights Twp.*(2901*),07922-1612*,"RanchRas,"
890000,4,2.1,12196.8,0.28*,2,1965.0,Berkeley Heights Twp.*(2901*),07922-1535*,"Bi-Level,"
809000,3,2.1,7840.8,0.18*,1,1960.0,Berkeley Heights Twp.*(2901*),07922-1460*,"CapeCod,"
810000,3,2.1,13939.2,0.32*,2,1960.0,Berkeley Heights Twp.*(2901*),07922-1880*,"SplitLev,"
916000,3,2.1,13939.2,0.32*,1,1959.0,Berkeley Heights Twp.*(2901*),07922-2515*,"SplitLev,"
907000,4,3.0,9147.6,0.21*,1,1954.0,Berkeley Heights Twp.*(2901*),07922-1340*,"CapeCod,Custom"
917500,4,3.0,19166.4,0.44*,1,1963.0,Berkeley Heights Twp.*(2901*),07922-1927*,"Ranch,"
1051000,4,2.0,40946.4,0.94*,4,1935.0,Berkeley Heights Twp.*(2901*),07922-1303*,"Ranch,"
939000,4,2.0,11325.6,0.26*,1,1942.0,Berkeley Heights Twp.*(2901*),07922-1811*,"Colonial,"
770000,4,2.0,10018.8,0.23*,1,1969.0,Berkeley Heights Twp.*(2901*),07922-1024*,"Bi-Level,"
975000,4,3.0,20908.8,0.48*,2,1983.0,Berkeley Heights Twp.*(2901*),07922-2717*,"Bi-Level,"
875000,4,2.1,15681.6,0.36*,2,1951.0,Berkeley Heights Twp.*(2901*),07922-2614*,"SplitLev,"
800000,5,2.1,14810.4,0.34*,1,1962.0,Berkeley Heights Twp.*(2901*),07922-1841*,"Colonial,"
907500,4,2.1,31363.2,0.72*,2,1976.0,Berkeley Heights Twp.*(2901*),07922-2409*,"Colonial,"
925000,4,2.1,23522.4,0.54*,2,1963.0,Berkeley Heights Twp.*(2901*),07922-2417*,"SplitLev,"
930000,3,2.1,16117.2,0.37*,1,1957.0,Berkeley Heights Twp.*(2901*),07922-2503*,"SplitLev,"
865000,4,2.0,12196.8,0.28*,1,1959.0,Berkeley Heights Twp.*(2901*),07922-1873*,"Ranch,"
825000,4,2.1,12196.8,0.28*,1,1960.0,Berkeley Heights Twp.*(2901*),07922*,"SplitLev,Detached"
1051000,3,2.1,19602.0,0.45*,2,1953.0,Berkeley Heights Twp.*(2901*),07922-1325*,"CapeCod,"
800000,4,3.0,13939.2,0.32*,2,1955.0,Berkeley Heights Twp.*(2901*),07922-1756*,"Bi-Level,"
880000,4,2.1,13939.2,0.32*,2,1966.0,Berkeley Heights Twp.*(2901*),07922-1233*,"Bi-Level,"
950000,4,2.1,25700.4,0.59*,2,1980.0,Berkeley Heights Twp.*(2901*),07922-2300*,"SplitLev,Contemp,Custom"
1050000,3,2.1,10890.0,0.25*,2,1959.0,Berkeley Heights Twp.*(2901*),07922-1821*,"SplitLev,"
900013,3,2.0,14810.4,0.34*,1,1959.0,Berkeley Heights Twp.*(2901*),07922-1804*,"Ranch,"
962000,4,2.1,13939.2,0.32*,2,1961.0,Berkeley Heights Twp.*(2901*),07922-2514*,"SplitLev,"
895000,4,3.0,16988.4,0.39*,1,1954.0,Berkeley Heights Twp.*(2901*),07922-1836*,"Ranch,"
970088,4,2.1,20473.2,0.47*,2,1960.0,Berkeley Heights Twp.*(2901*),07922-2607*,"Bi-Level,"
837450,4,2.1,15681.6,0.36*,2,1961.0,Berkeley Heights Twp.*(2901*),07922-1244*,"Bi-Level,"
900000,4,2.1,18730.8,0.43*,1,1960.0,Berkeley Heights Twp.*(2901*),07922-2503*,"SplitLev,"
1050000,3,2.1,14810.4,0.34*,2,1959.0,Berkeley Heights Twp.*(2901*),07974-2711*,"SplitLev,"
866000,4,2.1,14810.4,0.34*,2,1960.0,Berkeley Heights Twp.*(2901*),07974-2743*,"SplitLev,"
950000,4,2.1,12196.8,0.28*,1,1962.0,Berkeley Heights Twp.*(2901*),07922-1883*,"SplitLev,"
920000,4,2.1,27442.8,0.63*,2,1961.0,Berkeley Heights Twp.*(2901*),07922-2417*,"SplitLev,"
962000,4,2.1,15246.0,0.35*,2,1967.0,Berkeley Heights Twp.*(2901*),07922,"Colonial,"
1025000,4,2.1,21780.0,0.50*,2,1954.0,Berkeley Heights Twp.*(2901*),07922-2605*,"SplitLev,"
1256000,4,3.0,17424.0,0.40*,2,1972.0,Berkeley Heights Twp.*(2901*),07922-1346*,"Bi-Level,"
1025000,3,2.1,22215.6,0.51*,2,1958.0,Berkeley Heights Twp.*(2901*),07974-2725*,"SplitLev,"
960000,6,3.1,35283.6,0.81*,2,1940.0,Berkeley Heights Twp.*(2901*),07922-2322*,"CapeCod,"
1060000,5,2.1,7405.2,0.17*,1,2001.0,Berkeley Heights Twp.*(2901*),07922-1025*,"Colonial,"
1100000,4,4.0,62726.4,1.44*,2,1967.0,Berkeley Heights Twp.*(2901*),07922-1134*,"Ranch,"
1030000,4,3.1,16552.8,0.38*,2,1959.0,Berkeley Heights Twp.*(2901*),07922-1732*,"SplitLev,"
1171000,4,2.1,13503.6,0.31*,2,1959.0,Berkeley Heights Twp.*(2901*),07922-2510*,"Colonial,SplitLev"
1022000,4,2.1,12196.8,0.28*,2,1961.0,Berkeley Heights Twp.*(2901*),07922-1800*,"Custom,SplitLev"
960000,4,3.0,12196.8,0.28*,2,1962.0,Berkeley Heights Twp.*(2901*),07922-1843*,"Bi-Level,"
1288000,4,3.0,20908.8,0.48*,2,1959.0,Berkeley Heights Twp.*(2901*),07922-1730*,"Custom,"
1025000,4,2.1,27007.2,0.62*,2,1965.0,Berkeley Heights Twp.*(2901*),07922-1747*,"Colonial,"
999000,4,3.0,10018.8,0.23*,2,1986.0,Berkeley Heights Twp.*(2901*),07922-1624*,"Bi-Level,"
860000,4,3.0,13503.6,0.31*,1,1958.0,Berkeley Heights Twp.*(2901*),07922-2536*,"Custom,"
990000,5,2.1,13503.6,0.31*,2,1972.0,Berkeley Heights Twp.*(2901*),07922-2110*,"Colonial,"
1200000,4,3.0,20037.6,0.46*,2,1967.0,Berkeley Heights Twp.*(2901*),07922,"Ranch,"
1150000,3,2.1,20037.6,0.46*,2,1960.0,Berkeley Heights Twp.*(2901*),07901-4179*,"Ranch,Custom"
1250000,5,2.1,14810.4,0.34*,2,1967.0,Berkeley Heights Twp.*(2901*),07922-1701*,"Colonial,"
985000,4,3.0,8276.4,0.19*,1,1955.0,Berkeley Heights Twp.*(2901*),07922-1302*,"Colonial,"
1175000,5,3.1,9583.2,0.22*,1,1952.0,Berkeley Heights Twp.*(2901*),07922-1200*,"Colonial,"
1301000,4,2.1,22215.6,0.51*,2,1972.0,Berkeley Heights Twp.*(2901*),07922-2014*,"Colonial,"
1125000,4,3.1,10890.0,0.25*,2,1959.0,Berkeley Heights Twp.*(2901*),07922-1926*,"Contemp,Colonial"
1375000,4,2.1,19602.0,0.45*,2,1972.0,Berkeley Heights Twp.*(2901*),07922-2046*,"Colonial,"
1150000,5,3.1,12196.8,0.28*,2,1992.0,Berkeley Heights Twp.*(2901*),07922-2141*,"Colonial,Custom"
1130000,6,3.0,19166.4,0.44*,2,2001.0,Berkeley Heights Twp.*(2901*),07922-2306*,"Colonial,"
1366000,4,3.1,19166.4,0.44*,2,2012.0,Berkeley Heights Twp.*(2901*),07922-1301*,"Colonial,"
1390000,4,2.2,10018.8,0.23*,2,1994.0,Berkeley Heights Twp.*(2901*),07922-1447*,"Colonial,"
1189000,5,2.1,21344.4,0.49*,2,1966.0,Berkeley Heights Twp.*(2901*),07922-2346*,"SplitLev,"
1400000,5,4.1,33541.2,0.77*,2,1966.0,Berkeley Heights Twp.*(2901*),07922-2331*,"Colonial,"
1200000,4,4.0,18730.8,0.43*,2,1959.0,Berkeley Heights Twp.*(2901*),07922-1912*,"SplitLev,"
1275000,5,3.1,13939.2,0.32*,2,1972.0,Berkeley Heights Twp.*(2901*),07922-2024*,"Custom,SplitLev"
1400000,5,3.0,19602.0,0.45*,2,1966.0,Berkeley Heights Twp.*(2901*),07922-2346*,"Colonial,"
1415000,4,3.1,10454.4,0.24*,2,1962.0,Berkeley Heights Twp.*(2901*),07922-1156*,"Custom,"
1381000,5,3.0,14810.4,0.34*,1,1959.0,Berkeley Heights Twp.*(2901*),07922-1514*,"Colonial,"
1450000,5,2.1,27007.2,0.62*,2,1992.0,Berkeley Heights Twp.*(2901*),07922-2135*,"Colonial,"
1355000,5,3.1,15681.6,0.36*,2,1986.0,Berkeley Heights Twp.*(2901*),07922-2129*,"Tudor,"
1583000,5,2.2,16988.4,0.39*,2,1970.0,Berkeley Heights Twp.*(2901*),07922-2050*,"Colonial,"
1470000,5,3.1,26136.0,0.60*,4,2000.0,Berkeley Heights Twp.*(2901*),07922-2150*,"Colonial,"
1550000,4,3.1,12196.8,0.28*,2,1959.0,Berkeley Heights Twp.*(2901*),07922-1873*,"Colonial,"
1750000,5,4.1,24393.6,0.56*,2,2015.0,Berkeley Heights Twp.*(2901*),07922-2006*,"Colonial,"
1550000,5,4.1,10018.8,0.23*,2,2017.0,Berkeley Heights Twp.*(2901*),07922-2038*,"Colonial,"
1600000,4,3.1,43560.0,1.00*,3,1942.0,Berkeley Heights Twp.*(2901*),07901-4109*,"Colonial,"
1799000,6,6.1,26136.0,0.60*,2,2018.0,Berkeley Heights Twp.*(2901*),07922-1920*,"Colonial,"
1810000,6,6.0,19602.0,0.45*,2,2003.0,Berkeley Heights Twp.*(2901*),07922-1955*,"Colonial,"
2200000,6,5.1,43124.4,0.99*,3,2024.0,Berkeley Heights Twp.*(2901*),07922-2437*,"Contemp,Colonial"
280000,1,1.0,871.2,0.02*,0,1960.0,Clark Twp.*(2902*),07066-3233*,"FirstFlr,OneFloor"
450000,3,1.0,8704.0,0.20*,0,1950.0,Clark Twp.*(2902*),07066-1632*,"CapeCod,"
470000,3,1.0,5568.0,0.13*,1,1952.0,Clark Twp.*(2902*),07066-1827*,"Ranch,"
450000,4,1.0,5700.0,0.13*,1,1953.0,Clark Twp.*(2902*),07066-2406*,"CapeCod,"
650000,4,2.0,5000.0,0.12*,1,1948.0,Clark Twp.*(2902*),07066-1310*,"CapeCod,"
440000,4,3.1,5375.0,0.12*,1,1940.0,Clark Twp.*(2902*),07066-2521*,"Colonial,"
460000,3,1.0,5768.0,0.13*,1,9999.0,Clark Twp.*(2902*),07066-1500*,"Colonial,"
475000,2,1.1,3700.0,0.09*,0,1935.0,Clark Twp.*(2902*),07066-2514*,"Ranch,"
460000,3,1.1,6350.0,0.15*,2,1942.0,Clark Twp.*(2902*),07066-1204*,"Bi-Level,FixrUppr"
517200,3,2.0,5000.0,0.12*,1,1953.0,Clark Twp.*(2902*),07066-3221*,"CapeCod,"
550000,3,2.0,7000.0,0.16*,1,1950.0,Clark Twp.*(2902*),07066-2603*,"Ranch,"
512500,3,1.1,8500.0,0.20*,1,1957.0,Clark Twp.*(2902*),07066-1826*,"SplitLev,"
455000,3,1.1,5250.0,0.12*,1,1942.0,Clark Twp.*(2902*),07066-1206*,"CapeCod,"
553000,3,1.1,6500.0,0.15*,1,1960.0,Clark Twp.*(2902*),07066-1806*,"SplitLev,"
510000,4,2.0,6000.0,0.14*,1,1949.0,Clark Twp.*(2902*),07066-2605*,"CapeCod,"
525000,4,2.0,5922.0,0.14*,0,1951.0,Clark Twp.*(2902*),07066-1404*,"CapeCod,"
510000,4,1.1,7500.0,0.17*,0,1954.0,Clark Twp.*(2902*),07066-3212*,"CapeCod,"
525000,4,1.0,7380.0,0.17*,1,1953.0,Clark Twp.*(2902*),07066-3216*,"CapeCod,"
565000,2,2.1,4250.0,0.10*,0,1931.0,Clark Twp.*(2902*),07066-1413*,"CapeCod,"
582000,4,2.0,5900.0,0.14*,1,1951.0,Clark Twp.*(2902*),07066-1623*,"CapeCod,"
620000,3,2.0,7524.0,0.17*,1,1963.0,Clark Twp.*(2902*),07065-2112*,"Ranch,"
570000,3,2.0,5000.0,0.12*,1,1950.0,Clark Twp.*(2902*),07066-1243*,"CapeCod,"
545000,4,1.0,6664.0,0.15*,1,1950.0,Clark Twp.*(2902*),07066-1719*,"CapeCod,"
540000,4,2.0,7760.0,0.18*,1,1957.0,Clark Twp.*(2902*),07066-1961*,"Custom,"
578500,3,2.0,5684.0,0.13*,0,1951.0,Clark Twp.*(2902*),07066-1827*,"Ranch,"
560000,3,1.1,7524.0,0.17*,1,9999.0,Clark Twp.*(2902*),07066-2112,"Ranch,"
525000,3,2.0,7110.0,0.16*,0,1942.0,Clark Twp.*(2902*),07066-1228*,"CapeCod,"
550000,3,2.0,5000.0,0.12*,2,1930.0,Clark Twp.*(2902*),07066-1133*,"Colonial,"
535000,3,2.0,4000.0,0.09*,0,9999.0,Clark Twp.*(2902*),07066-2522*,"Colonial,"
560000,4,2.1,5050.0,0.12*,1,1943.0,Clark Twp.*(2902*),07066-1237*,"CapeCod,Custom"
605000,4,2.0,7500.0,0.17*,0,1951.0,Clark Twp.*(2902*),07066-2516*,"CapeCod,"
592000,3,1.0,7500.0,0.17*,1,1960.0,Clark Twp.*(2902*),07066-1220*,"Ranch,"
560000,3,2.0,5000.0,0.12*,1,9999.0,Clark Twp.*(2902*),07066-1216*,"Ranch,"
600000,3,2.0,5400.0,0.12*,1,9999.0,Clark Twp.*(2902*),07066-1642*,"CapeCod,"
579000,4,1.0,5096.0,0.12*,1,9999.0,Clark Twp.*(2902*),07066-2626*,"CapeCod,"
629000,3,1.1,10500.0,0.24*,1,1965.0,Clark Twp.*(2902*),07066-2435*,"Ranch,"
620000,3,2.0,9940.0,0.23*,2,1957.0,Clark Twp.*(2902*),07066-2559*,"SplitLev,"
655000,4,2.1,15000.0,0.34*,2,1962.0,Clark Twp.*(2902*),07066-3017*,"FixrUppr,Bi-Level"
599000,3,2.0,9000.0,0.21*,1,9999.0,Clark Twp.*(2902*),07066-2632*,"Ranch,"
600000,4,2.0,6000.0,0.14*,1,9999.0,Clark Twp.*(2902*),07066-2606*,"CapeCod,"
620000,3,1.1,5000.0,0.12*,0,9999.0,Clark Twp.*(2902*),07066-1304*,"CapeCod,Custom"
630000,3,2.0,6750.0,0.15*,1,9999.0,Clark Twp.*(2902*),07066-1226*,"CapeCod,"
678000,4,2.0,10472.0,0.24*,1,9999.0,Clark Twp.*(2902*),07066-1646*,"RanchExp,"
645000,3,2.0,7500.0,0.17*,1,1951.0,Clark Twp.*(2902*),07066-3221*,"CapeCod,"
655000,3,2.0,10800.0,0.25*,1,1953.0,Clark Twp.*(2902*),07066-2315*,"CapeCod,"
650000,3,1.1,5310.0,0.12*,1,1960.0,Clark Twp.*(2902*),07066-1713*,"SplitLev,"
640000,2,2.0,12150.0,0.28*,2,1950.0,Clark Twp.*(2902*),07066-1609*,"RanchExp,"
630000,3,2.0,5900.0,0.14*,0,1954.0,Clark Twp.*(2902*),07066-1204*,"CapeCod,"
540000,4,2.1,15000.0,0.34*,0,1962.0,Clark Twp.*(2902*),07066-1710*,"Bi-Level,Custom,SeeRem"
625000,2,2.1,4791.6,0.11*,1,1989.0,Clark Twp.*(2902*),07066-2209*,"TwnIntUn,MultiFlr"
585000,5,3.1,30056.4,0.69*,2,1966.0,Clark Twp.*(2902*),07066-2721*,"Ranch,"
637000,4,2.0,6102.0,0.14*,1,1942.0,Clark Twp.*(2902*),07066-1212*,"CapeCod,SeeRem"
630000,4,2.0,9400.0,0.22*,2,1953.0,Clark Twp.*(2902*),07066-1518*,"CapeCod,"
625000,3,1.1,6600.0,0.15*,1,1959.0,Clark Twp.*(2902*),07066*,"SplitLev,"
615000,4,2.0,14550.0,0.33*,1,1957.0,Clark Twp.*(2902*),07066-2809*,"Ranch,"
690000,4,2.1,15750.0,0.36*,1,1966.0,Clark Twp.*(2902*),07066-2012*,"SplitLev,"
630000,4,1.1,8064.0,0.18*,1,1956.0,Clark Twp.*(2902*),07066-1637*,"CapeCod,"
645000,3,2.1,10000.0,0.23*,2,1920.0,Clark Twp.*(2902*),07066-1427*,"Colonial,"
634000,2,2.1,4791.6,0.11*,1,1989.0,Clark Twp.*(2902*),07066-2209*,"TwnIntUn,MultiFlr"
699000,3,2.1,5768.0,0.13*,0,1923.0,Clark Twp.*(2902*),07066-1500*,"Colonial,"
605000,3,2.1,15000.0,0.34*,1,1963.0,Clark Twp.*(2902*),07066-3010*,"SplitLev,"
647500,4,2.0,8965.0,0.21*,0,9999.0,Clark Twp.*(2902*),07066-1753*,"CapeCod,"
660000,3,2.0,5227.2,0.12*,2,1950.0,Clark Twp.*(2902*),07066-1837*,"Colonial,Custom"
735000,4,2.0,10125.0,0.23*,1,1963.0,Clark Twp.*(2902*),07066-2410*,"SplitLev,"
610000,3,2.0,10000.0,0.23*,1,9999.0,Clark Twp.*(2902*),07066-2627*,"Ranch,"
685000,4,2.1,5000.0,0.12*,1,1950.0,Clark Twp.*(2902*),07066-1211*,"Contemp,Detached"
689000,4,2.0,5000.0,0.12*,0,1950.0,Clark Twp.*(2902*),07066-1401*,"CapeCod,Custom"
750000,4,2.1,15000.0,0.34*,2,1963.0,Clark Twp.*(2902*),07066-3023*,"SplitLev,"
675000,2,2.1,47216.0,1.08*,2,1996.0,Clark Twp.*(2902*),07066-2240*,"TwnEndUn,MultiFlr"
650000,4,2.1,10000.0,0.23*,2,1975.0,Clark Twp.*(2902*),07066-1415*,"Bi-Level,MultiFlr"
725000,4,2.0,7600.0,0.17*,1,1963.0,Clark Twp.*(2902*),07066-2626*,"SplitLev,"
699000,4,2.0,5100.0,0.12*,1,9999.0,Clark Twp.*(2902*),07066-1833*,"SplitLev,"
690000,4,2.0,6700.0,0.15*,1,1954.0,Clark Twp.*(2902*),07066-1831*,"SplitLev,"
760000,3,1.1,9000.0,0.21*,1,1959.0,Clark Twp.*(2902*),07066-1721*,"SplitLev,"
740000,4,2.1,13000.0,0.30*,2,9999.0,Clark Twp.*(2902*),07066-1468*,"Colonial,"
655000,4,3.0,14976.0,0.34*,1,9999.0,Clark Twp.*(2902*),07066-2232*,"Bi-Level,SeeRem"
700000,3,1.1,16340.0,0.38*,2,1953.0,Clark Twp.*(2902*),07066-2211*,"RanchExp,"
670000,3,2.1,16500.0,0.38*,2,1962.0,Clark Twp.*(2902*),07066-3021*,"SplitLev,"
775000,3,2.0,20000.0,0.46*,2,1965.0,Clark Twp.*(2902*),07066-1427*,"Ranch,"
775000,3,2.0,10625.0,0.24*,1,1960.0,Clark Twp.*(2902*),07066-3129*,"RanchExp,Ranch"
690000,3,2.0,8968.0,0.21*,1,1960.0,Clark Twp.*(2902*),07066-1912*,"SplitLev,"
771000,3,1.1,5310.0,0.12*,1,1954.0,Clark Twp.*(2902*),07066-1714*,"SplitLev,"
640000,4,2.1,15260.0,0.35*,1,1963.0,Clark Twp.*(2902*),07066-3016*,"Bi-Level,"
750000,4,3.1,7800.0,0.18*,1,1942.0,Clark Twp.*(2902*),07066-1223*,"Colonial,"
700000,3,2.2,12810.0,0.29*,2,1956.0,Clark Twp.*(2902*),07066-2927*,"Ranch,"
725000,4,3.0,17575.0,0.40*,2,9999.0,Clark Twp.*(2902*),07066-2720*,"SplitLev,"
760000,5,2.1,15600.0,0.36*,1,1962.0,Clark Twp.*(2902*),07066-2116*,"SplitLev,Custom"
760000,4,2.1,7140.0,0.16*,0,1960.0,Clark Twp.*(2902*),07066-2325*,"Colonial,"
800000,3,3.0,15675.0,0.36*,1,1955.0,Clark Twp.*(2902*),07066-2210*,"SplitLev,Custom"
800000,3,3.0,8500.0,0.20*,1,1957.0,Clark Twp.*(2902*),07066-1826*,"SplitLev,"
815000,3,2.1,14550.0,0.33*,1,1964.0,Clark Twp.*(2902*),07066-2809*,"Ranch,"
795000,3,2.1,7260.0,0.17*,0,1951.0,Clark Twp.*(2902*),07066-1610*,"Ranch,"
830000,4,3.0,7950.0,0.18*,1,1959.0,Clark Twp.*(2902*),07066,"SplitLev,"
799000,5,2.1,5000.0,0.12*,1,1953.0,Clark Twp.*(2902*),07066-2444*,"SplitLev,Custom"
780000,5,4.1,6500.0,0.15*,2,1975.0,Clark Twp.*(2902*),07066-1804*,"Colonial,"
860000,3,2.1,10120.0,0.23*,1,9999.0,Clark Twp.*(2902*),07066-1808*,"SplitLev,"
825000,4,2.0,14900.0,0.34*,2,1950.0,Clark Twp.*(2902*),07066-2902*,"SplitLev,"
817500,3,1.1,14700.0,0.34*,1,1955.0,Clark Twp.*(2902*),07066-2212*,"SplitLev,"
849000,4,2.1,15130.0,0.35*,2,1952.0,Clark Twp.*(2902*),07066-2106*,"CapeCod,"
900000,4,3.1,6000.0,0.14*,2,1945.0,Clark Twp.*(2902*),07066*,"Colonial,"
915000,4,2.1,15000.0,0.34*,2,1963.0,Clark Twp.*(2902*),07066-2734*,"Bi-Level,"
903000,4,2.1,15000.0,0.34*,1,1963.0,Clark Twp.*(2902*),07066-3022*,"SplitLev,"
960000,4,3.0,6000.0,0.14*,2,2011.0,Clark Twp.*(2902*),07066-2539*,"Bi-Level,"
950000,5,2.1,17250.0,0.40*,2,2001.0,Clark Twp.*(2902*),07066-1707*,"Colonial,"
935000,4,2.1,13572.0,0.35*,2,1987.0,Clark Twp.*(2902*),07066-2820*,"Colonial,"
959000,4,2.1,18360.0,0.42*,2,1966.0,Clark Twp.*(2902*),07066-2834*,"Colonial,"
882000,4,2.1,15645.0,0.36*,1,1965.0,Clark Twp.*(2902*),07066*,"SplitLev,"
900000,4,3.1,7500.0,0.17*,2,1960.0,Clark Twp.*(2902*),07066-2539*,"Colonial,"
910000,5,3.0,16560.0,0.38*,1,1957.0,Clark Twp.*(2902*),07066-2850*,"SplitLev,Custom"
920000,5,4.0,6200.0,0.14*,1,9999.0,Clark Twp.*(2902*),07066-2653*,"Colonial,"
930000,4,2.1,23730.0,0.55*,1,1961.0,Clark Twp.*(2902*),07066-2903*,"SplitLev,"
980000,4,2.1,20400.0,0.47*,2,9999.0,Clark Twp.*(2902*),07066-2757*,"Custom,"
999000,4,3.0,9944.0,0.21*,1,1961.0,Clark Twp.*(2902*),07066-1130*,"SplitLev,"
999000,4,3.1,15390.0,0.35*,2,1968.0,Clark Twp.*(2902*),07066-2032*,"Colonial,"
1018000,4,3.1,10920.0,0.25*,1,2016.0,Clark Twp.*(2902*),07066-1610*,"Colonial,"
950000,5,3.0,11900.0,0.27*,2,1968.0,Clark Twp.*(2902*),07066-2627*,"SeeRem,Custom"
965000,5,3.1,6050.0,0.14*,1,1953.0,Clark Twp.*(2902*),07066-3216*,"Contemp,Custom"
1200000,4,3.1,21780.0,0.50*,2,1999.0,Clark Twp.*(2902*),07066-3129*,"Colonial,"
1100000,5,3.1,10147.0,0.23*,2,2008.0,Clark Twp.*(2902*),07066-2310*,"Custom,"
1230000,5,4.0,7000.0,0.16*,2,1956.0,Clark Twp.*(2902*),07066-1930*,"Colonial,Contemp"
1200000,5,3.1,10560.0,0.24*,2,1950.0,Clark Twp.*(2902*),07066-1226*,"Colonial,"
999500,6,4.0,18300.0,0.42*,2,1997.0,Clark Twp.*(2902*),07066-2935*,"Colonial,"
1275000,5,4.2,12636.0,0.29*,2,1953.0,Clark Twp.*(2902*),07066-2815*,"Colonial,Custom"
1325000,4,3.2,12000.0,0.28*,1,2013.0,Clark Twp.*(2902*),07066-2012*,"Colonial,"
1250000,5,4.0,22651.2,0.52*,2,2001.0,Clark Twp.*(2902*),07066-2700*,"Colonial,"
1335000,5,3.0,16500.0,0.38*,3,1967.0,Clark Twp.*(2902*),07066-2038*,"Custom,SplitLev"
1350000,4,3.1,18730.8,0.43*,2,2007.0,Clark Twp.*(2902*),07066-2244*,"Colonial,Custom"
1555000,5,5.0,14500.0,0.33*,2,9999.0,Clark Twp.*(2902*),07066-2224*,"Colonial,"
1622000,4,2.2,22200.0,0.51*,3,2014.0,Clark Twp.*(2902*),07066-2034*,"Custom,"
1600000,4,4.1,20240.0,0.47*,2,2008.0,Clark Twp.*(2902*),07066-2946*,"Colonial,"
1725000,5,4.1,18445.0,0.42*,2,2020.0,Clark Twp.*(2902*),07066-2819*,"Colonial,Custom"
1728000,6,5.0,19000.0,0.49,2,2025.0,Fanwood Boro(2905),07023-1265,"Colonial,"
415000,2,1.0,2675.93,0.06*,0,1945.0,Fanwood Boro*(2905*),07023-1222*,"HalfDupl,MultiFlr,TwnIntUn"
410000,2,1.0,2606.2,0.06*,0,1940.0,Fanwood Boro*(2905*),07023-1222*,"TwnIntUn,MultiFlr"
568108,3,1.1,5700.0,0.13*,1,1960.0,Fanwood Boro*(2905*),07023-1117*,"Ranch,"
550000,4,2.0,7134.0,0.16*,1,1950.0,Fanwood Boro*(2905*),07023-1719*,"CapeCod,"
523000,2,1.1,6500.0,0.16,1,1950.0,Fanwood Boro*(2905*),07023-1550*,"Ranch,"
560000,3,1.1,8250.0,0.19*,0,1920.0,Fanwood Boro*(2905*),07023-1154*,"Colonial,"
550000,4,2.0,6050.0,0.14*,0,1950.0,Fanwood Boro*(2905*),07023-1507*,"CapeCod,"
590000,3,2.0,7700.0,0.18*,1,1960.0,Fanwood Boro*(2905*),07023-1502*,"Colonial,"
635000,3,2.1,9108.0,0.21*,0,1950.0,Fanwood Boro*(2905*),07023-1009*,"CapeCod,"
686000,4,2.0,6050.0,0.14*,0,1947.0,Fanwood Boro*(2905*),07023-1502*,"CapeCod,"
605000,3,2.0,7260.0,0.00*,1,1955.0,Fanwood Boro*(2905*),07023-1474*,"SplitLev,"
650000,4,3.0,9387.0,0.21*,1,9999.0,Fanwood Boro*(2905*),07023-1522*,"CapeCod,"
760000,3,2.1,6550.0,0.15*,0,1939.0,Fanwood Boro*(2905*),07023-1241*,"Colonial,SeeRem"
730000,3,2.0,6700.0,0.15*,1,1955.0,Fanwood Boro*(2905*),07023-1480*,"Custom,CapeCod"
670000,4,2.0,12160.0,0.28*,2,1962.0,Fanwood Boro*(2905*),07023-1323*,"Bi-Level,"
700000,5,2.2,6820.0,0.16*,2,1920.0,Fanwood Boro*(2905*),07023-1753*,"Colonial,"
801000,3,1.1,12800.0,0.29*,2,1960.0,Fanwood Boro*(2905*),07023-1453*,"Bi-Level,"
851000,4,2.0,5000.0,0.12*,1,1945.0,Fanwood Boro*(2905*),07023-1605*,"Colonial,"
685000,3,2.1,9000.0,0.21*,1,1989.0,Fanwood Boro*(2905*),07023-1010*,"Colonial,"
750000,3,2.0,6500.0,0.15*,1,1954.0,Fanwood Boro*(2905*),07023-1419*,"SplitLev,"
796161,3,2.0,5000.0,0.12*,0,1950.0,Fanwood Boro*(2905*),07023-1601*,"Colonial,"
710000,3,2.0,7950.0,0.19,2,1969.0,Fanwood Boro*(2905*),07023-1627*,"Ranch,"
710000,4,2.0,6000.0,0.14*,1,9999.0,Fanwood Boro*(2905*),07023-1613*,"CapeCod,"
901000,5,2.1,19600.0,0.42*,2,9999.0,Fanwood Boro*(2905*),07023-1267*,"Colonial,"
801000,5,2.0,9394.0,0.22,0,1952.0,Fanwood Boro*(2905*),07023-1733*,"CapeCod,"
800000,4,2.0,9009.0,0.21*,2,1959.0,Fanwood Boro*(2905*),07023-1150*,"Bi-Level,"
735000,3,2.1,5000.0,0.12*,0,1985.0,Fanwood Boro*(2905*),07023-1217*,"Colonial,"
886000,5,3.0,5500.0,0.13*,1,1939.0,Fanwood Boro*(2905*),07023-1503*,"Colonial,"
743700,3,2.0,8160.0,0.19*,1,1948.0,Fanwood Boro*(2905*),07023-1314*,"Colonial,"
760000,4,1.1,5350.0,0.12*,1,1930.0,Fanwood Boro*(2905*),07023-1315*,"Colonial,"
768000,3,2.0,10000.0,0.23*,1,1948.0,Fanwood Boro*(2905*),07023-1662*,"CapeCod,"
770000,3,2.0,8240.0,0.19*,1,1960.0,Fanwood Boro*(2905*),07023-1612*,"SplitLev,"
880415,4,2.0,13080.0,0.18,0,1953.0,Fanwood Boro*(2905*),07023-1706*,"CapeCod,Custom"
835000,3,1.1,7700.0,0.18*,1,1958.0,Fanwood Boro*(2905*),07023-1746*,"SplitLev,"
907000,3,2.0,12285.0,0.28*,1,1940.0,Fanwood Boro*(2905*),07023-1340*,"Colonial,"
779000,3,2.0,6552.0,0.15*,1,1955.0,Fanwood Boro*(2905*),07023-1719*,"CapeCod,"
735000,3,2.0,8515.0,0.20*,1,1954.0,Fanwood Boro*(2905*),07023-1416*,"SplitLev,"
875000,4,2.1,8120.0,0.22,1,1960.0,Fanwood Boro*(2905*),07023-1702*,"SplitLev,"
826000,4,2.0,6534.0,0.15*,1,1955.0,Fanwood Boro*(2905*),07023-1502*,"CapeCod,"
750000,3,2.1,8160.0,0.19*,1,1975.0,Fanwood Boro*(2905*),07023-1158*,"SplitLev,"
851000,4,2.0,6695.0,0.15*,0,1950.0,Fanwood Boro*(2905*),07023-1745*,"CapeCod,"
875000,4,2.0,5000.0,0.12*,0,1960.0,Fanwood Boro*(2905*),07023-1127*,"CapeCod,"
861000,4,2.0,8610.0,0.18,1,1950.0,Fanwood Boro*(2905*),07023-1500*,"CapeCod,"
805000,4,2.1,10000.0,0.23*,2,1930.0,Fanwood Boro*(2905*),07023-1608*,"Tudor,"
920000,3,3.0,9522.0,0.22*,1,1960.0,Fanwood Boro*(2905*),07023-1113*,"SplitLev,"
980000,3,2.1,17859.6,0.41*,0,1925.0,Fanwood Boro*(2905*),07023-1306*,"Colonial,"
835000,4,3.0,11232.0,0.26*,2,1960.0,Fanwood Boro*(2905*),07023-1002*,"RanchExp,"
820000,5,4.0,5500.0,0.13*,1,1959.0,Fanwood Boro*(2905*),07023-1548*,"Colonial,"
999000,4,2.1,7500.0,0.17*,1,1960.0,Fanwood Boro*(2905*),07023-1210*,"SplitLev,"
858000,4,2.0,9440.0,0.22*,1,1955.0,Fanwood Boro*(2905*),07023-1407*,"Colonial,"
951000,4,3.0,10530.0,0.24*,1,1932.0,Fanwood Boro*(2905*),07023-1040*,"Colonial,"
1000000,3,2.1,11520.0,0.26*,1,1947.0,Fanwood Boro*(2905*),07023-1343*,"Colonial,"
1025000,4,2.1,17000.0,0.39*,2,1960.0,Fanwood Boro*(2905*),07023-1411*,"SplitLev,"
999000,5,4.1,6380.0,0.15*,1,9999.0,Fanwood Boro*(2905*),07023-1506*,"Colonial,"
985000,4,2.2,5450.0,0.12*,1,1935.0,Fanwood Boro*(2905*),07023-1506*,"Colonial,"
999999,5,3.0,10126.0,0.23*,1,1960.0,Fanwood Boro*(2905*),07023-1113*,"SplitLev,"
1050000,4,2.1,15000.0,0.34*,2,1972.0,Fanwood Boro*(2905*),07023-1305*,"Colonial,"
1240000,3,2.2,17974.0,0.41*,2,9999.0,Fanwood Boro*(2905*),07023-1308*,"Custom,"
1451500,5,5.1,7875.0,0.18*,1,2024.0,Fanwood Boro*(2905*),07023-1706*,"Colonial,"
1475000,5,5.0,8722.0,0.20*,2,1960.0,Fanwood Boro*(2905*),07023-1126*,"Colonial,"
1520000,5,4.1,12045.0,0.28*,2,2021.0,Fanwood Boro*(2905*),07023-1384*,"Colonial,"
1380000,5,4.2,15288.0,0.35*,2,2025.0,Fanwood Boro*(2905*),07023-1207*,"Colonial,"
1537500,5,5.1,7000.0,0.16*,1,2025.0,Fanwood Boro*(2905*),07023-1109*,"Custom,"
1615000,5,5.1,18602.0,0.43*,2,2015.0,Fanwood Boro*(2905*),07023-1410*,"Colonial,"
462000,2,1.1,3049.2,0.07*,0,1956.0,Garwood Boro*(2906*),07027-1129*,"Ranch,CapeCod"
545500,3,1.0,5000.0,0.12*,0,1947.0,Garwood Boro*(2906*),07027-1221*,"CapeCod,"
565000,5,2.0,3700.0,0.09*,1,1925.0,Garwood Boro*(2906*),07027-1122*,"Colonial,MultiFlr"
780000,4,2.0,16500.0,0.38*,1,1909.0,Garwood Boro*(2906*),07027-1124*,"Colonial,"
600000,4,2.0,5000.0,0.12*,2,1948.0,Garwood Boro*(2906*),07027*,"Detached,"
575000,4,2.0,4200.0,0.10*,2,1899.0,Garwood Boro*(2906*),07027-1126*,"Colonial,"
680000,3,1.1,6000.0,0.14*,1,1960.0,Garwood Boro*(2906*),07027-1313*,"SplitLev,"
701000,4,2.0,5000.0,0.12*,1,1949.0,Garwood Boro*(2906*),07027-1215*,"Colonial,"
835028,3,2.0,11250.0,0.00,1,1918.0,Garwood Boro*(2906*),07027-1124*,"Colonial,"
700000,3,2.0,4000.0,0.09*,0,1960.0,Garwood Boro*(2906*),07027-1217*,"CapeCod,"
625000,4,2.0,4000.0,0.09*,0,1957.0,Garwood Boro*(2906*),07027-1345*,"Colonial,"
720000,5,2.1,6250.0,0.14*,2,9999.0,Garwood Boro*(2906*),07027-1322*,"Colonial,Victrian"
685000,4,2.0,6250.0,0.14*,0,1942.0,Garwood Boro*(2906*),07027-1221*,"CapeCod,"
665000,4,2.1,4000.0,0.09*,1,2004.0,Garwood Boro*(2906*),07027-1326*,"Colonial,"
788000,3,2.1,4000.0,0.09*,1,1910.0,Garwood Boro*(2906*),07027-1418*,"Contemp,"
800000,4,1.1,7500.0,0.17*,0,1906.0,Garwood Boro*(2906*),07027-1023*,"Detached,Colonial,Custom"
828500,2,3.1,83635.2,1.92*,2,2007.0,Garwood Boro*(2906*),07027*,"TwnIntUn,MultiFlr"
830000,4,2.1,6000.0,0.14*,1,1952.0,Garwood Boro*(2906*),07027-1437*,"CapeCod,"
829500,2,3.1,83635.2,1.92*,2,2006.0,Garwood Boro*(2906*),07027-1700*,"TwnEndUn,MultiFlr"
999999,2,2.2,83635.2,1.92*,2,2007.0,Garwood Boro*(2906*),07027-1703*,"MultiFlr,TwnIntUn"
938000,4,2.2,4000.0,0.09*,1,1960.0,Garwood Boro*(2906*),07027-1218*,"Bi-Level,"
969000,2,3.1,0.0,0.00*,2,2024.0,Garwood Boro*(2906*),07027-1009*,"TwnIntUn,MultiFlr"
1050000,2,3.1,0.0,0.00*,2,2024.0,Garwood Boro*(2906*),07027-1009*,"TwnIntUn,MultiFlr"
120000,1,1.0,435.6,0.01*,0,1998.0,Linden City*(2909*),07036-4218*,"FirstFlr,OneFloor"
236000,1,1.0,871.2,0.02*,0,1998.0,Linden City*(2909*),07036-4218*,"OneFloor,"
205000,1,1.0,871.2,0.02*,0,1982.0,Linden City*(2909*),07036-4331*,"OneFloor,"
225000,1,1.0,435.6,0.01*,0,1998.0,Linden City*(2909*),07036-3015*,"OneFloor,FirstFlr"
222000,1,1.0,871.2,0.02*,0,1998.0,Linden City*(2909*),07036-4331*,"OneFloor,"
215000,1,1.0,871.2,0.02*,0,1971.0,Linden City*(2909*),07036-4330*,"MultiFlr,"
231000,1,1.0,871.2,0.02*,0,1998.0,Linden City*(2909*),07036-5200*,"OneFloor,HighRise,SeeRem"
234555,1,1.0,435.6,0.01*,0,1976.0,Linden City*(2909*),07036-3010*,"OneFloor,"
246000,1,1.0,871.2,0.02*,0,1998.0,Linden City*(2909*),07036-5200*,"OneFloor,TwnIntUn"
235000,1,1.0,871.2,0.02*,0,1998.0,Linden City*(2909*),07036-5200*,"OneFloor,"
240000,1,1.0,871.2,0.02*,0,1998.0,Linden City*(2909*),07036-5200*,"OneFloor,"
240000,1,1.0,871.2,0.02*,0,1998.0,Linden City*(2909*),07036-5200*,"OneFloor,"
275000,2,1.0,871.2,0.02*,0,1998.0,Linden City*(2909*),07036-4331*,"OneFloor,FirstFlr"
285000,2,1.0,0.0,0.00*,0,1998.0,Linden City*(2909*),07036-2838*,"OneFloor,"
285000,2,1.0,871.2,0.02*,0,1981.0,Linden City*(2909*),07036-3015*,"OneFloor,"
300000,2,1.0,1408.0,0.00*,0,9999.0,Linden City*(2909*),07036-4630*,"TwnIntUn,"
347000,2,1.0,1642.88,0.04*,0,1948.0,Linden City*(2909*),07036-1452*,"HalfDupl,"
310000,1,1.0,871.2,0.02*,0,1986.0,Linden City*(2909*),07036*,"OneFloor,"
335000,2,2.0,2500.0,0.10*,1,9999.0,Linden City*(2909*),07036-2155*,"HalfDupl,"
330000,1,1.1,0.0,0.00,0,2013.0,Linden City*(2909*),07036-3159*,"OneFloor,"
325000,2,2.0,1306.8,0.03*,0,1986.0,Linden City*(2909*),07036*,"OneFloor,"
332500,2,1.0,1408.0,0.03*,0,1925.0,Linden City*(2909*),07036-4629*,"HalfDupl,"
350000,2,1.0,3000.0,0.10*,0,1940.0,Linden City*(2909*),07036-2523*,"CapeCod,"
390000,2,2.0,2250.0,0.10*,0,1952.0,Linden City*(2909*),07036-2136*,"SeeRem,HalfDupl"
427500,4,1.0,6000.0,0.10*,1,1952.0,Linden City*(2909*),07036-2304*,"CapeCod,"
415000,2,1.0,2400.0,0.10*,0,1923.0,Linden City*(2909*),07036-2547*,"SeeRem,"
395000,3,1.1,2700.0,0.10*,0,1955.0,Linden City*(2909*),07036-2102*,"HalfDupl,"
375000,3,1.0,4642.8,0.10*,1,1918.0,Linden City*(2909*),07036-4342*,"Colonial,"
415000,3,2.1,1750.0,0.04*,1,1988.0,Linden City*(2909*),07036-2514*,"MultiFlr,TwnIntUn"
415000,3,3.0,4000.0,0.10*,1,1953.0,Linden City*(2909*),07036-4237*,"CapeCod,"
510000,3,1.0,4000.0,0.10*,1,1957.0,Linden City*(2909*),07036-2643*,"SplitLev,"
400000,4,2.0,5000.0,0.10*,0,9999.0,Linden City*(2909*),07036-2502*,"CapeCod,"
415000,2,2.0,0.0,0.00,0,2015.0,Linden City*(2909*),07036-3166*,"MultiFlr,"
450000,3,2.0,3500.0,0.08,1,1987.0,Linden City*(2909*),07036-1234*,"RanchRas,"
445000,2,1.0,3500.0,0.10*,1,1922.0,Linden City*(2909*),07036-5707*,"Ranch,"
415000,2,2.0,0.0,0.00,0,2015.0,Linden City*(2909*),07036-3166*,"OneFloor,"
457000,2,1.0,5000.0,0.10*,1,1958.0,Linden City*(2909*),07036-2537*,"CapeCod,"
530000,3,1.0,7800.0,0.20*,2,1928.0,Linden City*(2909*),07036*,"Colonial,"
403000,2,1.1,3900.0,0.10*,0,1926.0,Linden City*(2909*),07036-4107*,"Colonial,"
490000,3,1.0,6000.0,0.10*,0,1928.0,Linden City*(2909*),07036-2716*,"Colonial,"
450000,3,1.0,4993.0,0.10*,0,1965.0,Linden City*(2909*),07036-6410*,"Ranch,"
445000,3,1.0,3750.0,0.10*,0,1928.0,Linden City*(2909*),07036-4628*,"Colonial,"
550000,3,1.1,7000.0,0.20*,1,1951.0,Linden City*(2909*),07036-4817*,"CapeCod,"
468000,2,2.0,5250.0,0.10*,1,1952.0,Linden City*(2909*),07036-1409*,"Ranch,"
425000,2,1.1,2700.0,0.10*,0,1938.0,Linden City*(2909*),07036-5832*,"Duplex,Custom"
410000,2,1.0,4000.0,0.10*,1,1933.0,Linden City*(2909*),07036-4011*,"Colonial,"
480000,2,1.0,4356.0,0.10*,1,1918.0,Linden City*(2909*),07036-3521*,"Ranch,"
459000,3,2.0,5600.0,0.10*,2,1950.0,Linden City*(2909*),07036-1242*,"Colonial,"
450000,3,1.0,5000.0,0.10*,1,1958.0,Linden City*(2909*),07036-4518*,"Custom,SplitLev"
450000,3,2.0,4929.5,0.10*,1,1949.0,Linden City*(2909*),07036-4830*,"CapeCod,"
465000,3,2.0,4200.0,0.10*,2,1922.0,Linden City*(2909*),07036-1241*,"Colonial,"
475000,2,1.0,4305.0,0.10*,1,1954.0,Linden City*(2909*),07036-1309*,"Ranch,"
465000,3,1.0,5000.0,0.10*,1,1950.0,Linden City*(2909*),07036-1760*,"CapeCod,"
595000,3,1.0,7000.0,0.20*,1,1959.0,Linden City*(2909*),07036-5812*,"Ranch,"
530000,5,3.0,4812.96,0.10*,1,1933.0,Linden City*(2909*),07036-4830*,"Colonial,"
485000,3,2.1,3625.0,0.10*,0,1928.0,Linden City*(2909*),07036-4628*,"Colonial,"
470000,4,1.0,4200.0,0.10*,1,1930.0,Linden City*(2909*),07036-3114*,"CapeCod,"
525000,4,2.0,5000.0,0.10*,0,1953.0,Linden City*(2909*),07036-2222*,"CapeCod,"
500000,4,2.1,4567.5,0.10*,1,1958.0,Linden City*(2909*),07036-2305*,"CapeCod,"
480000,3,1.2,2500.0,0.10*,1,9999.0,Linden City*(2909*),07036-4413*,"Colonial,"
450000,3,1.0,4986.1,0.10*,1,1957.0,Linden City*(2909*),07036-1015*,"CapeCod,"
485100,3,2.0,3250.0,0.10*,1,1927.0,Linden City*(2909*),07036-3506*,"Ranch,"
462500,3,2.1,5000.0,0.10*,1,1955.0,Linden City*(2909*),07036-2322*,"CapeCod,"
487500,3,1.1,5000.0,0.10*,1,1961.0,Linden City*(2909*),07036-4717*,"RanchRas,"
490000,2,1.0,4605.99,0.10*,1,1953.0,Linden City*(2909*),07036-3902*,"CapeCod,"
310000,3,1.0,3735.0,0.10*,1,1943.0,Linden City*(2909*),07036-2519*,"Colonial,"
505000,3,1.1,3300.0,0.10*,0,1932.0,Linden City*(2909*),07036-2717*,"Colonial,"
500000,3,2.0,4000.0,0.10*,1,9999.0,Linden City*(2909*),07036-3524*,"CapeCod,"
450000,3,1.1,4000.0,0.10*,1,1957.0,Linden City*(2909*),07036-2211*,"SplitLev,"
495000,3,2.1,6000.0,0.10*,1,1943.0,Linden City*(2909*),07036-4903*,"CapeCod,"
495000,4,2.0,5000.0,0.10*,0,1948.0,Linden City*(2909*),07036*,"CapeCod,"
450000,3,1.0,5100.0,0.10*,1,1958.0,Linden City*(2909*),07036-5119*,"Ranch,"
559000,4,2.0,4422.72,0.10*,1,1953.0,Linden City*(2909*),07036-2633*,"CapeCod,"
500000,3,2.0,5000.0,0.10*,0,1953.0,Linden City*(2909*),07036-4513*,"CapeCod,"
499000,3,2.1,4997.52,0.10,1,1949.0,Linden City*(2909*),07036-4813*,"CapeCod,"
510000,3,1.0,4000.0,0.10*,1,1960.0,Linden City*(2909*),07036-5119*,"SplitLev,"
530000,4,2.1,7000.0,0.20*,1,1971.0,Linden City*(2909*),07036-1815*,"CapeCod,"
510000,4,3.0,4000.0,0.10*,0,1967.0,Linden City*(2909*),07036-2306*,"Custom,"
500000,4,3.0,3700.0,0.10*,0,1958.0,Linden City*(2909*),07036-2215*,"Ranch,"
485000,2,1.0,5000.0,0.10*,1,1941.0,Linden City*(2909*),07036-4925*,"Tudor,"
488000,3,2.1,3250.0,0.10*,1,9999.0,Linden City*(2909*),07036-4169*,"Colonial,"
525000,4,1.1,4356.0,0.10*,3,1889.0,Linden City*(2909*),07036-4342*,"Colonial,"
550000,3,2.0,5000.0,0.10*,1,1940.0,Linden City*(2909*),07036-1743*,"CapeCod,"
515000,2,1.0,4356.0,0.10*,1,1940.0,Linden City*(2909*),07036-3614*,"CapeCod,"
600000,3,1.0,5000.0,0.10*,1,1948.0,Linden City*(2909*),07036-5122*,"Colonial,SeeRem"
450000,3,2.0,4439.75,0.10*,1,1923.0,Linden City*(2909*),07036-2918*,"Colonial,"
515000,3,1.0,5000.0,0.10*,0,1933.0,Linden City*(2909*),07036-3301*,"Ranch,"
505000,3,2.0,5400.0,0.10*,1,1950.0,Linden City*(2909*),07036-3631*,"CapeCod,"
475000,4,1.0,3287.68,0.10*,0,1928.0,Linden City*(2909*),07036-4014*,"Colonial,"
550000,3,2.0,4000.0,0.10*,1,1968.0,Linden City*(2909*),07036-2338*,"Ranch,"
516000,3,2.0,4600.0,0.11*,0,1964.0,Linden City*(2909*),07036-3549*,"CapeCod,"
550000,3,2.0,4000.0,0.10*,0,1952.0,Linden City*(2909*),07036-1904*,"CapeCod,"
530000,4,1.1,6313.0,0.10*,1,1955.0,Linden City*(2909*),07036-1013*,"CapeCod,"
472000,2,1.0,6000.0,0.13,3,1923.0,Linden City*(2909*),07036-4116*,"Colonial,"
520000,3,2.0,6000.0,0.10*,1,1960.0,Linden City*(2909*),07036-5119*,"Ranch,"
505000,3,1.0,2737.0,0.10*,2,0.0,Linden City*(2909*),07036-2825*,"Colonial,"
525000,3,1.0,5000.0,0.10*,1,1927.0,Linden City*(2909*),07036-1023*,"CapeCod,"
425000,4,2.1,6000.0,0.10*,2,1953.0,Linden City*(2909*),07036-2343*,"CapeCod,"
475000,3,1.0,5000.0,0.10*,0,1955.0,Linden City*(2909*),07036-6309*,"CapeCod,"
527000,3,1.0,3333.0,0.10*,1,1926.0,Linden City*(2909*),07036-4612*,"Colonial,"
490000,3,2.0,3800.0,0.10*,1,1968.0,Linden City*(2909*),07036-2201*,"CapeCod,"
495000,4,2.1,5000.0,0.10*,0,1958.0,Linden City*(2909*),07036-3314*,"CapeCod,Detached"
550000,3,2.0,5000.0,0.10*,1,1948.0,Linden City*(2909*),07036-1721*,"CapeCod,"
520000,4,2.0,3000.0,0.10*,2,1933.0,Linden City*(2909*),07036-4102*,"CapeCod,"
525000,3,1.1,10000.0,0.20*,1,1929.0,Linden City*(2909*),07036-2901*,"Colonial,"
565000,3,1.0,5000.0,0.10*,1,1953.0,Linden City*(2909*),07036-5816*,"CapeCod,"
550000,4,2.1,4300.0,0.10*,1,1947.0,Linden City*(2909*),07036-1908*,"CapeCod,"
520500,4,2.0,5475.5,0.10*,1,1953.0,Linden City*(2909*),07036-2224*,"CapeCod,"
525000,4,1.0,4356.0,0.10*,1,1953.0,Linden City*(2909*),07036-5323*,"CapeCod,"
525000,5,3.0,5000.0,0.10*,1,1950.0,Linden City*(2909*),07036-1745*,"CapeCod,"
535000,3,1.1,5000.0,0.10*,1,1943.0,Linden City*(2909*),07036-6022*,"Colonial,"
527000,3,2.0,5985.0,0.10*,1,1935.0,Linden City*(2909*),07036-1414*,"CapeCod,"
518000,3,2.1,5380.0,0.10*,0,1923.0,Linden City*(2909*),07036-4231*,"Colonial,"
531000,3,2.0,3000.0,0.10*,1,1967.0,Linden City*(2909*),07036-2509*,"RanchRas,"
515000,3,3.1,4000.0,0.10*,0,1954.0,Linden City*(2909*),07036-2346*,"CapeCod,"
560000,3,2.1,3360.0,0.10*,0,1972.0,Linden City*(2909*),07036-2020*,"CapeCod,"
530000,3,1.0,4050.0,0.10*,0,9999.0,Linden City*(2909*),07036-3528*,"CapeCod,"
525000,3,2.0,4300.0,0.10*,0,1950.0,Linden City*(2909*),07036-5214*,"CapeCod,"
572500,3,2.0,5000.0,0.10*,1,1953.0,Linden City*(2909*),07036-5223*,"Ranch,"
572000,3,3.0,4300.0,0.10*,0,1942.0,Linden City*(2909*),07036-1759*,"CapeCod,"
540000,3,1.1,3150.0,0.10*,1,1926.0,Linden City*(2909*),07036-4110*,"Colonial,"
536000,3,2.0,4356.0,0.10*,1,1962.0,Linden City*(2909*),07036-4106*,"Ranch,"
555000,4,1.1,4000.0,0.10*,1,1943.0,Linden City*(2909*),07036-5752*,"CapeCod,"
550000,3,2.0,4000.0,0.10*,2,1928.0,Linden City*(2909*),07036-4401*,"Colonial,"
565000,3,2.1,5000.0,0.10*,1,9999.0,Linden City*(2909*),07036-5207*,"CapeCod,"
575000,3,2.1,4891.0,0.10*,1,1942.0,Linden City*(2909*),07036-3838*,"Contemp,"
550000,4,2.0,3800.0,0.10*,1,1957.0,Linden City*(2909*),07036-1825*,"SplitLev,SeeRem"
480000,3,2.0,5000.0,0.10*,1,1938.0,Linden City*(2909*),07036-3653*,"CapeCod,"
560000,3,3.1,3000.0,0.10*,1,1930.0,Linden City*(2909*),07036-5766*,"Colonial,"
560000,4,3.0,7400.0,0.20*,1,1923.0,Linden City*(2909*),07036*,"CapeCod,SeeRem"
550000,3,2.0,5000.0,0.10*,1,1953.0,Linden City*(2909*),07036-4809*,"CapeCod,"
550000,3,2.0,4200.0,0.10*,0,1952.0,Linden City*(2909*),07036-2664*,"Colonial,"
545000,4,1.0,6000.0,0.10*,1,1953.0,Linden City*(2909*),07036-5414*,"CapeCod,"
562000,3,1.0,4668.0,0.10*,1,1940.0,Linden City*(2909*),07036-4805*,"Colonial,"
600000,3,2.1,4356.0,0.10*,0,1913.0,Linden City*(2909*),07036-3116*,"Colonial,"
585000,4,2.0,4356.0,0.10*,1,1951.0,Linden City*(2909*),07036-5411*,"CapeCod,"
600000,3,2.0,3990.0,0.10*,1,1987.0,Linden City*(2909*),07036-2349*,"Bi-Level,"
560000,3,2.0,4000.0,0.10*,0,1928.0,Linden City*(2909*),07036-5043*,"Colonial,"
569000,4,1.1,10044.0,0.20*,0,1953.0,Linden City*(2909*),07036-6010*,"CapeCod,"
606000,4,2.0,6000.0,0.10*,1,1962.0,Linden City*(2909*),07036-2217*,"SplitLev,"
569000,3,2.1,6534.0,0.15*,1,0.0,Linden City*(2909*),07036-6121*,"Ranch,"
565000,4,3.0,5000.0,0.10*,1,1947.0,Linden City*(2909*),07036-5732*,"CapeCod,"
599000,3,2.0,4000.0,0.10*,1,1957.0,Linden City*(2909*),07036-4307*,"SplitLev,"
570000,3,2.1,3720.0,0.09*,1,2017.0,Linden City*(2909*),07036-2851*,"HalfDupl,"
580000,4,2.0,6110.0,0.10*,1,1953.0,Linden City*(2909*),07036-4229*,"CapeCod,"
575000,4,2.0,5300.0,0.10*,1,9999.0,Linden City*(2909*),07036-5220*,"CapeCod,"
585000,3,2.0,6600.0,0.20*,1,1962.0,Linden City*(2909*),07036-1319*,"Ranch,"
579000,3,2.0,6500.0,0.10*,0,1953.0,Linden City*(2909*),07036-5425*,"CapeCod,"
590000,3,2.0,6000.0,0.10*,2,0.0,Linden City*(2909*),07036-4926*,"CapeCod,"
625000,3,1.1,5000.0,0.10*,1,1943.0,Linden City*(2909*),07036-5217*,"CapeCod,"
597500,4,1.1,4356.0,0.10*,1,9999.0,Linden City*(2909*),07036-1025*,"Colonial,"
620000,4,1.1,5720.0,0.10*,0,1928.0,Linden City*(2909*),07036-4014*,"Colonial,"
585000,3,2.0,6000.0,0.10*,1,1951.0,Linden City*(2909*),07036-5335*,"CapeCod,"
585000,5,1.0,8712.0,0.20*,1,1953.0,Linden City*(2909*),07036-5324*,"CapeCod,"
590000,3,2.0,6000.0,0.10*,1,1940.0,Linden City*(2909*),07036-3845*,"CapeCod,"
615500,3,2.0,4356.0,0.10*,2,1940.0,Linden City*(2909*),07036-3741*,"CapeCod,"
635000,3,2.0,4356.0,0.10*,1,1956.0,Linden City*(2909*),07036-5327*,"SplitLev,"
595000,4,3.0,4456.8,0.10*,1,1933.0,Linden City*(2909*),07036-4010*,"CapeCod,"
650000,3,2.1,4998.0,0.10*,1,1948.0,Linden City*(2909*),07036-1405*,"Colonial,"
580000,3,2.0,5000.0,0.10*,1,1952.0,Linden City*(2909*),07036-5219*,"CapeCod,"
565000,2,1.0,7000.0,0.20*,1,1925.0,Linden City*(2909*),07036-2934*,"CapeCod,"
596000,3,1.1,4000.0,0.10*,1,1929.0,Linden City*(2909*),07036-3744*,"Colonial,"
550000,3,1.2,4000.0,0.10*,1,1930.0,Linden City*(2909*),07036-5066*,"Colonial,"
650000,4,3.0,4850.0,0.11*,1,1951.0,Linden City*(2909*),07036-1944*,"CapeCod,Colonial,Ranch"
605000,3,2.0,5000.0,0.10*,1,1943.0,Linden City*(2909*),07036-4801*,"CapeCod,"
635000,4,3.0,7000.0,0.20*,1,1955.0,Linden City*(2909*),07036-3739*,"CapeCod,"
565000,3,2.0,4600.0,0.10*,2,1966.0,Linden City*(2909*),07036-3819*,"RanchRas,"
580000,3,1.1,4300.0,0.10*,0,1948.0,Linden City*(2909*),07036-5217*,"CapeCod,"
600000,3,2.0,4600.0,0.10*,0,1942.0,Linden City*(2909*),07036-3714*,"Colonial,"
625000,5,2.0,6000.0,0.14,1,1944.0,Linden City*(2909*),07036-4934*,"CapeCod,"
550000,3,1.1,4356.0,0.10*,1,1961.0,Linden City*(2909*),07036-5821*,"SplitLev,"
614000,3,2.1,3000.0,0.07*,1,2025.0,Linden City*(2909*),07036-2830*,"SeeRem,"
600000,4,2.0,5000.0,0.10*,1,1943.0,Linden City*(2909*),07036-4805*,"CapeCod,"
619000,3,2.1,4000.0,0.10*,0,1950.0,Linden City*(2909*),07036-3933*,"CapeCod,"
685000,3,2.1,6069.7,0.10*,2,1968.0,Linden City*(2909*),07036-2948*,"RanchRas,Custom,Ranch"
650000,4,2.0,4000.0,0.10*,1,1952.0,Linden City*(2909*),07036-3825*,"CapeCod,"
600000,3,2.0,9985.45,0.23,1,1945.0,Linden City*(2909*),07036-3667*,"Colonial,"
645000,3,2.0,6000.0,0.10*,3,1948.0,Linden City*(2909*),07036-5215*,"Colonial,CapeCod"
608000,3,1.1,5600.0,0.10*,1,1961.0,Linden City*(2909*),07036-5821*,"SplitLev,"
625000,3,2.1,6000.0,0.10*,1,1948.0,Linden City*(2909*),07036-5734*,"CapeCod,"
600000,3,2.0,5000.0,0.10*,1,1950.0,Linden City*(2909*),07036-4923*,"Colonial,CapeCod"
612000,3,1.1,4356.0,0.10*,1,1957.0,Linden City*(2909*),07036-3662*,"SplitLev,Bi-Level"
600000,3,2.0,11325.6,0.26,2,1927.0,Linden City*(2909*),07036*,"CapeCod,Ranch"
650000,4,1.1,5000.0,0.10*,1,1940.0,Linden City*(2909*),07036-4939*,"Colonial,"
690000,3,2.0,5000.0,0.10*,1,9999.0,Linden City*(2909*),07036-3618*,"Ranch,"
650000,3,3.0,7841.0,0.20*,2,1935.0,Linden City*(2909*),07036*,"Ranch,CapeCod"
665000,3,2.0,6000.0,0.14,1,1943.0,Linden City*(2909*),07036-3920*,"CapeCod,Custom"
650000,3,2.1,5700.0,0.10*,1,1948.0,Linden City*(2909*),07036-5817*,"CapeCod,Custom"
620000,3,2.0,4666.0,0.10*,1,1949.0,Linden City*(2909*),07036-4805*,"Colonial,"
670000,3,2.0,5000.0,0.10*,1,1953.0,Linden City*(2909*),07036-5801*,"Ranch,"
660000,3,3.1,5000.0,0.10*,1,1953.0,Linden City*(2909*),07036-5813*,"Colonial,"
665000,4,2.1,3000.0,0.00*,1,2024.0,Linden City*(2909*),07036-5022*,"HalfDupl,"
660000,4,2.1,4000.0,0.10*,1,1966.0,Linden City*(2909*),07036-4936*,"Bi-Level,"
672500,4,3.0,5000.0,0.10*,2,1958.0,Linden City*(2909*),07036-5122*,"Custom,CnvStrct"
680000,3,2.1,5500.0,0.10*,1,1938.0,Linden City*(2909*),07036-5763*,"Colonial,"
660000,3,2.0,8000.0,0.20*,1,1945.0,Linden City*(2909*),07036-4901*,"Colonial,"
720000,4,2.0,4378.0,0.10*,0,1953.0,Linden City*(2909*),07036-5214*,"Colonial,"
700000,3,4.0,5000.0,0.10*,1,1946.0,Linden City*(2909*),07036-5725*,"Colonial,Custom"
685000,3,2.1,6450.0,0.10*,1,1918.0,Linden City*(2909*),07036-4050*,"Colonial,"
525000,4,2.0,4356.0,0.10*,2,1956.0,Linden City*(2909*),07036-3629*,"Ranch,"
700000,4,2.0,5000.0,0.10*,1,1946.0,Linden City*(2909*),07036-3727*,"CapeCod,Custom"
655000,3,2.1,3439.26,0.10*,1,2025.0,Linden City*(2909*),07036-3231*,"Colonial,"
680000,3,1.1,4356.0,0.10*,1,1961.0,Linden City*(2909*),07036-5830*,"SplitLev,"
715000,4,2.0,8712.0,0.20*,1,1953.0,Linden City*(2909*),07036*,"CapeCod,"
805000,4,2.0,5000.0,0.10*,1,1940.0,Linden City*(2909*),07036-3831*,"Colonial,"
690000,4,3.0,4300.0,0.10*,1,1957.0,Linden City*(2909*),07036-3656*,"Colonial,"
665000,4,3.1,5000.0,0.10*,2,1923.0,Linden City*(2909*),07036-3306*,"SplitLev,"
730000,4,3.0,5000.0,0.00*,2,2020.0,Linden City*(2909*),07036-3307*,"Bi-Level,"
740000,6,3.0,5000.0,0.13,1,1956.0,Linden City*(2909*),07036-4932*,"CapeCod,"
720000,4,3.0,4000.0,0.10*,2,1974.0,Linden City*(2909*),07036-3710*,"Bi-Level,"
410000,4,2.0,5438.0,0.10*,1,1956.0,Linden City*(2909*),07036-3833*,"Colonial,"
782500,4,4.0,4356.0,0.10*,0,2024.0,Linden City*(2909*),07036-2067*,"Custom,Colonial"
780000,4,2.1,5000.0,0.11*,1,2019.0,Linden City*(2909*),07036-3519*,"Colonial,"
840000,4,3.1,4000.0,0.10*,2,1938.0,Linden City*(2909*),07036-3955*,"Custom,"
665000,4,2.1,3000.0,0.00*,1,2024.0,Linden City*(2909*),07036-5022*,"HalfDupl,"
875000,4,4.0,9610.48,0.20*,1,2023.0,Linden City*(2909*),07036-3628*,"CapeCod,Colonial"
925000,4,3.1,7166.01,0.20*,1,1960.0,Linden City*(2909*),07036*,"Colonial,"
879000,5,4.0,4000.0,0.10*,2,2024.0,Linden City*(2909*),07036-5001*,"Colonial,"
975000,3,3.1,4000.0,0.09,1,2024.0,Linden City*(2909*),07036-5729*,"Custom,"
1350000,3,4.1,6000.0,0.10*,0,2024.0,Linden City*(2909*),07036-3704*,"Colonial,"
500500,3,2.0,10018.8,0.23*,0,1947.0,Mountainside Boro*(2910*),07092-1807*,"CapeCod,"
600000,2,1.0,6100.0,0.14*,0,9999.0,Mountainside Boro*(2910*),07092-2518*,"CapeCod,"
550000,3,2.0,10018.8,0.23*,1,1955.0,Mountainside Boro*(2910*),07092-1940*,"CapeCod,"
690000,3,2.0,6098.4,0.14*,1,1930.0,Mountainside Boro*(2910*),07092-2524*,"Colonial,"
680000,3,1.1,13503.6,0.31*,2,9999.0,Mountainside Boro*(2910*),07092-1735*,"Colonial,"
695000,4,2.0,13939.2,0.32*,1,1950.0,Mountainside Boro*(2910*),07092-1928*,"CapeCod,"
749000,4,2.0,23522.4,0.54*,1,1956.0,Mountainside Boro*(2910*),07092-1300*,"Colonial,"
830000,3,2.0,16117.2,0.37*,2,9999.0,Mountainside Boro*(2910*),07092-1602*,"Ranch,"
785000,3,2.0,19602.0,0.45*,2,1960.0,Mountainside Boro*(2910*),07092-1514*,"SplitLev,"
872000,3,2.1,13503.6,0.31*,2,1956.0,Mountainside Boro*(2910*),07092-2214*,"SplitLev,"
910258,3,2.0,12632.4,0.29*,1,9999.0,Mountainside Boro*(2910*),07092-1806*,"CapeCod,"
945000,3,2.0,19166.4,0.44*,2,1956.0,Mountainside Boro*(2910*),07092-1305*,"Ranch,"
910000,3,2.0,15681.6,0.36*,2,1958.0,Mountainside Boro*(2910*),07092-1932*,"SplitLev,"
775000,3,2.0,17424.0,0.40*,1,1954.0,Mountainside Boro*(2910*),07092-1738*,"Ranch,"
792000,3,2.0,13939.2,0.32*,2,9999.0,Mountainside Boro*(2910*),07092-1913*,"Ranch,"
798000,4,2.2,20908.8,0.48*,2,1970.0,Mountainside Boro*(2910*),07092-1715*,"Ranch,"
820000,4,2.1,14810.4,0.34*,3,1960.0,Mountainside Boro*(2910*),07092-1515*,"Custom,"
940000,3,2.0,15681.6,0.36*,2,1957.0,Mountainside Boro*(2910*),07092-2115*,"Ranch,"
1040008,4,2.0,14810.4,0.34*,1,1950.0,Mountainside Boro*(2910*),07092-2133*,"CapeCod,"
990000,4,3.2,16988.4,0.39*,2,9999.0,Mountainside Boro*(2910*),07092,"SeeRem,"
1150000,3,2.1,20037.6,0.46*,2,1971.0,Mountainside Boro*(2910*),07092*,"Ranch,"
1125000,5,2.0,10890.0,0.25*,2,1952.0,Mountainside Boro*(2910*),07092-1814*,"Custom,"
1151000,3,2.1,15246.0,0.35*,2,1986.0,Mountainside Boro*(2910*),07092-1514*,"Contemp,Colonial"
999000,5,3.1,23086.8,0.53*,2,1986.0,Mountainside Boro*(2910*),07092-1613*,"Colonial,"
990000,5,3.0,17424.0,0.40*,1,1950.0,Mountainside Boro*(2910*),07092-2136*,"CapeCod,"
1110000,4,3.0,13068.0,0.30*,1,1950.0,Mountainside Boro*(2910*),07092*,"CapeCod,"
930000,3,2.1,0.0,0.00*,2,2020.0,Mountainside Boro*(2910*),07092*,"TwnIntUn,MultiFlr"
899000,5,2.1,11761.2,0.27*,2,1925.0,Mountainside Boro*(2910*),07092-1735*,"Colonial,"
910000,4,2.1,18295.2,0.42*,2,1955.0,Mountainside Boro*(2910*),07092-2030*,"SplitLev,Custom"
975000,4,2.1,20908.8,0.48*,2,1952.0,Mountainside Boro*(2910*),07092-1333*,"Colonial,"
1209500,3,3.1,15246.0,0.35*,2,1945.0,Mountainside Boro*(2910*),07092-1718*,"CapeCod,Custom"
1327000,4,2.1,13503.6,0.31*,2,1958.0,Mountainside Boro*(2910*),07092-2715*,"Ranch,"
1125000,3,2.0,10454.4,0.24*,2,1950.0,Mountainside Boro*(2910*),07092-1718*,"Colonial,"
980000,4,3.1,12196.8,0.28*,2,2002.0,Mountainside Boro*(2910*),07092-2907*,"Colonial,"
1164370,3,2.1,0.0,0.00*,2,2024.0,Mountainside Boro*(2910*),07092*,"TwnIntUn,MultiFlr"
1362403,3,2.1,0.0,0.00*,2,2023.0,Mountainside Boro*(2910*),07092*,"TwnEndUn,MultiFlr,SeeRem"
1401000,5,3.0,15681.6,0.36*,2,1951.0,Mountainside Boro*(2910*),07092-2133*,"Colonial,"
1250000,4,3.1,20037.6,0.46*,2,1956.0,Mountainside Boro*(2910*),07092-2024*,"Custom,"
1175000,4,3.1,8712.0,0.20*,2,1935.0,Mountainside Boro*(2910*),07092-1824*,"Colonial,"
1405000,4,3.0,27878.4,0.64*,2,1958.0,Mountainside Boro*(2910*),07092-1305*,"RanchRas,"
1402000,4,3.1,15681.6,0.36*,2,1964.0,Mountainside Boro*(2910*),07092-2114*,"Ranch,"
1300000,4,3.1,8712.0,0.20*,2,1956.0,Mountainside Boro*(2910*),07090*,"Colonial,"
1325250,4,4.1,26136.0,0.60*,2,1964.0,Mountainside Boro*(2910*),07092-1329*,"Colonial,"
1550000,4,2.1,20037.6,0.46*,2,1940.0,Mountainside Boro*(2910*),07092-1324*,"Custom,SplitLev"
1450000,4,4.1,16988.4,0.39*,3,1989.0,Mountainside Boro*(2910*),07092-2211*,"Colonial,"
1490000,5,3.2,13068.0,0.30*,2,1942.0,Mountainside Boro*(2910*),07092-2514*,"Colonial,Custom"
1500000,5,4.0,14810.4,0.34*,1,2020.0,Mountainside Boro*(2910*),07092-1322*,"Colonial,"
1495000,3,2.1,8276.4,0.19*,2,2023.0,Mountainside Boro*(2910*),07092*,"Detached,OneFloor"
1505000,5,5.0,20037.6,0.46*,2,1925.0,Mountainside Boro*(2910*),07092-2501*,"Custom,"
1825000,4,3.1,23522.4,0.54*,2,1964.0,Mountainside Boro*(2910*),07092-1404*,"Custom,"
1615000,6,4.1,32234.4,0.74*,3,1984.0,Mountainside Boro*(2910*),07092-1369*,"Colonial,"
1675000,5,4.0,23522.4,0.54*,3,1953.0,Mountainside Boro*(2910*),07092-1321*,"Colonial,"
1706900,6,5.1,20037.6,0.46*,2,1955.0,Mountainside Boro*(2910*),07092-1701*,"Colonial,"
1800000,4,3.1,20473.2,0.47*,2,1964.0,Mountainside Boro*(2910*),07092-1404*,"Colonial,"
2235000,6,6.1,26571.6,0.61*,2,2021.0,Mountainside Boro*(2910*),07092-1517*,"Colonial,"
535000,3,2.0,12000.0,0.28,0,1945.0,Rahway City(2913),07065-2708,"CapeCod,"
674000,3,1.1,5502.0,0.13,2,1937.0,Rahway City(2913),07065-2513,"Colonial,"
218000,1,1.0,600.0,0.00*,0,1986.0,Rahway City*(2913*),07065-3271*,"OneFloor,"
235000,2,1.1,990.0,0.02*,1,1992.0,Rahway City*(2913*),07065-4500*,"TwnIntUn,MultiFlr"
290000,1,1.1,871.2,0.02*,0,1986.0,Rahway City*(2913*),07065-3256*,"MultiFlr,"
315000,3,1.1,1920.0,0.04*,0,1910.0,Rahway City*(2913*),07065-3902*,"Colonial,"
335000,3,1.0,5700.0,0.10*,0,1900.0,Rahway City*(2913*),07065-2904*,"Colonial,"
300000,2,1.0,6640.0,0.10*,0,1930.0,Rahway City*(2913*),07065-4422*,"Ranch,Bungalow"
353500,3,1.1,2520.0,0.10*,0,1952.0,Rahway City*(2913*),07065-5129*,"HalfDupl,"
320000,2,1.0,871.2,0.02*,0,1986.0,Rahway City*(2913*),07065-3256*,"OneFloor,"
335000,2,1.0,2550.0,0.10*,0,1942.0,Rahway City*(2913*),07065-3530*,"HalfDupl,"
370000,3,1.0,5100.0,0.10*,1,1985.0,Rahway City*(2913*),07065-2733*,"Ranch,"
365000,3,2.0,4356.0,0.10*,0,1963.0,Rahway City*(2913*),07065-5819*,"CapeCod,"
370500,2,1.0,2625.0,0.10*,0,1942.0,Rahway City*(2913*),07065-3530*,"HalfDupl,"
330000,3,2.0,3984.0,0.10*,0,1880.0,Rahway City*(2913*),07065-3411*,"Colonial,"
332500,1,2.0,10000.0,0.10*,2,1960.0,Rahway City*(2913*),07065-4818*,"CapeCod,"
410000,3,1.0,5600.0,0.10*,0,9999.0,Rahway City*(2913*),07065-3509*,"Colonial,"
380000,2,1.0,2500.0,0.10*,0,1943.0,Rahway City*(2913*),07065-3711*,"HalfDupl,"
400000,2,1.0,2375.0,0.10*,0,1944.0,Rahway City*(2913*),07065-3505*,"HalfDupl,"
350000,2,1.1,990.0,0.02*,1,1992.0,Rahway City*(2913*),07065-4500*,"TwnIntUn,MultiFlr"
357000,3,1.0,3600.0,0.10*,1,1962.0,Rahway City*(2913*),07065-5107*,"Bi-Level,"
365000,2,1.0,2500.0,0.10*,0,1943.0,Rahway City*(2913*),07065-3713*,"HalfDupl,"
416500,4,2.0,10534.0,0.10*,0,1957.0,Rahway City*(2913*),07065*,"CapeCod,"
425000,2,1.0,4000.0,0.10*,1,1956.0,Rahway City*(2913*),07065-2653*,"Cottage,"
400000,2,1.0,2500.0,0.10*,0,1943.0,Rahway City*(2913*),07065-3713*,"HalfDupl,"
389000,2,1.1,990.0,0.02*,1,1989.0,Rahway City*(2913*),07065-4500*,"TwnIntUn,MultiFlr"
375000,2,2.1,600.0,0.01*,0,1986.0,Rahway City*(2913*),07065-3271*,"TwnIntUn,MultiFlr"
420000,3,1.1,2500.0,0.10*,0,1970.0,Rahway City*(2913*),07065-4904*,"Colonial,"
408000,3,1.0,5720.0,0.10*,0,1900.0,Rahway City*(2913*),07065-4937*,"Colonial,"
397000,2,1.0,2849.0,0.07,0,1930.0,Rahway City*(2913*),07065-4401*,"Ranch,Detached"
410000,3,2.0,2520.0,0.10*,0,1952.0,Rahway City*(2913*),07065-5145*,"HalfDupl,"
440000,4,2.0,6566.0,0.10*,2,1880.0,Rahway City*(2913*),07065-3432*,"Detached,"
420000,3,2.0,6240.0,0.10*,0,1930.0,Rahway City*(2913*),07065*,"Colonial,"
450000,3,1.1,4500.0,0.10*,2,9999.0,Rahway City*(2913*),07065-4531*,"Colonial,"
465000,3,1.1,6954.0,0.10*,0,1960.0,Rahway City*(2913*),07065-5161*,"SplitLev,"
415000,3,1.1,6200.0,0.12,1,1961.0,Rahway City*(2913*),07065-4216*,"Colonial,Custom"
455000,3,2.0,6600.0,0.10*,1,1947.0,Rahway City*(2913*),07065-1508*,"SeeRem,"
417000,3,1.0,5247.0,0.10*,0,1952.0,Rahway City*(2913*),07065*,"Ranch,"
420000,3,1.0,4000.0,0.10*,0,0.0,Rahway City*(2913*),07065-2655*,"Ranch,"
445000,2,1.1,2400.0,0.10*,0,1900.0,Rahway City*(2913*),07065-3238*,"Colonial,"
438000,3,1.0,5550.0,0.10*,0,1925.0,Rahway City*(2913*),07065-2510*,"Colonial,"
440000,3,1.1,5900.0,0.10*,2,1974.0,Rahway City*(2913*),07065-2820*,"RanchRas,"
490000,4,1.0,5538.0,0.10*,1,1900.0,Rahway City*(2913*),07065-3107*,"Colonial,"
420000,2,2.0,6750.0,0.10*,1,1930.0,Rahway City*(2913*),07065-4441*,"Detached,Ranch"
440000,3,1.1,2430.0,0.10*,0,1952.0,Rahway City*(2913*),07065-5130*,"Duplex,"
450000,2,2.0,2575.0,0.10*,0,1940.0,Rahway City*(2913*),07065-4942*,"HalfDupl,"
455000,3,1.1,6534.0,0.10*,1,1954.0,Rahway City*(2913*),07065-4318*,"SplitLev,"
460000,3,2.0,9375.0,0.10*,2,1925.0,Rahway City*(2913*),07065-4923*,"Ranch,"
451500,3,2.0,4800.0,0.10*,0,1900.0,Rahway City*(2913*),07065-3403*,"Colonial,"
460000,3,3.0,4400.0,0.10*,0,1950.0,Rahway City*(2913*),07065-4233*,"CapeCod,"
463500,3,1.0,7000.0,0.20*,0,1930.0,Rahway City*(2913*),07065-2133*,"Bungalow,"
472000,4,1.0,3800.0,0.10*,1,1950.0,Rahway City*(2913*),07065-3629*,"CapeCod,"
504000,2,1.0,5500.0,0.10*,0,1956.0,Rahway City*(2913*),07065-2309*,"Ranch,"
466000,3,1.1,5000.0,0.10*,2,1940.0,Rahway City*(2913*),07065-2037*,"CapeCod,"
485000,3,2.0,5610.0,0.10*,1,1950.0,Rahway City*(2913*),07065-1828*,"CapeCod,"
446000,3,1.0,4200.0,0.10*,1,9999.0,Rahway City*(2913*),07065*,"Colonial,"
442000,3,2.1,0.0,0.00,0,2006.0,Rahway City*(2913*),07065-5158*,"TwnIntUn,OneFloor,TwnEndUn"
450000,3,2.0,3125.0,0.10*,0,1940.0,Rahway City*(2913*),07065-5702*,"CapeCod,Colonial"
507000,3,1.0,5000.0,0.10*,0,1925.0,Rahway City*(2913*),07065-2728*,"Colonial,"
449000,3,1.1,2280.0,0.10*,0,1900.0,Rahway City*(2913*),07065-3935*,"TwnIntUn,"
465000,3,1.1,10100.0,0.10*,0,1945.0,Rahway City*(2913*),07065-5208*,"Colonial,"
450000,3,2.0,3000.0,0.10*,0,9999.0,Rahway City*(2913*),07065-3311*,"Colonial,"
500000,3,1.0,7000.0,0.20*,1,1957.0,Rahway City*(2913*),07065-2653*,"Ranch,"
485000,2,1.1,8250.0,0.20*,1,1925.0,Rahway City*(2913*),07065-2522*,"Colonial,"
530000,3,1.1,5000.0,0.10*,1,1953.0,Rahway City*(2913*),07065-2410*,"Ranch,"
460000,3,2.1,5000.0,0.10*,0,1967.0,Rahway City*(2913*),07065-5506*,"CapeCod,"
510000,2,2.0,10000.0,0.20*,1,1952.0,Rahway City*(2913*),07065-1518*,"Ranch,"
459000,2,2.0,0.0,0.00,1,2008.0,Rahway City*(2913*),07065*,"HighRise,OneFloor"
480000,3,2.0,5000.0,0.10*,1,9999.0,Rahway City*(2913*),07065,"Colonial,"
460000,2,2.1,871.2,0.02,1,2008.0,Rahway City*(2913*),07065-7002*,"TwnIntUn,MultiFlr"
480000,3,1.0,4400.0,0.10*,1,1925.0,Rahway City*(2913*),07065-2515*,"Colonial,"
425000,3,1.0,3000.0,0.10*,2,1940.0,Rahway City*(2913*),07065-4316*,"Colonial,"
500000,3,2.0,5900.0,0.10*,0,1951.0,Rahway City*(2913*),07065-1822*,"CapeCod,"
480000,3,1.0,5000.0,0.10*,1,1950.0,Rahway City*(2913*),07065-4428*,"CapeCod,"
500000,2,1.1,6000.0,0.10*,1,1960.0,Rahway City*(2913*),07065-1702*,"Ranch,"
480000,3,1.0,5500.0,0.10*,0,1952.0,Rahway City*(2913*),07065-2809*,"Ranch,"
500000,3,1.0,5000.0,0.10*,0,1956.0,Rahway City*(2913*),07065-1509*,"Ranch,"
480000,3,2.0,5000.0,0.10*,1,1943.0,Rahway City*(2913*),07065-1505*,"CapeCod,"
455000,3,1.0,6750.0,0.20*,2,1950.0,Rahway City*(2913*),07065-1803*,"Bi-Level,"
525000,3,2.0,3300.0,0.10*,0,1900.0,Rahway City*(2913*),07065-5117*,"Colonial,"
485000,3,1.1,6000.0,0.10*,1,1954.0,Rahway City*(2913*),07065-1624*,"Ranch,"
515000,4,1.1,2970.0,0.10*,0,1870.0,Rahway City*(2913*),07065-3237*,"Colonial,"
480000,6,3.0,5406.0,0.10*,0,1925.0,Rahway City*(2913*),07065-5154*,"Detached,"
487000,2,2.0,0.0,0.00,0,2008.0,Rahway City*(2913*),07065*,"OneFloor,"
490000,3,2.0,5000.0,0.10*,0,1957.0,Rahway City*(2913*),07065*,"Ranch,"
500000,3,1.0,4000.0,0.10*,1,1961.0,Rahway City*(2913*),07065-5168*,"Ranch,"
510000,4,2.0,6655.0,0.10*,0,1900.0,Rahway City*(2913*),07065-3612*,"Colonial,"
502000,3,3.1,18480.0,0.42*,1,1998.0,Rahway City*(2913*),07065-5061*,"TwnEndUn,MultiFlr"
550000,3,1.1,5000.0,0.10*,1,1954.0,Rahway City*(2913*),07065-2220*,"SplitLev,"
450000,5,2.0,5000.0,0.10*,1,1930.0,Rahway City*(2913*),07065-4322*,"Custom,"
455000,4,2.0,4350.0,0.10*,2,1940.0,Rahway City*(2913*),07065-1919*,"Ranch,"
485000,3,1.1,5850.0,0.10*,1,1928.0,Rahway City*(2913*),07065-3127*,"Colonial,"
500000,3,1.0,5000.0,0.10*,0,1950.0,Rahway City*(2913*),07065-1909*,"CapeCod,Detached"
560000,3,1.1,7100.0,0.10*,0,1984.0,Rahway City*(2913*),07065-5637*,"Ranch,"
445000,3,3.1,21080.0,0.48*,1,2000.0,Rahway City*(2913*),07065-3900*,"MultiFlr,"
497500,4,2.0,4200.0,0.10*,0,1932.0,Rahway City*(2913*),07065*,"Colonial,"
510000,3,2.0,3808.0,0.10*,0,1900.0,Rahway City*(2913*),07065-3240*,"Colonial,"
555000,3,1.1,8220.0,0.20*,1,1957.0,Rahway City*(2913*),07065-2604*,"SplitLev,"
506000,2,2.0,0.0,0.00,2,2008.0,Rahway City*(2913*),07065*,"OneFloor,Contemp,HighRise"
487450,4,2.0,5000.0,0.10*,1,1946.0,Rahway City*(2913*),07065-1505*,"Detached,"
490000,4,1.0,11430.0,0.10*,0,1951.0,Rahway City*(2913*),07065-1830*,"CapeCod,"
475500,3,2.0,4554.0,0.10*,2,1938.0,Rahway City*(2913*),07065-3531*,"Colonial,"
525000,3,2.0,6000.0,0.10*,2,1962.0,Rahway City*(2913*),07065-1728*,"Ranch,"
505000,4,2.0,3384.0,0.10*,0,1890.0,Rahway City*(2913*),07065-4105*,"Colonial,"
500000,3,1.1,5000.0,0.10*,1,1920.0,Rahway City*(2913*),07065-2906*,"Colonial,"
580000,4,1.1,5580.0,0.10*,2,1962.0,Rahway City*(2913*),07065-2118*,"Bi-Level,"
510000,3,1.1,6000.0,0.10*,1,1958.0,Rahway City*(2913*),07065-1927*,"Ranch,"
555000,4,1.0,6200.0,0.10*,2,1954.0,Rahway City*(2913*),07065-2412*,"CapeCod,"
500000,3,2.1,17225.0,0.10*,2,9999.0,Rahway City*(2913*),07065-3209*,"Colonial,Custom"
489000,3,2.0,5000.0,0.10*,0,1950.0,Rahway City*(2913*),07065-2831*,"CapeCod,"
525000,4,2.0,6900.0,0.10*,0,1920.0,Rahway City*(2913*),07065-2918*,"Colonial,"
530000,3,2.0,4400.0,0.10,0,1925.0,Rahway City*(2913*),07065-2515*,"Colonial,"
510000,3,2.0,4800.0,0.10*,0,1952.0,Rahway City*(2913*),07065-4308*,"Ranch,"
515000,3,1.0,7650.0,0.20*,1,1940.0,Rahway City*(2913*),07065-2418*,"Colonial,"
515000,3,1.0,4950.0,0.10*,1,1944.0,Rahway City*(2913*),07065-2421*,"Colonial,"
550000,4,2.0,4770.0,0.10*,1,1952.0,Rahway City*(2913*),07065-3616*,"CapeCod,"
545000,3,1.0,5000.0,0.10*,1,1962.0,Rahway City*(2913*),07065-5806*,"Bi-Level,"
515000,3,1.0,4950.0,0.10*,1,1945.0,Rahway City*(2913*),07065-2421*,"Colonial,Detached"
499000,3,1.1,6318.0,0.10*,1,1954.0,Rahway City*(2913*),07065-2917*,"SplitLev,"
520000,5,2.0,5049.0,0.10*,2,1952.0,Rahway City*(2913*),07065-1504*,"CapeCod,"
585000,4,2.0,8350.0,0.20*,0,1950.0,Rahway City*(2913*),07065-2604*,"CapeCod,"
550000,3,1.1,5000.0,0.10*,1,1953.0,Rahway City*(2913*),07065-2211*,"CapeCod,"
550000,3,1.0,10496.0,0.30*,1,1953.0,Rahway City*(2913*),07065-2213*,"CapeCod,"
565000,3,3.0,3700.0,0.10*,0,1890.0,Rahway City*(2913*),07065-3313*,"Colonial,"
515000,3,1.1,3500.0,0.10*,1,1930.0,Rahway City*(2913*),07065-4428*,"CapeCod,Colonial,SeeRem"
532000,3,2.0,7500.0,0.20*,1,1957.0,Rahway City*(2913*),07065-1601*,"SplitLev,"
520000,4,2.0,5250.0,0.10*,0,1951.0,Rahway City*(2913*),07065-1822*,"CapeCod,"
575000,3,2.0,5550.0,0.10*,1,1950.0,Rahway City*(2913*),07065-2519*,"RanchExp,"
540000,4,2.1,4500.0,0.10*,0,1945.0,Rahway City*(2913*),07065-2419*,"Colonial,"
535000,4,2.0,6050.0,0.10*,0,1950.0,Rahway City*(2913*),07065-1831*,"CapeCod,"
520000,4,1.0,6000.0,0.10*,1,1952.0,Rahway City*(2913*),07065-1840*,"CapeCod,"
505000,3,2.0,3000.0,0.10*,0,1900.0,Rahway City*(2913*),07065-4316*,"Colonial,"
540000,4,3.0,6490.0,0.10*,0,1950.0,Rahway City*(2913*),07065-1828*,"CapeCod,"
561000,3,2.0,5500.0,0.10*,0,1956.0,Rahway City*(2913*),07065-1611*,"SplitLev,"
527000,3,1.1,6360.0,0.10*,1,1952.0,Rahway City*(2913*),07065-2114*,"CapeCod,"
540000,4,1.2,7500.0,0.20*,1,9999.0,Rahway City*(2913*),07065-1705*,"SplitLev,"
545000,4,2.0,5000.0,0.10*,0,1949.0,Rahway City*(2913*),07065-1951*,"CapeCod,"
500000,4,1.1,7650.0,0.20*,1,1951.0,Rahway City*(2913*),07065-2855*,"Colonial,"
560000,3,1.1,6200.0,0.10*,2,1925.0,Rahway City*(2913*),07065-5314*,"Colonial,"
527000,4,3.0,5000.0,0.10*,1,2024.0,Rahway City*(2913*),07065-5209*,"CapeCod,"
535000,3,2.0,4968.0,0.10*,1,1953.0,Rahway City*(2913*),07065-2610*,"SplitLev,"
549000,4,2.0,10000.0,0.20*,0,1930.0,Rahway City*(2913*),07065-1841*,"CapeCod,"
570000,3,2.0,5000.0,0.10*,1,1956.0,Rahway City*(2913*),07065-2229*,"Colonial,"
575000,3,1.1,6550.0,0.10*,1,1955.0,Rahway City*(2913*),07065-2219*,"SplitLev,"
550000,3,2.0,5600.0,0.10*,0,1952.0,Rahway City*(2913*),07065-2103*,"CapeCod,"
550000,4,2.0,4000.0,0.10*,1,1980.0,Rahway City*(2913*),07065-2726*,"Contemp,"
555000,3,2.0,4356.0,0.10*,0,1963.0,Rahway City*(2913*),07065-5819*,"CapeCod,"
615000,3,3.0,10000.0,0.20*,2,1955.0,Rahway City*(2913*),07065-1906*,"Detached,CapeCod"
570000,3,3.0,5265.0,0.10*,1,1968.0,Rahway City*(2913*),07065-2717*,"Ranch,"
590000,3,2.0,10730.0,0.20*,2,1955.0,Rahway City*(2913*),07065-2810*,"Ranch,Detached"
560000,4,2.0,5000.0,0.10*,1,1932.0,Rahway City*(2913*),07065-5703*,"CapeCod,Detached"
585000,4,1.1,9200.0,0.20*,1,1959.0,Rahway City*(2913*),07065-2610*,"SplitLev,"
570000,4,2.0,5300.0,0.10*,2,1981.0,Rahway City*(2913*),07065-2049*,"Bi-Level,"
610000,4,2.0,6400.0,0.20*,0,1957.0,Rahway City*(2913*),07065-2650*,"SplitLev,"
605000,3,3.0,12069.0,0.28*,2,2020.0,Rahway City*(2913*),07065-2163*,"TwnEndUn,MultiFlr"
605000,3,2.0,6150.0,0.10*,1,1930.0,Rahway City*(2913*),07065-2806*,"Ranch,"
570000,4,2.1,5350.0,0.20*,0,1953.0,Rahway City*(2913*),07065-2212*,"CapeCod,"
650000,4,1.1,11925.0,0.10*,1,1910.0,Rahway City*(2913*),07065-3112*,"Colonial,"
605000,3,2.1,6783.0,0.10*,1,9999.0,Rahway City*(2913*),07065-3615*,"Ranch,"
610000,4,2.0,6000.0,0.10*,1,1953.0,Rahway City*(2913*),07065-3708*,"SplitLev,"
625000,4,2.0,5000.0,0.10*,0,2025.0,Rahway City*(2913*),07065-1907*,"Colonial,"
655000,3,2.0,6650.0,0.20*,1,1960.0,Rahway City*(2913*),07065-1702*,"SplitLev,"
660000,3,2.1,6649.0,0.20*,1,1957.0,Rahway City*(2913*),07065-2611*,"SplitLev,"
686500,3,2.1,7500.0,0.20*,2,1973.0,Rahway City*(2913*),07065-2775*,"SplitLev,"
650000,3,2.0,5400.0,0.10*,1,1955.0,Rahway City*(2913*),07065-1610*,"SplitLev,"
635000,4,2.0,8712.0,0.20*,1,1955.0,Rahway City*(2913*),07065-2615*,"CapeCod,"
635000,4,2.0,4272.0,0.10*,1,1972.0,Rahway City*(2913*),07065-1825*,"Bi-Level,"
635000,4,2.0,5600.0,0.10*,0,9999.0,Rahway City*(2913*),07065-3509*,"Colonial,SeeRem"
690000,3,2.0,5000.0,0.10*,1,1962.0,Rahway City*(2913*),07065-2129*,"SplitLev,"
650000,4,3.0,10000.0,0.20*,0,1915.0,Rahway City*(2913*),07065-1959*,"Colonial,"
653250,4,3.0,4840.0,0.20*,1,1951.0,Rahway City*(2913*),07065-1824*,"CapeCod,"
615000,4,3.0,11000.0,0.20*,1,1940.0,Rahway City*(2913*),07065-1728*,"Colonial,"
715000,4,2.1,3900.0,0.10*,1,9999.0,Rahway City*(2913*),07065-5509*,"Colonial,"
715000,5,4.0,5400.0,0.10*,1,9999.0,Rahway City*(2913*),07065-2507*,"Colonial,"
530000,5,3.0,12750.0,0.10*,2,1880.0,Rahway City*(2913*),07065-3241*,"Victrian,"
669900,4,3.1,6250.0,0.10*,2,1957.0,Rahway City*(2913*),07065-3621*,"Custom,"
760000,4,4.0,8950.0,0.30*,0,1953.0,Rahway City*(2913*),07065-2212*,"CapeCod,"
725000,4,2.1,4380.0,0.20*,2,1980.0,Rahway City*(2913*),07065-1726*,"Colonial,"
710000,4,3.0,5452.0,0.10*,0,1955.0,Rahway City*(2913*),07065-2221*,"Colonial,"
711000,4,3.1,5360.0,0.10*,1,2017.0,Rahway City*(2913*),07065-2708*,"Detached,"
735000,3,1.1,7000.0,0.20*,2,1940.0,Rahway City*(2913*),07065-1732*,"Colonial,"
750555,5,3.0,5000.0,0.10*,1,2007.0,Rahway City*(2913*),07065-3627*,"Colonial,Custom"
805000,4,3.0,4356.0,0.10*,1,2024.0,Rahway City*(2913*),07065-4238*,"Colonial,"
807000,4,3.1,1353.0,0.10*,2,1870.0,Rahway City*(2913*),07065-3248*,"Victrian,"
867000,5,3.2,5000.69,0.11*,2,2024.0,Rahway City*(2913*),07065-2729*,"Colonial,"
892000,5,4.1,5000.0,0.10*,1,2025.0,Rahway City*(2913*),07065-1505*,"Colonial,"
940000,5,4.1,7080.0,0.20*,2,2025.0,Rahway City*(2913*),07065-2036*,"Colonial,"
488000,3,1.1,5227.2,0.12,1,1924.0,Roselle Boro(2914),07203-2946,"Colonial,"
460000,3,2.0,5252.0,0.12,0,1950.0,Roselle Boro(2914),07203-2106,"Ranch,"
710000,5,3.0,10000.0,0.23,1,1950.0,Roselle Boro(2914),07203-1336,"CapeCod,"
145000,1,1.0,2178.0,0.05*,0,1952.0,Roselle Boro*(2914*),07203*,"OneFloor,"
169000,1,1.0,435.6,0.01*,0,1943.0,Roselle Boro*(2914*),07203-2978*,"SeeRem,OneFloor"
205000,2,1.0,2178.0,0.05*,0,1952.0,Roselle Boro*(2914*),07203-2865*,"TwnIntUn,OneFloor"
185000,1,1.0,435.6,0.01*,0,1943.0,Roselle Boro*(2914*),07203-3077*,"OneFloor,"
200000,1,1.0,2178.0,0.05*,1,1952.0,Roselle Boro*(2914*),07203-2866*,"OneFloor,Develpmt"
200000,1,1.0,435.6,0.01*,1,1940.0,Roselle Boro*(2914*),07203-2970*,"FirstFlr,MultiFlr"
200000,1,1.0,435.6,0.01*,0,1943.0,Roselle Boro*(2914*),07203-3080*,"OneFloor,"
218000,1,1.0,435.6,0.01*,0,1943.0,Roselle Boro*(2914*),07203-3083*,"OneFloor,"
230000,2,1.0,871.2,0.02*,0,1943.0,Roselle Boro*(2914*),07203*,"OneFloor,"
207000,2,1.0,871.2,0.02*,0,1943.0,Roselle Boro*(2914*),07203-2982*,"OneFloor,"
330000,2,2.0,3500.0,0.08*,0,1923.0,Roselle Boro*(2914*),07203-1431*,"Colonial,"
372500,5,2.1,10000.0,0.23*,2,1910.0,Roselle Boro*(2914*),07203-2034*,"Colonial,"
420000,2,1.0,4360.0,0.10*,0,1925.0,Roselle Boro*(2914*),07203-2222*,"Colonial,"
385000,3,1.0,3750.0,0.09*,1,1927.0,Roselle Boro*(2914*),07203-2627*,"Colonial,"
360000,2,1.0,4000.0,0.09*,1,1926.0,Roselle Boro*(2914*),07203-2219*,"CapeCod,"
405000,2,1.0,6969.6,0.16*,0,9999.0,Roselle Boro*(2914*),07203-1927*,"Ranch,"
465000,2,1.0,4000.0,0.09*,1,1938.0,Roselle Boro*(2914*),07203-1570*,"CapeCod,"
385000,4,2.0,9600.0,0.22*,1,9999.0,Roselle Boro*(2914*),07203-2355*,"CapeCod,"
439000,4,1.1,7840.8,0.18*,1,1948.0,Roselle Boro*(2914*),07203-2904*,"CapeCod,"
415000,3,1.1,3167.0,0.07*,0,1928.0,Roselle Boro*(2914*),07203-1427*,"Colonial,"
415000,2,1.1,1306.8,0.03*,0,1989.0,Roselle Boro*(2914*),07203-2470*,"MultiFlr,"
433000,2,1.1,11325.6,0.26*,0,1985.0,Roselle Boro*(2914*),07203-2466*,"TwnIntUn,MultiFlr"
399000,3,2.0,9147.6,0.21*,1,1941.0,Roselle Boro*(2914*),07203-1826*,"CapeCod,"
425000,3,1.1,2612.5,0.06*,0,1900.0,Roselle Boro*(2914*),07203-1132*,"Duplex,"
480000,3,1.0,5250.0,0.12*,1,1946.0,Roselle Boro*(2914*),07203-2122*,"CapeCod,"
450000,2,1.1,5000.0,0.11*,0,9999.0,Roselle Boro*(2914*),07203-2630*,"AFrame,"
400000,2,1.1,1800.0,0.04*,1,0.0,Roselle Boro*(2914*),07203*,"MultiFlr,"
430000,2,2.1,1306.8,0.03*,0,1985.0,Roselle Boro*(2914*),07203-2470*,"TwnEndUn,MultiFlr"
459000,3,2.1,6000.0,0.14*,1,1959.0,Roselle Boro*(2914*),07203-1113*,"Detached,CapeCod"
430000,2,2.0,1306.8,0.03*,0,1985.0,Roselle Boro*(2914*),07203-2459*,"MultiFlr,"
518000,3,2.1,8321.0,0.19*,0,1923.0,Roselle Boro*(2914*),07203-2439*,"Colonial,"
476000,3,1.0,4300.0,0.10*,0,1928.0,Roselle Boro*(2914*),07203-1859*,"Colonial,"
413500,2,1.1,1306.8,0.03*,0,1985.0,Roselle Boro*(2914*),07203-2467*,"MultiFlr,"
450000,2,1.0,5000.0,0.11*,1,1965.0,Roselle Boro*(2914*),07203-1830*,"Ranch,"
410000,4,1.0,5250.0,0.12*,1,1941.0,Roselle Boro*(2914*),07203-2159*,"CapeCod,"
480000,2,1.1,3920.4,0.09*,0,1928.0,Roselle Boro*(2914*),07203-1859*,"Colonial,"
465000,3,1.1,6500.0,0.15*,0,9999.0,Roselle Boro*(2914*),07203-2316*,"Colonial,"
480000,3,2.0,4000.0,0.09*,0,9999.0,Roselle Boro*(2914*),07203-2242*,"CapeCod,"
475000,3,1.0,5000.0,0.11*,1,1953.0,Roselle Boro*(2914*),07203-1857*,"CapeCod,"
475000,3,1.1,3360.0,0.08*,0,1926.0,Roselle Boro*(2914*),07203-1415*,"Colonial,"
465000,4,2.0,5000.0,0.11*,1,1960.0,Roselle Boro*(2914*),07203-1023*,"Ranch,"
450000,3,1.0,2900.0,0.07*,1,9999.0,Roselle Boro*(2914*),07203-1551*,"Colonial,"
425000,2,2.0,5000.0,0.11*,1,9999.0,Roselle Boro*(2914*),07203-2213*,"Ranch,"
425000,3,1.1,6871.76,0.16*,1,0.0,Roselle Boro*(2914*),07203-1915*,"SplitLev,"
429900,4,1.1,7500.0,0.17*,0,9999.0,Roselle Boro*(2914*),07203-2630*,"CapeCod,"
428600,3,1.0,3360.0,0.08*,0,1910.0,Roselle Boro*(2914*),07203-1514*,"Colonial,"
420000,3,1.0,4040.0,0.09*,2,1931.0,Roselle Boro*(2914*),07203-2909*,"CapeCod,"
390000,3,1.2,4000.0,0.09*,2,1925.0,Roselle Boro*(2914*),07203-1531*,"Colonial,"
430000,3,1.0,4300.0,0.10*,2,1927.0,Roselle Boro*(2914*),07203-2811*,"Colonial,"
460000,3,2.0,8800.0,0.20*,0,1910.0,Roselle Boro*(2914*),07203-2113*,"Colonial,"
462000,4,1.0,5000.0,0.11*,1,1952.0,Roselle Boro*(2914*),07203-1643*,"CapeCod,"
450000,3,1.0,5000.0,0.11*,1,1969.0,Roselle Boro*(2914*),07203-2019*,"Ranch,"
425000,3,1.0,6000.0,0.14*,0,1910.0,Roselle Boro*(2914*),07203-2113*,"Colonial,"
449000,4,2.0,6000.0,0.09*,0,1955.0,Roselle Boro*(2914*),07203-2310*,"CapeCod,"
512000,3,2.0,5000.0,0.11*,1,1952.0,Roselle Boro*(2914*),07203-1645*,"CapeCod,"
440000,2,1.1,1500.0,0.03*,1,2001.0,Roselle Boro*(2914*),07203-4004*,"MultiFlr,TwnEndUn"
540000,4,2.0,5000.0,0.11*,2,1950.0,Roselle Boro*(2914*),07203*,"Contemp,"
470000,4,1.1,5912.0,0.14*,0,1926.0,Roselle Boro*(2914*),07203-1415*,"Colonial,"
475000,3,1.1,5000.0,0.11*,1,1953.0,Roselle Boro*(2914*),07203-1138*,"CapeCod,"
450000,3,2.0,3750.0,0.09*,1,1927.0,Roselle Boro*(2914*),07203-1837*,"Colonial,"
504900,4,2.0,5500.0,0.13*,0,1951.0,Roselle Boro*(2914*),07203-2409*,"CapeCod,"
485000,4,3.0,4400.0,0.10*,1,9999.0,Roselle Boro*(2914*),07203-2238*,"SeeRem,"
460000,4,1.0,5500.0,0.13*,1,1951.0,Roselle Boro*(2914*),07203-2428*,"CapeCod,"
461000,2,2.1,1306.8,0.03*,0,1985.0,Roselle Boro*(2914*),07203-2464*,"TwnIntUn,MultiFlr"
600000,3,2.0,16000.0,0.37*,1,1955.0,Roselle Boro*(2914*),07203-1334*,"SplitLev,"
465000,3,1.1,5250.0,0.12*,1,1930.0,Roselle Boro*(2914*),07203-1402*,"Colonial,"
479000,4,3.0,3800.0,0.09*,1,9999.0,Roselle Boro*(2914*),07203-2909*,"CapeCod,"
460000,3,2.0,7078.0,0.16*,1,9999.0,Roselle Boro*(2914*),07203-2121*,"CapeCod,"
470000,3,2.0,6250.0,0.14*,0,9999.0,Roselle Boro*(2914*),07203-1021*,"AFrame,"
500000,3,2.1,10000.0,0.23*,0,9999.0,Roselle Boro*(2914*),07203-2032*,"Colonial,"
475000,4,1.1,13400.0,0.31*,2,1968.0,Roselle Boro*(2914*),07203-1105*,"Bi-Level,"
450000,3,1.1,8000.0,0.18*,2,1925.0,Roselle Boro*(2914*),07203-2129*,"Colonial,"
515000,3,2.0,5000.0,0.11*,1,1920.0,Roselle Boro*(2914*),07203-2609*,"CapeCod,"
450000,4,2.0,7400.0,0.17*,1,9999.0,Roselle Boro*(2914*),07203-2572*,"Bi-Level,"
479000,3,1.0,5000.0,0.11*,0,1951.0,Roselle Boro*(2914*),07203*,"CapeCod,SeeRem"
505000,3,1.0,14810.4,0.34*,0,1920.0,Roselle Boro*(2914*),07203-2027*,"Ranch,"
516000,4,1.2,6000.0,0.14*,1,1948.0,Roselle Boro*(2914*),07203-2213*,"CapeCod,"
492000,3,1.0,3600.0,0.08*,1,1936.0,Roselle Boro*(2914*),07203-2261*,"CapeCod,"
455000,4,2.0,4000.0,0.09*,1,1920.0,Roselle Boro*(2914*),07203-1404*,"Colonial,"
525000,3,2.0,5000.0,0.11*,1,1958.0,Roselle Boro*(2914*),07203-1710*,"Bi-Level,"
500000,3,1.0,5853.0,0.13*,1,1920.0,Roselle Boro*(2914*),07203-2169*,"Colonial,"
450000,4,1.0,7096.87,0.16*,0,1951.0,Roselle Boro*(2914*),07203-2410*,"CapeCod,"
470000,3,1.1,3250.0,0.07*,1,1910.0,Roselle Boro*(2914*),07203-1565*,"Colonial,"
480000,3,2.0,6767.29,0.16*,1,9999.0,Roselle Boro*(2914*),07203-2913*,"CapeCod,"
495000,2,2.1,8276.4,0.19*,1,1942.0,Roselle Boro*(2914*),07203-1807*,"CapeCod,"
605000,5,1.1,12000.0,0.28*,1,1963.0,Roselle Boro*(2914*),07203*,"Bi-Level,"
520000,3,1.1,4150.0,0.10*,0,1930.0,Roselle Boro*(2914*),07203-1430*,"Tudor,"
535000,4,1.0,7500.0,0.17*,1,1948.0,Roselle Boro*(2914*),07203-3012*,"CapeCod,"
505000,4,2.0,4200.0,0.10*,1,9999.0,Roselle Boro*(2914*),07203-2458*,"Colonial,"
535000,3,2.0,6000.0,0.14*,1,1953.0,Roselle Boro*(2914*),07203-2340*,"SeeRem,"
530000,4,1.1,6000.0,0.14*,1,1960.0,Roselle Boro*(2914*),07203-2708*,"SplitLev,"
510000,4,2.0,5100.0,0.12*,0,1952.0,Roselle Boro*(2914*),07203-2227*,"CapeCod,"
475000,3,2.0,4200.0,0.10*,1,1923.0,Roselle Boro*(2914*),07203-2457*,"Colonial,Detached"
525000,4,1.1,8190.0,0.19*,1,1950.0,Roselle Boro*(2914*),07203-1037*,"Custom,"
520000,3,2.0,6600.0,0.15*,1,1951.0,Roselle Boro*(2914*),07203-2409*,"CapeCod,"
530000,3,2.0,5881.2,0.14*,0,1928.0,Roselle Boro*(2914*),07203-2231*,"Colonial,"
600000,5,3.0,3100.0,0.07*,1,1925.0,Roselle Boro*(2914*),07203-1412*,"Colonial,"
573000,3,2.1,4000.0,0.09*,1,2017.0,Roselle Boro*(2914*),07203-2734*,"Colonial,"
465000,4,2.0,5089.43,0.12*,1,1950.0,Roselle Boro*(2914*),07203-2945*,"MultiFlr,"
507000,3,2.0,6216.0,0.14*,0,1952.0,Roselle Boro*(2914*),07203-1137*,"CapeCod,"
535000,4,2.0,6330.0,0.15*,0,1951.0,Roselle Boro*(2914*),07203*,"CapeCod,"
550000,3,2.0,7500.0,0.17*,1,1914.0,Roselle Boro*(2914*),07203-1864*,"Colonial,"
575000,3,1.1,6000.0,0.14*,2,1960.0,Roselle Boro*(2914*),07203-3027*,"Ranch,"
500000,3,2.1,5000.0,0.11*,0,9999.0,Roselle Boro*(2914*),07203-1638*,"CapeCod,"
510000,3,2.0,6147.0,0.14*,1,1952.0,Roselle Boro*(2914*),07203-2909*,"CapeCod,"
586000,4,2.0,12900.0,0.30*,0,1923.0,Roselle Boro*(2914*),07203-2007*,"Colonial,"
505000,3,1.1,6000.0,0.14*,1,9999.0,Roselle Boro*(2914*),07203-2540*,"SplitLev,"
520000,4,2.0,5500.0,0.13*,1,1853.0,Roselle Boro*(2914*),07203-2317*,"Contemp,"
540000,4,2.0,10000.0,0.23*,2,1923.0,Roselle Boro*(2914*),07203-1941*,"Colonial,"
535000,3,2.0,6000.0,0.14*,1,1964.0,Roselle Boro*(2914*),07203-2915*,"Ranch,"
545000,4,2.0,6969.0,0.16*,1,1960.0,Roselle Boro*(2914*),07203-2355*,"CapeCod,"
565000,3,2.0,7500.0,0.17*,2,1964.0,Roselle Boro*(2914*),07203-2315*,"RanchExp,"
425000,4,2.1,13503.6,0.31*,2,1970.0,Roselle Boro*(2914*),07203-2011*,"RanchRas,Custom,SplitLev"
545000,4,2.0,5000.0,0.11*,1,1953.0,Roselle Boro*(2914*),07203-1405*,"CapeCod,"
550000,5,2.2,3333.0,0.08*,0,9999.0,Roselle Boro*(2914*),07203-2162*,"Colonial,"
580000,4,2.0,7000.0,0.16*,1,1927.0,Roselle Boro*(2914*),07203-1123*,"Colonial,"
550000,4,2.0,5000.0,0.11*,1,1957.0,Roselle Boro*(2914*),07203-2364*,"CapeCod,Detached"
555000,3,2.0,3400.0,0.08*,1,1900.0,Roselle Boro*(2914*),07203-1443*,"Colonial,"
582000,3,2.1,4000.0,0.09*,1,2016.0,Roselle Boro*(2914*),07203-2736*,"Colonial,"
570000,3,1.1,13000.0,0.30*,3,1922.0,Roselle Boro*(2914*),07203-1305*,"Colonial,"
608500,4,2.0,3750.0,0.09*,2,1963.0,Roselle Boro*(2914*),07203*,"SplitLev,"
580000,5,3.0,6000.0,0.14*,0,1925.0,Roselle Boro*(2914*),07203-1130*,"CapeCod,"
620000,3,2.1,20000.0,0.46*,1,1928.0,Roselle Boro*(2914*),07203-1916*,"Colonial,"
550000,4,2.0,4000.0,0.09*,0,1928.0,Roselle Boro*(2914*),07203-2847*,"CapeCod,"
590000,4,2.1,6000.0,0.14*,1,1951.0,Roselle Boro*(2914*),07203-2358*,"CapeCod,SplitLev"
559000,3,1.0,10000.0,0.23*,1,0.0,Roselle Boro*(2914*),07203-1941*,"Colonial,"
635000,6,3.0,7500.0,0.17*,1,1952.0,Roselle Boro*(2914*),07203-1619*,"Bi-Level,Detached,RanchExp"
585000,4,2.1,6000.0,0.14*,2,1969.0,Roselle Boro*(2914*),07203-1865*,"SplitLev,"
612000,4,2.0,10000.0,0.23*,0,1940.0,Roselle Boro*(2914*),07203-1140*,"Colonial,"
585000,4,2.0,3678.8,0.08*,0,1936.0,Roselle Boro*(2914*),07203-2218*,"Colonial,"
625000,4,2.0,6200.0,0.14*,2,1965.0,Roselle Boro*(2914*),07203-2010*,"Bi-Level,"
603000,4,3.1,7500.0,0.17*,2,1960.0,Roselle Boro*(2914*),07203-2309*,"Colonial,"
606000,3,2.0,5250.0,0.12*,2,1962.0,Roselle Boro*(2914*),07203-1903*,"SplitLev,"
664900,6,2.1,20000.0,0.46*,0,1938.0,Roselle Boro*(2914*),07203-1903*,"Colonial,"
665000,4,2.0,10000.0,0.23*,2,9999.0,Roselle Boro*(2914*),07203-1135*,"Colonial,"
639900,4,2.1,5000.0,0.11*,1,2024.0,Roselle Boro*(2914*),07203-2010*,"Colonial,"
710000,4,2.1,6534.0,0.15*,1,2025.0,Roselle Boro*(2914*),07203*,"Colonial,"
650000,3,3.1,6480.0,0.15*,2,2022.0,Roselle Boro*(2914*),07203-1850*,"CapeCod,"
740000,6,3.0,20000.0,0.46*,2,1921.0,Roselle Boro*(2914*),07203-2043*,"Colonial,"
650000,3,2.1,5500.0,0.13*,1,2020.0,Roselle Boro*(2914*),07203-2038*,"Colonial,"
700000,4,2.1,4432.89,0.10*,1,2025.0,Roselle Boro*(2914*),07203-2061*,"Colonial,"
660000,4,4.0,5000.0,0.11*,0,2018.0,Roselle Boro*(2914*),07203-2232*,"Colonial,"
705000,5,4.0,15000.0,0.34*,0,1920.0,Roselle Boro*(2914*),07203-2057*,"Colonial,"
710000,4,2.1,2613.6,0.06,1,2025.0,Roselle Boro*(2914*),07203-2231*,"Colonial,"
699900,4,3.0,5000.0,0.11*,2,2023.0,Roselle Boro*(2914*),07203-2608*,"Bi-Level,"
660000,4,2.0,7981.8,0.18*,0,1954.0,Roselle Boro*(2914*),07203-1816*,"CapeCod,"
730000,6,3.1,12150.0,0.28*,2,1927.0,Roselle Boro*(2914*),07203-2054*,"MultiFlr,"
306000,1,1.0,3484.8,0.08*,0,1958.0,Springfield Twp.*(2917*),07081-2025*,"SeeRem,OneFloor"
240000,1,1.0,0.0,0.00,0,1961.0,Springfield Twp.*(2917*),07081-2116*,"OneFloor,FirstFlr"
280000,1,1.0,3484.8,0.08*,0,1958.0,Springfield Twp.*(2917*),07081*,"OneFloor,"
290000,1,1.0,3484.8,0.08*,0,9999.0,Springfield Twp.*(2917*),07081-2029*,"OneFloor,FirstFlr"
285500,1,1.0,2613.6,0.06*,0,1950.0,Springfield Twp.*(2917*),07081-1110*,"OneFloor,"
280000,1,1.0,2178.0,0.05*,0,1950.0,Springfield Twp.*(2917*),07081-1110*,"OneFloor,"
280000,1,1.0,2613.6,0.06*,0,1950.0,Springfield Twp.*(2917*),07081-1110*,"OneFloor,"
303000,1,1.0,1306.8,0.03*,1,1979.0,Springfield Twp.*(2917*),07081-1201*,"OneFloor,"
327000,1,1.0,3484.8,0.08*,0,1958.0,Springfield Twp.*(2917*),07081-2054*,"OneFloor,"
338134,1,1.0,3484.8,0.08*,0,1958.0,Springfield Twp.*(2917*),07081-2045*,"OneFloor,"
340000,1,1.0,1306.8,0.03*,1,1979.0,Springfield Twp.*(2917*),07081-1201*,"OneFloor,"
361500,2,1.0,3920.4,0.09*,0,1958.0,Springfield Twp.*(2917*),07081-2069*,"OneFloor,"
335000,2,1.0,3920.4,0.09*,0,1958.0,Springfield Twp.*(2917*),07081-2010*,"OneFloor,TwnEndUn"
350000,2,1.0,3920.4,0.09*,0,1957.0,Springfield Twp.*(2917*),07081-2019*,"OneFloor,"
367000,2,1.0,4791.6,0.11*,0,1958.0,Springfield Twp.*(2917*),07081-2049*,"OneFloor,"
378000,2,1.0,4791.6,0.11*,0,1940.0,Springfield Twp.*(2917*),07081*,"OneFloor,"
427500,2,1.0,4791.6,0.11*,0,1958.0,Springfield Twp.*(2917*),07081-2002*,"FirstFlr,OneFloor"
385000,2,1.0,3920.4,0.09*,0,1958.0,Springfield Twp.*(2917*),07081-2053*,"OneFloor,FirstFlr"
382000,2,1.0,4791.6,0.11*,0,1958.0,Springfield Twp.*(2917*),07081-2009*,"OneFloor,FirstFlr"
415000,3,1.1,6969.6,0.16*,2,1949.0,Springfield Twp.*(2917*),07081-2412*,"CapeCod,FixrUppr"
465000,2,2.1,9147.6,0.21*,2,1955.0,Springfield Twp.*(2917*),07081-2002*,"MultiFlr,TwnIntUn"
450000,2,2.0,9147.6,0.21*,1,1958.0,Springfield Twp.*(2917*),07081-2002*,"TwnEndUn,MultiFlr"
445000,2,1.0,5735.0,0.14*,1,9999.0,Springfield Twp.*(2917*),07081-1911*,"Colonial,"
436000,3,1.0,4950.0,0.11*,1,1930.0,Springfield Twp.*(2917*),07081-1907*,"Colonial,"
449500,2,2.0,0.0,0.00,0,2018.0,Springfield Twp.*(2917*),07081-1766*,"OneFloor,"
455000,3,2.0,14810.4,0.34*,1,1954.0,Springfield Twp.*(2917*),07081*,"Ranch,"
555000,3,2.0,20473.2,0.47*,2,1900.0,Springfield Twp.*(2917*),07081-1700*,"RanchRas,"
501000,3,2.0,7100.0,0.17*,0,1929.0,Springfield Twp.*(2917*),07081-1414*,"Colonial,"
479900,2,2.1,9147.6,0.21*,1,1958.0,Springfield Twp.*(2917*),07081-2002*,"MultiFlr,"
470000,3,2.0,8712.0,0.20*,1,1924.0,Springfield Twp.*(2917*),07081-1911*,"Colonial,"
480000,2,1.0,14720.0,0.34*,1,1945.0,Springfield Twp.*(2917*),07081-2810*,"Ranch,"
517000,3,1.1,6100.0,0.14*,2,1932.0,Springfield Twp.*(2917*),07081-1403*,"Colonial,"
499000,4,2.0,5100.0,0.13*,1,1936.0,Springfield Twp.*(2917*),07081-1907*,"CapeCod,"
550000,3,1.1,6104.0,0.14*,0,1924.0,Springfield Twp.*(2917*),07081-1920*,"Colonial,"
495000,3,1.0,6969.6,0.16*,1,1942.0,Springfield Twp.*(2917*),07081-1505*,"CapeCod,"
540000,3,1.1,5600.0,0.13*,1,1942.0,Springfield Twp.*(2917*),07081-2210*,"Colonial,"
490000,2,2.0,12196.8,0.28*,1,1942.0,Springfield Twp.*(2917*),07081-1521*,"CapeCod,"
595000,4,2.1,11761.2,0.27*,2,1926.0,Springfield Twp.*(2917*),07081-2713*,"Colonial,"
631000,2,1.0,10018.8,0.23*,1,1954.0,Springfield Twp.*(2917*),07081-3436*,"Ranch,"
592500,2,1.0,10018.8,0.23*,1,1952.0,Springfield Twp.*(2917*),07081-2601*,"Ranch,"
530000,3,2.0,10454.4,0.24*,1,1949.0,Springfield Twp.*(2917*),07081*,"CapeCod,"
525000,4,2.1,7405.2,0.17*,2,1949.0,Springfield Twp.*(2917*),07081-3239*,"CapeCod,"
555000,4,2.0,5200.0,0.12*,0,1949.0,Springfield Twp.*(2917*),07081-1132*,"CapeCod,"
556000,3,4.0,6750.0,0.15*,2,1927.0,Springfield Twp.*(2917*),07081-1415*,"Colonial,"
592000,4,3.0,8280.0,0.19*,0,1951.0,Springfield Twp.*(2917*),07081-2518*,"CapeCod,Custom"
560000,3,1.1,8880.0,0.20*,1,1950.0,Springfield Twp.*(2917*),07081-3309*,"SplitLev,"
580000,3,2.0,6688.0,0.15*,1,9999.0,Springfield Twp.*(2917*),07081-1827*,"Colonial,"
570500,3,1.1,4000.0,0.09*,1,1934.0,Springfield Twp.*(2917*),07081-3225*,"Colonial,"
635000,3,2.1,9943.0,0.23*,2,1941.0,Springfield Twp.*(2917*),07081-2914*,"Colonial,"
670000,3,1.1,11400.0,0.26*,0,1925.0,Springfield Twp.*(2917*),07081-1912*,"Colonial,"
564000,3,2.0,10018.8,0.23*,2,1926.0,Springfield Twp.*(2917*),07081-2712*,"Colonial,"
589900,2,2.0,5850.0,0.13*,1,1957.0,Springfield Twp.*(2917*),07081-2530*,"Ranch,"
610500,4,2.0,7035.0,0.16*,1,1952.0,Springfield Twp.*(2917*),07081-3411*,"SplitLev,"
645000,4,2.0,6969.6,0.16*,1,1951.0,Springfield Twp.*(2917*),07081-1601*,"CapeCod,"
662000,3,2.0,7500.0,0.17*,1,1933.0,Springfield Twp.*(2917*),07081-2712*,"Custom,"
625000,4,2.0,7800.0,0.18*,1,1948.0,Springfield Twp.*(2917*),07081-2726*,"CapeCod,"
631000,3,2.0,7405.2,0.17*,1,9999.0,Springfield Twp.*(2917*),07081-2710*,"CapeCod,"
662500,2,2.0,15246.0,0.35*,1,1950.0,Springfield Twp.*(2917*),07081-2613*,"Ranch,"
683000,3,1.1,6000.0,0.14*,1,1954.0,Springfield Twp.*(2917*),07081-3228*,"SplitLev,"
599000,4,2.0,6700.0,0.15*,1,1952.0,Springfield Twp.*(2917*),07081-3410*,"CapeCod,"
650000,2,1.1,6500.0,0.15*,1,1951.0,Springfield Twp.*(2917*),07081-3219*,"Ranch,"
620000,3,1.1,7840.8,0.18*,1,1949.0,Springfield Twp.*(2917*),07081-2503*,"SplitLev,"
590000,3,1.1,8500.0,0.20*,1,1952.0,Springfield Twp.*(2917*),07081-2608*,"Ranch,"
610000,4,2.0,7600.0,0.17*,1,1951.0,Springfield Twp.*(2917*),07081-1827*,"CapeCod,"
600000,4,3.1,10125.0,0.23*,2,1970.0,Springfield Twp.*(2917*),07081-2242*,"SplitLev,"
650000,3,1.1,5050.0,0.12*,1,1941.0,Springfield Twp.*(2917*),07081-2209*,"Colonial,"
710000,3,3.1,0.0,0.00,1,1988.0,Springfield Twp.*(2917*),07081-3545*,"TwnIntUn,MultiFlr"
620000,3,1.0,6300.0,0.14*,1,1957.0,Springfield Twp.*(2917*),07081-3227*,"SplitLev,"
675000,3,2.0,15000.0,0.34*,2,1944.0,Springfield Twp.*(2917*),07081-2208*,"CapeCod,Cottage"
750000,3,1.1,6000.0,0.14*,1,1941.0,Springfield Twp.*(2917*),07081-1604*,"Colonial,"
635000,3,1.1,4000.0,0.09*,1,1934.0,Springfield Twp.*(2917*),07081-3226*,"Colonial,"
646000,3,2.0,9147.6,0.21*,2,1952.0,Springfield Twp.*(2917*),07081-2229*,"Ranch,"
730000,4,2.1,7700.0,0.18*,1,1945.0,Springfield Twp.*(2917*),07081-1832*,"Colonial,"
600000,3,2.0,7680.0,0.18*,1,1953.0,Springfield Twp.*(2917*),07081-3304*,"SplitLev,"
732800,3,2.1,0.0,0.00,1,1988.0,Springfield Twp.*(2917*),07081*,"TwnEndUn,MultiFlr"
650000,3,2.0,6180.0,0.14*,1,1954.0,Springfield Twp.*(2917*),07081-3208*,"Ranch,"
650000,3,2.1,13068.0,0.30*,4,1957.0,Springfield Twp.*(2917*),07081-1707*,"Ranch,"
680000,3,1.1,9583.2,0.22*,1,1959.0,Springfield Twp.*(2917*),07081-2622*,"Ranch,"
610000,4,1.1,9975.0,0.23*,1,1958.0,Springfield Twp.*(2917*),07081-2406*,"SplitLev,"
690000,3,2.1,6625.0,0.15*,2,1944.0,Springfield Twp.*(2917*),07081-2513*,"CapeCod,"
649900,4,3.0,6519.0,0.15*,1,1952.0,Springfield Twp.*(2917*),07081-2513*,"CapeCod,"
700000,4,2.1,15681.6,0.36*,2,1963.0,Springfield Twp.*(2917*),07081-2506*,"CapeCod,"
730000,4,3.1,29185.2,0.67*,2,1957.0,Springfield Twp.*(2917*),07081-2741*,"Ranch,"
705000,4,2.2,6700.0,0.15*,2,1929.0,Springfield Twp.*(2917*),07081-1416*,"Colonial,"
730000,4,3.0,7638.0,0.18*,1,1951.0,Springfield Twp.*(2917*),07081-2103*,"RanchExp,CapeCod"
675000,3,2.0,7840.8,0.18*,1,1949.0,Springfield Twp.*(2917*),07081-2521*,"SplitLev,Custom"
920000,3,2.1,8750.0,0.20*,1,1885.0,Springfield Twp.*(2917*),07081-1010*,"Colonial,Victrian"
852000,3,2.0,10500.0,0.24*,2,1914.0,Springfield Twp.*(2917*),07081-1031*,"Colonial,"
710000,4,2.1,8300.0,0.19*,1,1944.0,Springfield Twp.*(2917*),07081-1905*,"Custom,"
715000,6,2.1,6750.0,0.15*,2,1962.0,Springfield Twp.*(2917*),07081-1401*,"Bi-Level,"
737000,3,2.1,5252.0,0.12*,1,2010.0,Springfield Twp.*(2917*),07081-2804*,"Colonial,"
775000,4,2.1,10000.0,0.23*,2,1957.0,Springfield Twp.*(2917*),07081-2756*,"SplitLev,"
775000,3,2.1,15246.0,0.35*,2,1954.0,Springfield Twp.*(2917*),07081-3737*,"Ranch,"
839000,4,2.1,11325.6,0.26*,2,1957.0,Springfield Twp.*(2917*),07081-2736*,"SplitLev,"
730000,3,2.2,1306.8,0.03,2,2017.0,Springfield Twp.*(2917*),07081-1766*,"TwnIntUn,MultiFlr"
727000,3,2.0,6534.0,0.15*,2,1972.0,Springfield Twp.*(2917*),07081-2233*,"Bi-Level,"
795000,4,4.0,10454.4,0.24*,0,1900.0,Springfield Twp.*(2917*),07081-1713*,"Colonial,Custom"
790000,4,2.1,12196.8,0.28*,2,1957.0,Springfield Twp.*(2917*),07081-2714*,"SplitLev,"
810000,4,2.0,6534.0,0.15*,1,1947.0,Springfield Twp.*(2917*),07081-1606*,"Custom,"
760000,4,2.1,10454.4,0.24*,1,1956.0,Springfield Twp.*(2917*),07081-2416*,"SplitLev,"
800000,5,2.1,12196.8,0.28*,1,1955.0,Springfield Twp.*(2917*),07081-2701*,"SplitLev,"
759000,4,3.0,14374.8,0.33*,2,1986.0,Springfield Twp.*(2917*),07081-3011*,"Bi-Level,"
755000,4,2.1,7500.0,0.17*,2,1940.0,Springfield Twp.*(2917*),07081-1906*,"Colonial,"
825000,4,2.1,20815.0,0.29*,1,1956.0,Springfield Twp.*(2917*),07081-1821*,"SplitLev,"
830000,4,2.0,9975.0,0.23*,1,1956.0,Springfield Twp.*(2917*),07081-2405*,"SplitLev,"
780000,4,2.1,11325.6,0.26*,2,1957.0,Springfield Twp.*(2917*),07081-2753*,"SplitLev,"
815000,4,2.1,10454.4,0.24*,2,1957.0,Springfield Twp.*(2917*),07081-2707*,"SplitLev,"
999999,3,2.1,17859.6,0.41*,1,1949.0,Springfield Twp.*(2917*),07081-2521*,"SplitLev,Custom"
825000,4,3.0,10125.0,0.23*,1,1958.0,Springfield Twp.*(2917*),07081-2302*,"SplitLev,Custom"
810000,4,3.1,9954.0,0.23*,2,1980.0,Springfield Twp.*(2917*),07081-2704*,"Custom,"
1025000,3,2.1,17700.0,0.75,2,1965.0,Springfield Twp.*(2917*),07081-3743*,"Ranch,"
820000,4,3.1,7405.2,0.17*,1,1952.0,Springfield Twp.*(2917*),07081*,"Colonial,"
875000,4,3.0,10890.0,0.25*,1,1956.0,Springfield Twp.*(2917*),07081-2316*,"SplitLev,"
860000,4,3.1,13939.2,0.32*,1,1950.0,Springfield Twp.*(2917*),07081-1704*,"Colonial,"
949000,4,3.0,23086.8,0.53*,2,1964.0,Springfield Twp.*(2917*),07081-3606*,"Bi-Level,"
950000,4,2.1,9450.0,0.22*,2,1959.0,Springfield Twp.*(2917*),07081-3001*,"SplitLev,"
850000,4,1.1,7040.0,0.15*,1,1941.0,Springfield Twp.*(2917*),07081-1008*,"Colonial,"
1163500,3,3.0,10018.8,0.23*,1,1952.0,Springfield Twp.*(2917*),07081-2810*,"Custom,"
865000,4,2.1,9583.2,0.22*,2,1957.0,Springfield Twp.*(2917*),07081-2707*,"SplitLev,"
906000,3,3.0,8276.4,0.19*,1,1956.0,Springfield Twp.*(2917*),07081-2613*,"Ranch,"
855000,4,2.1,7840.8,0.18*,2,1965.0,Springfield Twp.*(2917*),07081-2212*,"MultiFlr,"
950000,5,3.0,11761.2,0.27*,2,1971.0,Springfield Twp.*(2917*),07081-2504*,"Bi-Level,Custom"
969540,4,3.0,15000.0,0.34*,2,1956.0,Springfield Twp.*(2917*),07081-3723*,"SplitLev,"
1040000,5,4.1,22215.6,0.51*,3,1965.0,Springfield Twp.*(2917*),07081-3619*,"RanchExp,"
975000,4,2.1,9975.0,0.23*,1,1959.0,Springfield Twp.*(2917*),07081-2414*,"SplitLev,"
928000,4,2.1,8712.0,0.20*,2,9999.0,Springfield Twp.*(2917*),07081-1914*,"Custom,"
945000,3,2.1,15246.0,0.35*,2,1962.0,Springfield Twp.*(2917*),07081-3721*,"Custom,SplitLev"
999990,4,3.1,10125.0,0.23*,2,1966.0,Springfield Twp.*(2917*),07081-2242*,"SplitLev,"
989000,4,3.1,8060.0,0.18*,1,1957.0,Springfield Twp.*(2917*),07081-1822*,"Custom,"
945000,4,2.2,10033.0,0.23*,2,1980.0,Springfield Twp.*(2917*),07081-2704*,"Bi-Level,"
1000000,4,2.1,7650.0,0.18*,2,1967.0,Springfield Twp.*(2917*),07081-2204*,"Colonial,"
935000,4,3.0,8960.0,0.21*,1,2022.0,Springfield Twp.*(2917*),07081-1816*,"Colonial,"
1035150,5,4.0,12300.0,0.28*,3,1955.0,Springfield Twp.*(2917*),07081-2701*,"Custom,"
1200000,4,3.0,8820.0,0.20*,2,2007.0,Springfield Twp.*(2917*),07081-2231*,"Colonial,"
1275000,4,2.1,15681.6,0.36*,2,2014.0,Springfield Twp.*(2917*),07081-2704*,"Colonial,"
1300000,5,3.2,8712.0,0.20*,2,2025.0,Springfield Twp.*(2917*),07081-2527*,"Custom,"
1310000,5,5.1,7840.8,0.18*,2,2020.0,Springfield Twp.*(2917*),07081-2527*,"Colonial,"
1385000,5,3.1,8712.0,0.20*,2,2017.0,Springfield Twp.*(2917*),07081-3800*,"Colonial,"
1716000,4,3.1,19602.0,0.45*,3,2022.0,Springfield Twp.*(2917*),07081*,"Colonial,"
1700000,4,3.1,22215.6,0.51*,3,1966.0,Springfield Twp.*(2917*),07081-3632*,"Custom,"
401000,2,1.1,162957.96,3.74*,0,1953.0,Summit City*(2918*),07901-1533*,"OneFloor,"
310000,1,1.0,45120.0,1.04*,1,1924.0,Summit City*(2918*),07901-2817*,"OneFloor,"
405100,2,1.0,112711.0,2.59*,1,1950.0,Summit City*(2918*),07901-1501*,"TwnIntUn,MultiFlr"
450000,2,1.0,228733.56,5.25*,1,1952.0,Summit City*(2918*),07901-4716*,"MultiFlr,"
410000,2,1.0,0.0,0.00*,1,1968.0,Summit City*(2918*),07901-1129*,"FirstFlr,OneFloor"
445000,2,1.0,45120.0,1.04*,0,1924.0,Summit City*(2918*),07901-2817*,"OneFloor,"
475000,1,1.0,52020.0,1.19*,0,1982.0,Summit City*(2918*),07901-2527*,"OneFloor,"
550000,2,2.0,191125.0,4.39*,1,1949.0,Summit City*(2918*),07901-1800*,"OneFloor,"
503000,3,1.1,11325.6,0.26*,0,1900.0,Summit City*(2918*),07901-3565*,"TwnIntUn,MultiFlr"
500000,1,1.0,17200.0,0.39*,1,1981.0,Summit City*(2918*),07901-2524*,"MultiFlr,OneFloor,TwnEndUn"
551000,2,1.0,191125.0,4.39*,1,1950.0,Summit City*(2918*),07901-1800*,"TwnIntUn,MultiFlr"
535000,1,1.0,52020.0,1.19*,1,1981.0,Summit City*(2918*),07901*,"OneFloor,"
509000,2,1.0,112711.0,2.59*,1,1950.0,Summit City*(2918*),07901-1501*,"TwnIntUn,MultiFlr"
705000,2,1.0,6250.0,0.14*,1,1943.0,Summit City*(2918*),07901-1406*,"SeeRem,"
660000,2,1.1,191125.0,4.39*,1,1949.0,Summit City*(2918*),07901-1800*,"TwnIntUn,MultiFlr"
680000,4,2.0,9539.64,0.22*,2,1918.0,Summit City*(2918*),07901-3314*,"Victrian,"
596825,3,1.0,3615.48,0.08*,1,1900.0,Summit City*(2918*),07901-4002*,"CapeCod,Cottage"
595000,3,1.0,8189.28,0.19*,1,1920.0,Summit City*(2918*),07901-3941*,"CapeCod,"
650000,3,2.0,10149.48,0.23*,0,1953.0,Summit City*(2918*),07901-4057*,"Ranch,"
675000,2,2.0,45934.0,1.05*,1,1958.0,Summit City*(2918*),07901*,"HighRise,OneFloor"
710000,3,1.1,7056.72,0.16*,1,1951.0,Summit City*(2918*),07901-3826*,"Ranch,"
716000,3,1.0,9234.72,0.21*,1,1958.0,Summit City*(2918*),07901-4030*,"Ranch,"
630000,4,1.0,4965.84,0.12*,2,1932.0,Summit City*(2918*),07901-3805*,"CapeCod,"
630000,4,1.1,3223.44,0.07*,0,1890.0,Summit City*(2918*),07901-3962*,"Colonial,"
675000,2,2.0,7971.48,0.18*,1,1952.0,Summit City*(2918*),07901-3824*,"Custom,CapeCod"
722000,5,3.0,3615.48,0.08*,1,1928.0,Summit City*(2918*),07901-3345*,"Colonial,"
700000,2,2.0,97574.4,2.24*,1,1955.0,Summit City*(2918*),07901-1800*,"TwnIntUn,MultiFlr"
685000,3,2.0,7579.44,0.17*,1,1958.0,Summit City*(2918*),07901-4027*,"Ranch,"
850000,2,2.0,14374.8,0.33*,1,1940.0,Summit City*(2918*),07901-3306*,"CapeCod,"
788500,2,2.1,97574.4,2.24*,1,1950.0,Summit City*(2918*),07901-1800*,"TwnEndUn,MultiFlr"
690000,2,1.1,1481.04,0.03*,2,2024.0,Summit City*(2918*),07901-3972*,"CapeCod,"
520000,4,2.0,10497.96,0.24*,1,1953.0,Summit City*(2918*),07901-4007*,"CapeCod,"
715000,2,2.1,97574.4,2.24*,1,1955.0,Summit City*(2918*),07901-1800*,"TwnEndUn,MultiFlr"
710000,3,1.1,6000.0,0.14*,1,1949.0,Summit City*(2918*),07901-1563*,"CapeCod,"
900000,3,3.0,97574.4,2.24*,1,1955.0,Summit City*(2918*),07901-1800*,"TwnEndUn,MultiFlr"
740000,2,2.1,88426.8,2.03*,1,1981.0,Summit City*(2918*),07901-3918*,"TwnEndUn,MultiFlr"
800000,2,2.1,88426.8,2.03*,1,1981.0,Summit City*(2918*),07901*,"TwnIntUn,MultiFlr"
865000,4,2.1,5270.76,0.12*,2,1900.0,Summit City*(2918*),07901-3416*,"Colonial,"
920000,3,2.0,6750.0,0.15*,0,1923.0,Summit City*(2918*),07901-1420*,"Colonial,"
875000,3,2.1,8407.08,0.19*,2,1952.0,Summit City*(2918*),07901,"CapeCod,Custom"
900000,3,2.1,88426.8,2.03*,1,1981.0,Summit City*(2918*),07901-3918*,"TwnIntUn,MultiFlr,TwnEndUn"
1025000,4,2.1,9147.6,0.21*,1,1900.0,Summit City*(2918*),07901-3984*,"Colonial,"
840000,2,2.1,88426.8,2.03*,1,1981.0,Summit City*(2918*),07901*,"TwnEndUn,MultiFlr,TwnIntUn"
850000,3,3.1,68781.24,1.58*,1,1990.0,Summit City*(2918*),07901-4061*,"TwnEndUn,MultiFlr"
999999,3,2.2,49005.0,1.12*,2,1892.0,Summit City*(2918*),07901-1212*,"Colonial,"
851000,3,2.1,5183.64,0.12*,2,1923.0,Summit City*(2918*),07901-3987*,"Colonial,"
999900,2,2.0,10920.0,0.25*,2,1952.0,Summit City*(2918*),07901-1217*,"Ranch,"
1115000,4,2.0,6300.0,0.14*,1,1952.0,Summit City*(2918*),07901-1446*,"CapeCod,"
926000,3,2.0,10200.0,0.23*,1,1953.0,Summit City*(2918*),07901-1416*,"SplitLev,"
950000,3,1.1,22200.0,0.51*,1,1952.0,Summit City*(2918*),07901-1705*,"Colonial,"
999999,4,2.1,5662.8,0.13*,2,1922.0,Summit City*(2918*),07901-1941*,"Colonial,"
900000,3,2.1,4878.72,0.11*,1,1971.0,Summit City*(2918*),07901-3828*,"Colonial,"
875000,3,2.1,6490.44,0.15*,1,1958.0,Summit City*(2918*),07901-4218*,"SplitLev,"
820000,3,2.0,11456.28,0.26*,1,1962.0,Summit City*(2918*),07901-3808*,"Ranch,"
979000,3,2.0,19689.12,0.45*,2,1958.0,Summit City*(2918*),07901-4205*,"Ranch,"
1071000,3,1.1,6380.0,0.15*,1,1950.0,Summit City*(2918*),07901-1549*,"Colonial,"
1160000,3,2.0,7695.0,0.18*,2,1932.0,Summit City*(2918*),07901-1524*,"Tudor,"
890000,4,2.0,8500.0,0.20*,2,1898.0,Summit City*(2918*),07901-1515*,"Colonial,"
933000,3,1.1,8100.0,0.19*,1,1953.0,Summit City*(2918*),07901-1418*,"CapeCod,"
915000,4,2.1,12144.0,0.28*,2,1955.0,Summit City*(2918*),07901-4703*,"SplitLev,Colonial"
1200000,3,2.1,9000.0,0.21*,2,1956.0,Summit City*(2918*),07901*,"SplitLev,"
1120000,3,3.1,6750.0,0.16,1,1928.0,Summit City*(2918*),07901-1420*,"Colonial,"
990000,3,2.0,9000.0,0.21*,2,1954.0,Summit City*(2918*),07901-2932*,"SplitLev,"
1120000,3,2.0,9321.84,0.21*,2,1955.0,Summit City*(2918*),07901-3033*,"Ranch,"
1325000,4,2.0,19166.4,0.44*,1,1964.0,Summit City*(2918*),07901-1222*,"SplitLev,"
925000,3,1.1,17511.12,0.40*,1,1959.0,Summit City*(2918*),07901-3321*,"SplitLev,"
1266000,4,3.1,217800.0,5.00*,2,2007.0,Summit City*(2918*),07901-6700*,"TwnEndUn,MultiFlr"
1150000,3,1.1,10092.0,0.23*,1,1953.0,Summit City*(2918*),07901-1551*,"Colonial,"
1350000,4,1.1,11040.0,0.25*,2,1920.0,Summit City*(2918*),07901-2108*,"Colonial,"
1125000,3,2.2,6500.0,0.15*,1,1925.0,Summit City*(2918*),07901-1728*,"Colonial,"
1200000,4,2.0,10300.0,0.24*,1,1954.0,Summit City*(2918*),07901-1614*,"SplitLev,"
999000,2,2.1,40510.8,0.93*,1,2018.0,Summit City*(2918*),07901-3660*,"TwnIntUn,MultiFlr"
1250000,4,2.1,15594.48,0.36*,1,1959.0,Summit City*(2918*),07901-3310*,"Custom,"
999999,2,2.1,40510.8,0.93*,1,2018.0,Summit City*(2918*),07901-3660*,"MultiFlr,"
1460000,3,3.0,7492.32,0.17*,1,1925.0,Summit City*(2918*),07901-2479*,"Colonial,"
1039000,3,3.1,217800.0,5.00*,2,2007.0,Summit City*(2918*),07901-6700*,"MultiFlr,TwnIntUn"
999999,3,2.1,12066.12,0.28*,2,1961.0,Summit City*(2918*),07901-3208*,"Ranch,"
1330000,3,2.1,8712.0,0.20*,1,1995.0,Summit City*(2918*),07901-3812*,"Colonial,"
1485000,3,2.1,9975.24,0.23*,3,1935.0,Summit City*(2918*),07901-2442*,"Colonial,"
1250000,3,2.1,13939.2,0.32*,0,1912.0,Summit City*(2918*),07901-4019*,"Colonial,"
1250000,3,2.1,7492.32,0.17*,1,1921.0,Summit City*(2918*),07901-3402*,"Colonial,"
1320000,3,2.0,10715.76,0.25*,2,1960.0,Summit City*(2918*),07901-1826*,"RanchRas,"
1275000,3,3.1,217800.0,5.00*,2,2007.0,Summit City*(2918*),07901-6701*,"TwnIntUn,MultiFlr"
1305000,4,2.1,10890.0,0.25*,2,1937.0,Summit City*(2918*),07901-2914*,"Colonial,"
1225000,4,2.1,12719.52,0.29*,1,1955.0,Summit City*(2918*),07901-3215*,"CapeCod,"
1450000,4,2.1,9583.2,0.22*,1,1938.0,Summit City*(2918*),07901-1623*,"Colonial,"
1175750,4,2.2,7971.48,0.18*,2,1913.0,Summit City*(2918*),07901-3420*,"Colonial,"
1375000,4,3.0,9975.24,0.23*,1,1930.0,Summit City*(2918*),07901-3476*,"CapeCod,"
1150000,4,2.3,11282.04,0.26*,1,1918.0,Summit City*(2918*),07901-4002*,"SeeRem,Colonial,Custom"
1300000,4,1.0,14549.04,0.33*,2,1908.0,Summit City*(2918*),07901-3478*,"Colonial,"
1436135,3,2.0,10105.92,0.23*,2,1960.0,Summit City*(2918*),07901-1826*,"RanchRas,"
1800000,2,2.0,18700.0,0.43*,1,1950.0,Summit City*(2918*),07901-2322*,"CapeCod,"
1250000,4,2.1,5270.76,0.12*,2,1900.0,Summit City*(2918*),07901-3416*,"Colonial,Victrian"
1412000,4,2.0,12458.16,0.29*,2,1953.0,Summit City*(2918*),07901-3058*,"SplitLev,"
1376500,4,3.0,24500.0,0.37*,2,1960.0,Summit City*(2918*),07901-1644*,"Custom,"
1525000,4,3.1,8232.84,0.19*,1,1910.0,Summit City*(2918*),07901-4428*,"Colonial,"
1212000,2,2.0,5520.0,0.27*,2,1952.0,Summit City*(2918*),07901-1203*,"Ranch,Custom"
1650000,4,2.1,7535.88,0.17*,1,1939.0,Summit City*(2918*),07901-3248*,"Colonial,"
1275000,2,2.1,30576.0,0.70*,2,1985.0,Summit City*(2918*),07901-1818*,"TwnIntUn,MultiFlr"
1500000,4,3.1,7800.0,0.18*,1,1958.0,Summit City*(2918*),07901-1713*,"SplitLev,"
1299900,4,2.1,5749.92,0.13*,2,1910.0,Summit City*(2918*),07901-3426*,"Victrian,"
1312500,3,3.1,30576.0,0.70*,2,1984.0,Summit City*(2918*),07901-4404*,"MultiFlr,TwnEndUn"
1625000,4,2.1,21954.24,0.50*,2,1959.0,Summit City*(2918*),07901-3115*,"SplitLev,"
1625000,4,3.0,9375.0,0.21*,1,1928.0,Summit City*(2918*),07901-1447*,"Colonial,Tudor"
1320000,4,3.1,16000.0,0.37*,2,1924.0,Summit City*(2918*),07901-2180*,"Colonial,"
1699000,3,2.1,8800.0,0.20*,2,1940.0,Summit City*(2918*),07901-2029*,"Colonial,"
1625000,4,2.2,6795.36,0.16*,1,1932.0,Summit City*(2918*),07901-2466*,"Colonial,"
1561000,3,2.0,10018.8,0.23*,2,1955.0,Summit City*(2918*),07901-3029*,"SplitLev,"
1705000,4,3.1,10193.04,0.23*,2,1958.0,Summit City*(2918*),07901-2306*,"RanchExp,"
1375000,3,2.1,15333.12,0.35*,2,1958.0,Summit City*(2918*),07901-3104*,"SplitLev,"
1390000,4,5.0,9888.12,0.23*,2,1954.0,Summit City*(2918*),07901-4026*,"Custom,"
1400000,6,3.0,7020.0,0.16*,2,2004.0,Summit City*(2918*),07901-1941*,"Custom,"
1600000,5,3.1,11107.8,0.26*,2,1958.0,Summit City*(2918*),07901-3106*,"Colonial,"
1550000,4,3.1,14679.72,0.34*,2,1956.0,Summit City*(2918*),07901-3200*,"CapeCod,"
1600000,4,2.1,15376.68,0.35*,2,1956.0,Summit City*(2918*),07901-3235*,"Colonial,"
1700216,4,2.1,8276.4,0.19*,2,1977.0,Summit City*(2918*),07901-3059*,"Colonial,"
1765000,4,2.1,9815.0,0.23*,1,1938.0,Summit City*(2918*),07901-1623*,"Colonial,"
1800000,5,4.0,11250.0,0.26*,2,1961.0,Summit City*(2918*),07901-1619*,"SplitLev,Custom"
1525000,4,2.1,6141.96,0.14*,0,1900.0,Summit City*(2918*),07901-3426*,"Colonial,"
1800000,4,2.2,10200.0,0.23,2,1927.0,Summit City*(2918*),07901-1718*,"Colonial,"
1222941,3,2.2,22084.92,0.51*,2,1960.0,Summit City*(2918*),07901-3102*,"SplitLev,"
1549000,6,4.0,7448.76,0.17*,2,1950.0,Summit City*(2918*),07901-3814*,"Colonial,"
1900000,4,4.0,11610.0,0.28*,1,1953.0,Summit City*(2918*),07901-1419*,"Chalet,Custom"
1569000,4,4.0,7100.28,0.16*,1,1950.0,Summit City*(2918*),07901-4213*,"Colonial,"
1751000,4,2.1,10218.0,0.23*,2,1940.0,Summit City*(2918*),07901-2301*,"SeeRem,"
1925000,5,4.0,7492.32,0.17*,2,1918.0,Summit City*(2918*),07901-3401*,"Colonial,Custom"
2000000,5,3.1,30576.0,0.70,2,1949.0,Summit City*(2918*),07901-1234*,"Colonial,"
1800000,4,4.0,12458.16,0.29*,2,1951.0,Summit City*(2918*),07901-2437*,"RanchExp,"
2250000,4,4.2,21736.44,0.50*,2,1953.0,Summit City*(2918*),07901-3041*,"Colonial,"
1750000,4,3.1,58806.0,1.35*,2,2004.0,Summit City*(2918*),07901-1936*,"MultiFlr,TwnIntUn"
2000000,4,3.1,13720.0,0.32*,2,1955.0,Summit City*(2918*),07901-2303*,"Ranch,"
2055000,4,2.1,21000.0,0.48*,2,1922.0,Summit City*(2918*),07901-1219*,"Colonial,"
2000000,4,4.2,21736.44,0.50*,2,1924.0,Summit City*(2918*),07901-2522*,"Colonial,"
1699000,4,2.1,10138.0,0.23*,1,1940.0,Summit City*(2918*),07901-1218*,"Colonial,"
1877000,5,3.0,8363.52,0.19*,2,9999.0,Summit City*(2918*),07901-2427*,"Colonial,"
2051000,4,2.1,14549.04,0.33*,2,1957.0,Summit City*(2918*),07901-3115*,"Colonial,"
2000000,4,2.1,44431.2,1.02*,2,1921.0,Summit City*(2918*),07901-2337*,"Colonial,"
1925000,5,4.1,6240.0,0.14*,1,2025.0,Summit City*(2918*),07901-1422*,"Colonial,"
2150000,4,4.1,15333.12,0.35*,2,1959.0,Summit City*(2918*),07901-3130*,"Colonial,"
2405000,4,2.2,12420.0,0.28*,2,1949.0,Summit City*(2918*),07901-1706*,"Colonial,"
1750000,5,3.2,15561.0,0.44,1,1938.0,Summit City*(2918*),07901-2106*,"Colonial,"
1956000,5,3.1,22160.0,0.52*,4,1900.0,Summit City*(2918*),07901-2447*,"Colonial,Custom"
2175000,4,3.1,15333.12,0.35*,2,1963.0,Summit City*(2918*),07901-3045*,"Colonial,"
2400000,4,2.1,14960.0,0.34*,1,1923.0,Summit City*(2918*),07901-2108*,"Colonial,"
1775000,4,3.1,7840.8,0.18*,2,2025.0,Summit City*(2918*),07901-3822*,"SeeRem,"
2000000,5,3.2,16770.6,0.39*,2,1957.0,Summit City*(2918*),07901-3005*,"Colonial,"
2175000,4,3.1,13720.0,0.32*,2,1940.0,Summit City*(2918*),07901-1932*,"Colonial,CapeCod"
1700000,7,2.3,44320.0,1.02*,2,1890.0,Summit City*(2918*),07901-4703*,"Custom,"
1950000,5,3.1,14984.64,0.34*,2,1936.0,Summit City*(2918*),07901-3048*,"Custom,"
2050000,4,4.1,33628.32,0.77*,2,1958.0,Summit City*(2918*),07901*,"SeeRem,"
2375000,4,3.1,11250.0,0.26*,2,1930.0,Summit City*(2918*),07901-1914*,"Colonial,"
1975000,4,3.1,14850.0,0.34*,2,2006.0,Summit City*(2918*),07901-1223*,"Colonial,"
1800000,6,4.0,6660.0,0.18*,1,2025.0,Summit City*(2918*),07901-1422*,"Colonial,"
2200000,5,3.2,18000.0,0.41*,2,1934.0,Summit City*(2918*),07901-1629*,"Colonial,"
2300000,5,3.2,11064.24,0.25*,2,1940.0,Summit City*(2918*),07901-3053*,"Colonial,"
2300000,6,5.1,13939.2,0.32,2,1910.0,Summit City*(2918*),07901-3425*,"Colonial,"
1750000,6,2.1,14505.48,0.27*,2,1970.0,Summit City*(2918*),07901-3032*,"Colonial,"
2050000,4,3.1,10875.0,0.25*,2,1937.0,Summit City*(2918*),07901-1628*,"Colonial,Custom"
1960000,6,5.0,10018.8,0.23*,2,2025.0,Summit City*(2918*),07901-3321*,"Colonial,"
2300000,5,4.2,18886.0,0.39*,3,1967.0,Summit City*(2918*),07901-3104*,"Colonial,"
2255000,6,5.1,29748.0,0.68*,2,1905.0,Summit City*(2918*),07901-2322*,"Colonial,"
2500000,5,4.1,14874.0,0.55*,2,1948.0,Summit City*(2918*),07901-3721*,"Colonial,"
3000000,5,4.2,21780.0,0.50*,2,1950.0,Summit City*(2918*),07901-2312*,"Colonial,Custom"
2725000,5,3.1,9520.0,0.22*,2,1953.0,Summit City*(2918*),07901-2303*,"Colonial,"
2500000,4,4.1,15600.0,0.36*,3,2011.0,Summit City*(2918*),07901-3721*,"Colonial,"
2700000,5,3.1,26416.0,0.61*,2,1936.0,Summit City*(2918*),07901-2002*,"Colonial,"
2225000,5,3.2,16770.6,0.39*,2,1957.0,Summit City*(2918*),07901-3005*,"Colonial,"
2200000,5,4.2,12632.4,0.29*,2,1908.0,Summit City*(2918*),07901-2133*,"Colonial,"
3055000,6,5.1,15681.6,0.36*,3,2018.0,Summit City*(2918*),07901-3113*,"Colonial,Custom"
2225000,6,5.1,11205.0,0.25,2,1950.0,Summit City*(2918*),07901-1420*,"Colonial,"
2295000,6,4.1,36935.0,0.85*,2,1935.0,Summit City*(2918*),07901-1703*,"Colonial,"
2850000,5,3.1,15376.68,0.35*,2,1957.0,Summit City*(2918*),07901-3256*,"SplitLev,Colonial"
2350000,5,4.1,13965.0,0.32*,2,2024.0,Summit City*(2918*),07901-1441*,"Colonial,"
2375000,5,3.2,15600.0,0.36*,1,1924.0,Summit City*(2918*),07901-2926*,"Colonial,"
2200000,4,4.1,8712.0,0.20*,2,2024.0,Summit City*(2918*),07901-2404*,"Colonial,"
2525000,5,4.1,12196.8,0.28*,2,2017.0,Summit City*(2918*),07901-4709*,"Colonial,"
2400000,5,3.2,15246.0,0.35*,2,1959.0,Summit City*(2918*),07901-3226*,"Colonial,"
2350000,4,3.1,18200.0,0.42*,2,1914.0,Summit City*(2918*),07901-3704*,"Colonial,MultiFlr"
2500000,4,3.2,15246.0,0.35*,2,1960.0,Summit City*(2918*),07901-3235*,"Colonial,"
2500000,5,4.1,8712.0,0.20*,2,2025.0,Summit City*(2918*),07901-2404*,"Colonial,"
2800000,5,3.3,35327.16,0.81*,2,1937.0,Summit City*(2918*),07901-2408*,"Colonial,"
2800000,4,4.1,12500.0,0.29*,4,2002.0,Summit City*(2918*),07901-2919*,"Custom,"
2619000,5,3.2,15638.04,0.36*,2,1960.0,Summit City*(2918*),07901-3045*,"Colonial,"
3200000,6,3.2,17380.0,0.40*,2,1916.0,Summit City*(2918*),07901-2104*,"Colonial,"
2500000,5,4.1,23900.0,0.55*,2,1979.0,Summit City*(2918*),07901*,"Contemp,"
2835000,5,4.1,17685.36,0.41*,2,1990.0,Summit City*(2918*),07901-2470*,"Colonial,"
2700000,5,4.2,16872.0,0.39*,2,1929.0,Summit City*(2918*),07901-3721*,"Colonial,Tudor"
3150000,6,4.2,18251.64,0.42*,2,1957.0,Summit City*(2918*),07901-3258*,"Colonial,"
3325000,5,5.1,14157.0,0.33*,2,2024.0,Summit City*(2918*),07901-4307*,"Colonial,"
2880000,6,4.1,17300.0,0.40*,2,1960.0,Summit City*(2918*),07901-3701*,"Custom,"
3000000,6,6.1,15984.0,0.37*,2,2019.0,Summit City*(2918*),07901-2958*,"Colonial,"
3325000,5,4.2,12800.0,0.29*,2,1928.0,Summit City*(2918*),07901-2180*,"Colonial,"
3400000,7,5.1,15246.0,0.35*,2,1927.0,Summit City*(2918*),07901-3733*,"Colonial,"
3300000,6,5.1,19584.0,0.45*,3,2012.0,Summit City*(2918*),07901-2203*,"Colonial,"
3400000,7,6.1,17859.6,0.41*,3,2023.0,Summit City*(2918*),07901-3702*,"Custom,"
3500000,6,6.1,18730.8,0.43*,3,2024.0,Summit City*(2918*),07901-4307*,"Colonial,"
3850000,6,4.2,24393.6,0.56,2,1977.0,Summit City*(2918*),07901-3004*,"Colonial,"
3550000,5,6.3,27442.8,0.63*,3,1984.0,Summit City*(2918*),07901-2223*,"Colonial,"
3750000,6,6.2,15594.48,0.36*,2,2024.0,Summit City*(2918*),07901-3010*,"Colonial,"
3950000,6,5.2,14984.64,0.34*,2,2025.0,Summit City*(2918*),07901-3010*,"Custom,"
3750000,5,6.1,13460.04,0.31*,3,1965.0,Summit City*(2918*),07901-3006*,"Colonial,"
4650000,7,4.2,30000.0,0.69*,3,1908.0,Summit City*(2918*),07901-2955*,"Colonial,"
4350000,6,5.2,22774.0,0.52*,2,1925.0,Summit City*(2918*),07901-3709*,"Colonial,"
4500000,5,4.1,31200.0,0.72*,2,1928.0,Summit City*(2918*),07901-3705*,"Colonial,"
4530000,8,6.1,21385.0,0.66*,3,1900.0,Summit City*(2918*),07901-1935*,"Colonial,"
4800000,5,5.1,25350.0,0.58*,3,1991.0,Summit City*(2918*),07901-2930*,"Colonial,"
4600000,5,4.3,23522.4,0.54*,2,1952.0,Summit City*(2918*),07901-3705*,"Colonial,"
4500000,7,5.1,39639.6,0.91*,2,1916.0,Summit City*(2918*),07901*,"Custom,Meditter"
5350000,5,4.2,30000.0,0.69*,2,1912.0,Summit City*(2918*),07901-2827*,"Colonial,"
5300000,6,6.2,26571.6,0.61*,3,2018.0,Summit City*(2918*),07901-2212*,"Colonial,"
5500000,7,7.2,51219.0,1.18*,2,1850.0,Summit City*(2918*),07901*,"Colonial,"
5525000,7,7.1,29185.2,0.67*,3,2018.0,Summit City*(2918*),07901-3903*,"Colonial,"
